name_length,name_digits_count,name_mean_bigram_freq,name_entropy,name_contains_'bot'
15,0,1.2727272727272727,3.2402239289418513,0
12,0,1.0,3.4182958340544896,0
8,0,1.1666666666666667,2.5,0
13,1,1.0,3.7004397181410926,0
13,0,1.0,3.0269868333592873,0
14,0,1.0,2.610577243331642,0
7,0,1.0,2.5216406363433186,0
10,0,1.2857142857142858,2.2464393446710154,0
13,0,1.0,3.0269868333592873,0
8,0,1.0,2.4056390622295662,0
15,0,1.0,3.373557262275185,0
13,0,1.0,2.8073904508767225,0
12,0,1.0,3.2516291673878226,0
10,0,1.0,2.9219280948873623,0
7,1,1.0,2.807354922057604,0
7,0,1.0,2.5216406363433186,0
12,0,1.0,3.2516291673878226,0
11,0,1.0,2.7321588913645707,0
10,0,1.0,3.321928094887362,0
11,0,1.1111111111111112,2.9139770731827523,0
13,0,1.0,2.9312089489103235,0
10,0,1.0,3.321928094887362,0
8,2,1.0,2.75,0
10,4,1.0,2.9219280948873623,0
15,0,1.0769230769230769,3.1395722619867223,0
8,0,1.0,2.25,0
11,0,1.0,3.095795255000934,0
13,0,1.0,3.238901256602631,0
15,1,1.0,3.189898095464287,0
3,0,1.0,1.584962500721156,0
14,0,1.0,3.6644977792004623,0
13,0,1.0,3.546593564294939,0
6,0,1.0,2.251629167387823,0
10,3,1.0,3.1219280948873624,0
13,0,1.0909090909090908,3.085055102756477,0
15,3,1.0769230769230769,3.0565647621309533,0
12,0,1.0,3.2516291673878226,1
13,1,1.0,3.5465935642949384,0
11,2,1.1111111111111112,2.845350936622437,0
10,0,1.0,2.7219280948873625,0
12,0,1.0,3.418295834054489,0
9,3,1.0,3.169925001442312,0
15,3,1.0769230769230769,3.139572261986723,0
8,0,1.0,2.1556390622295662,0
7,0,1.0,2.5216406363433186,0
15,0,1.5555555555555556,2.599581230646064,1
4,0,1.0,2.0,0
12,0,1.1,2.625814583693911,0
7,0,1.0,2.807354922057604,0
9,0,1.0,3.169925001442312,0
10,0,1.0,2.8464393446710154,0
13,0,1.0909090909090908,2.9312089489103235,0
11,0,1.1111111111111112,3.095795255000934,0
8,3,1.1666666666666667,2.1556390622295662,0
5,1,1.0,2.321928094887362,0
8,1,1.0,2.75,0
4,0,1.0,2.0,0
14,0,1.0,3.378783493486176,0
11,0,1.0,3.095795255000934,0
5,0,1.0,1.5219280948873621,0
13,0,1.3333333333333333,2.7192945256669794,0
6,0,1.0,2.584962500721156,0
9,0,1.0,3.169925001442312,0
15,0,1.0769230769230769,3.056564762130954,0
10,3,1.0,3.121928094887362,0
11,0,1.1111111111111112,2.481714572986073,0
9,0,1.0,2.94770277922009,0
12,0,1.1,3.084962500721156,0
10,0,1.0,2.921928094887362,0
11,2,1.0,2.845350936622437,0
7,4,1.0,2.521640636343318,0
11,0,1.0,3.277613436819116,0
15,0,1.0769230769230769,3.189898095464287,0
8,0,1.0,2.75,0
15,0,1.0,3.5068905956085183,0
9,0,1.0,2.94770277922009,0
8,2,1.0,2.75,0
9,0,1.0,3.169925001442312,0
15,0,1.0769230769230769,3.1068905956085184,0
15,0,1.0,3.3735572622751846,0
14,2,1.0,3.3248629576173565,0
10,0,1.0,3.321928094887362,0
15,0,1.0769230769230769,3.3232314287976203,0
6,4,1.0,2.584962500721156,0
11,0,1.0,3.0957952550009344,0
9,5,1.0,2.94770277922009,0
9,0,1.3333333333333333,2.5032583347756456,0
10,0,1.0,2.6464393446710153,0
10,0,1.125,2.9219280948873623,0
10,0,1.0,2.9219280948873623,0
14,0,1.0,3.182005814760214,0
10,0,1.0,3.121928094887362,0
13,0,1.0,3.3927474104487847,0
14,0,1.0,3.182005814760214,0
10,2,1.0,3.121928094887362,0
15,0,1.0,3.5068905956085183,0
6,0,1.0,2.251629167387823,0
12,1,1.0,3.418295834054489,0
9,3,1.0,2.9477027792200903,0
9,0,1.0,3.169925001442312,0
13,0,1.0909090909090908,3.0269868333592873,0
8,2,1.0,3.0,0
8,0,1.0,2.75,0
13,0,1.0,3.3927474104487847,0
15,0,1.0769230769230769,3.32323142879762,0
14,0,1.0833333333333333,3.2359263506290334,0
12,0,1.1,3.0849625007211556,0
11,0,1.0,2.9139770731827523,0
7,0,1.0,2.1280852788913944,0
10,0,1.125,2.5219280948873624,0
7,0,1.0,2.2359263506290326,0
11,0,1.0,3.0957952550009344,0
15,0,1.0,3.2729055953200556,0
10,0,1.0,3.1219280948873624,0
14,0,1.0,3.09306920777189,0
9,0,1.0,2.94770277922009,0
12,9,1.0,3.0220552088742005,0
8,0,1.0,2.75,0
13,0,1.2,3.0850551027564768,0
9,3,1.0,3.169925001442312,0
10,0,1.0,3.121928094887362,0
12,0,1.1,3.2516291673878226,0
10,0,1.0,3.121928094887362,0
6,0,1.0,2.584962500721156,0
11,0,1.0,2.845350936622437,0
11,0,1.0,3.0957952550009344,0
10,0,1.0,3.121928094887362,0
12,0,1.0,3.2516291673878226,0
12,2,1.0,3.418295834054489,0
8,0,1.0,2.5,0
11,0,1.0,3.095795255000934,0
15,1,1.0,3.32323142879762,0
12,0,1.0,3.2516291673878226,0
6,0,1.0,2.2516291673878226,0
11,0,1.0,3.095795255000934,0
10,0,1.0,3.121928094887362,0
13,0,1.0,3.5465935642949384,0
10,3,1.0,3.121928094887362,0
7,0,1.0,2.521640636343318,0
13,0,1.0,3.085055102756477,0
11,0,1.0,2.59490661824394,0
10,0,1.125,2.6464393446710153,0
8,2,1.0,2.75,0
13,0,1.0,3.0269868333592873,0
13,0,1.2,2.931208948910323,0
13,0,1.0909090909090908,3.0269868333592873,0
15,1,1.0,3.2402239289418517,0
6,2,1.0,1.9182958340544893,0
11,0,1.0,3.277613436819116,0
10,0,1.0,3.1219280948873624,0
11,0,1.1111111111111112,2.663532754804255,0
13,4,1.0,3.5465935642949384,0
10,0,1.0,2.9219280948873623,0
11,0,1.0,3.2776134368191165,0
6,0,1.0,2.584962500721156,0
5,0,1.0,2.321928094887362,0
10,0,1.0,3.121928094887362,0
9,1,1.0,2.725480556997868,0
14,3,1.0,3.521640636343319,0
11,0,1.0,2.663532754804255,0
12,0,1.0,3.2516291673878226,1
15,2,1.0,3.323231428797621,0
13,0,1.0,3.3927474104487847,0
8,1,1.0,2.5,0
12,0,1.0,2.8553885422075336,0
12,2,1.1,3.188721875540867,0
8,0,1.1666666666666667,2.5,0
15,0,1.0,3.3232314287976203,0
14,0,1.0,3.52164063634332,0
15,0,1.0,3.0062389286533895,0
8,2,1.0,2.5,0
9,0,1.0,2.197159723424149,0
8,0,1.0,2.75,0
15,0,1.0769230769230769,3.139572261986723,0
12,0,1.0,3.2516291673878226,0
9,0,1.0,2.94770277922009,0
11,0,1.0,2.9139770731827523,0
10,1,1.2857142857142858,2.721928094887362,0
9,4,1.0,2.725480556997868,0
14,0,1.0833333333333333,3.3248629576173574,0
15,0,1.0,3.3232314287976203,0
7,0,1.0,2.807354922057604,0
14,0,1.0833333333333333,3.378783493486176,0
9,0,1.0,2.6416041678685933,0
14,0,1.1818181818181819,2.495602923729013,0
12,0,1.0,3.418295834054489,0
12,0,1.0,3.2516291673878226,0
14,0,1.0,3.039148671903071,0
15,0,1.0769230769230769,3.32323142879762,0
15,0,1.0,3.189898095464287,0
14,0,1.0,3.182005814760214,0
5,1,1.0,1.9219280948873623,0
15,3,1.0,3.6402239289418516,0
9,0,1.0,2.94770277922009,0
14,0,1.0833333333333333,3.09306920777189,0
14,0,1.0,3.182005814760214,0
15,2,1.0,3.5898980954642865,0
7,0,1.0,2.807354922057604,0
9,0,1.0,3.169925001442312,0
12,0,1.0,3.2516291673878226,0
14,0,1.1818181818181819,2.9852281360342525,0
12,0,1.0,3.4182958340544896,0
5,2,1.0,2.321928094887362,0
8,0,1.0,3.0,0
15,2,1.0,3.373557262275185,0
11,0,1.0,2.845350936622437,0
11,4,1.0,2.9139770731827523,0
15,0,1.0,3.373557262275185,0
11,0,1.0,3.277613436819116,0
4,0,1.0,2.0,0
13,0,1.0,3.238901256602631,0
14,0,1.0,3.3248629576173574,0
14,2,1.0,3.182005814760214,0
14,0,1.0,3.521640636343319,0
12,0,1.1,2.751629167387823,0
8,0,1.0,3.0,0
13,0,1.0,3.3927474104487847,0
8,0,1.0,2.75,0
11,2,1.0,2.9139770731827523,0
11,0,1.0,2.913977073182752,0
3,1,1.0,1.584962500721156,0
14,0,1.0,3.4677201004745006,0
9,0,1.0,2.725480556997868,0
13,0,1.0909090909090908,2.8150724101159437,0
15,0,1.0,3.640223928941851,0
10,4,1.0,3.321928094887362,0
11,0,1.0,2.9139770731827523,0
13,0,1.0,3.0269868333592873,0
10,0,1.0,2.4464393446710155,0
15,0,1.0769230769230769,3.3232314287976203,0
9,0,1.0,3.169925001442312,0
9,0,1.0,3.169925001442312,0
7,0,1.0,2.5216406363433186,0
12,2,1.0,3.418295834054489,0
14,0,1.0,3.521640636343319,0
8,0,1.0,2.75,0
10,3,1.0,2.9219280948873623,0
13,0,1.0,3.0269868333592873,0
10,0,1.0,2.721928094887362,0
6,0,1.0,2.584962500721156,0
12,0,1.0,2.9182958340544896,0
15,8,1.0,3.506890595608519,0
14,0,1.0,3.3248629576173574,0
15,0,1.0769230769230769,3.2729055953200556,0
8,0,1.0,3.0,0
13,0,1.0,3.3927474104487847,0
6,0,1.0,2.2516291673878226,0
10,0,1.0,3.121928094887362,0
14,0,1.0,3.378783493486176,0
14,0,1.0,3.4677201004745006,0
7,4,1.0,2.807354922057604,0
9,2,1.0,2.94770277922009,0
11,0,1.0,3.277613436819116,0
11,2,1.0,3.2776134368191165,0
9,0,1.0,3.169925001442312,0
9,0,1.0,2.5032583347756456,0
13,0,1.0,3.180832987205441,0
9,0,1.0,2.4193819456463714,0
12,0,1.0,3.418295834054489,0
12,0,1.0,3.418295834054489,0
15,0,1.0769230769230769,3.1898980954642875,0
15,0,1.0,3.456564762130954,0
6,1,1.0,2.584962500721156,0
6,0,1.0,2.584962500721156,0
8,0,1.0,2.75,0
7,0,1.0,2.807354922057604,0
10,0,1.0,2.7219280948873625,0
9,0,1.0,2.94770277922009,0
15,0,1.0,3.373557262275185,0
13,0,1.0,3.3927474104487847,0
9,0,1.1428571428571428,2.725480556997868,0
10,0,1.0,2.9219280948873623,0
6,0,1.0,2.584962500721156,0
13,0,1.0,3.5465935642949384,0
13,0,1.0,3.085055102756477,0
11,0,1.0,2.845350936622437,0
10,0,1.0,3.121928094887362,0
6,1,1.0,2.584962500721156,0
14,0,1.0,3.2359263506290334,0
7,0,1.0,2.2359263506290326,0
8,0,1.0,3.0,0
12,0,1.0,3.584962500721156,0
15,0,1.0,3.773557262275185,0
13,0,1.0,3.3927474104487847,0
10,0,1.0,2.9219280948873623,0
14,0,1.0,3.3787834934861767,0
14,0,1.0,3.521640636343319,0
12,0,1.1,2.355388542207534,0
13,0,1.0,3.3927474104487847,0
12,0,1.0,2.8553885422075336,0
13,0,1.0,3.238901256602631,0
11,0,1.0,3.277613436819116,0
13,0,1.0909090909090908,2.623516641218015,0
9,0,1.0,2.94770277922009,0
7,0,1.0,2.2359263506290326,0
15,1,1.0,3.3232314287976203,0
11,1,1.0,3.277613436819116,0
8,0,1.1666666666666667,1.75,0
15,0,1.0,3.32323142879762,0
11,1,1.0,2.9139770731827523,0
7,0,1.0,2.807354922057604,0
13,0,1.0,3.334679141051595,0
12,0,1.0,3.2516291673878226,0
13,0,1.0,3.3927474104487847,0
11,0,1.1111111111111112,3.027169118440619,0
10,0,1.0,2.9219280948873623,0
14,4,1.0,3.182005814760214,0
14,4,1.0,3.6644977792004623,0
13,0,1.0,3.3927474104487847,0
11,0,1.0,3.277613436819116,0
13,0,1.0,3.3927474104487847,0
11,4,1.0,3.0957952550009344,0
15,0,1.0,3.2402239289418517,0
14,0,1.0,3.521640636343319,0
14,0,1.0,3.09306920777189,0
15,0,1.1666666666666667,2.9232314287976204,0
14,0,1.0,3.2359263506290326,0
14,0,1.0,3.3787834934861767,0
15,0,1.0,3.1395722619867223,0
12,0,1.0,3.418295834054489,0
11,0,1.1111111111111112,2.59490661824394,0
3,0,1.0,1.584962500721156,0
9,0,1.0,2.5032583347756456,0
15,0,1.0,3.506890595608518,0
13,0,1.0,3.3927474104487847,0
12,0,1.0,2.688721875540867,0
13,0,1.0,3.180832987205441,0
13,0,1.0,3.238901256602631,0
9,3,1.0,2.94770277922009,0
11,0,1.0,2.845350936622437,0
11,4,1.0,3.277613436819116,0
13,0,1.0909090909090908,3.0850551027564768,0
11,0,1.0,2.913977073182752,0
15,0,1.0769230769230769,3.2729055953200556,0
15,0,1.0,3.3232314287976203,0
14,0,1.0,3.378783493486176,0
12,0,1.0,3.084962500721156,0
11,0,1.0,2.663532754804255,0
14,0,1.0,3.378783493486176,0
9,0,1.0,2.94770277922009,0
10,0,1.125,2.446439344671015,0
7,0,1.0,2.807354922057604,0
10,0,1.0,2.6464393446710157,0
11,0,1.0,3.2776134368191165,0
14,0,1.0833333333333333,3.039148671903071,0
9,0,1.3333333333333333,2.2810361125534233,0
14,0,1.0,3.521640636343319,0
11,0,1.0,3.095795255000934,0
10,0,1.0,2.9219280948873623,0
10,0,1.0,3.121928094887362,0
15,0,1.0,3.2402239289418517,0
10,0,1.0,2.6464393446710153,0
8,0,1.0,2.5,0
12,3,1.0,3.2516291673878226,0
6,0,1.0,2.584962500721156,0
13,0,1.0,3.180832987205441,0
8,0,1.0,2.75,0
10,3,1.0,2.9219280948873623,0
12,0,1.0,3.0220552088742005,0
14,0,1.0833333333333333,2.8073549220576046,0
9,3,1.0,3.169925001442312,0
10,0,1.0,2.9219280948873623,0
11,0,1.0,3.095795255000934,0
8,0,1.1666666666666667,2.5,0
14,0,1.0833333333333333,3.039148671903071,0
5,0,1.0,2.321928094887362,0
12,0,1.0,3.4182958340544896,1
11,4,1.0,3.277613436819116,0
13,0,1.0,3.3927474104487847,0
10,4,1.0,3.1219280948873624,0
9,0,1.1428571428571428,2.6416041678685933,0
14,0,1.0,3.182005814760214,0
9,0,1.0,2.6416041678685933,0
6,0,1.0,2.2516291673878226,0
8,0,1.0,2.1556390622295662,0
8,0,1.0,2.75,0
11,2,1.0,2.9139770731827523,0
15,0,1.0,3.640223928941851,0
15,2,1.0,3.506890595608518,0
13,0,1.0909090909090908,3.085055102756477,0
3,0,1.0,1.584962500721156,0
12,0,1.1,2.3553885422075336,0
12,0,1.5714285714285714,2.5220552088742,0
12,0,1.1,3.2516291673878226,0
11,0,1.0,3.0957952550009344,0
15,2,1.4,3.2402239289418513,0
14,0,1.0,3.8073549220576055,0
12,0,1.1,2.625814583693911,0
10,3,1.0,3.1219280948873624,0
11,3,1.1111111111111112,2.663532754804255,0
9,4,1.0,2.94770277922009,0
10,0,1.0,3.321928094887362,0
14,0,1.0,3.182005814760214,0
15,0,1.0,3.373557262275185,0
7,2,1.0,2.807354922057604,0
15,0,1.0769230769230769,3.506890595608518,0
15,0,1.0,3.456564762130954,0
8,0,1.1666666666666667,2.25,0
10,0,1.0,3.121928094887362,0
9,0,1.0,2.94770277922009,0
11,0,1.0,3.277613436819116,0
15,0,1.0769230769230769,3.506890595608519,0
12,0,1.0,3.2516291673878226,0
13,0,1.0909090909090908,3.0269868333592873,0
9,0,1.0,2.94770277922009,0
7,0,1.0,2.521640636343318,0
13,1,1.0,3.5465935642949384,0
8,0,1.0,2.75,1
11,0,1.0,3.277613436819116,0
14,2,1.0,3.521640636343319,0
15,0,1.0769230769230769,3.1068905956085184,0
13,0,1.0,3.238901256602631,0
14,1,1.0833333333333333,3.521640636343319,0
15,0,1.0769230769230769,3.006238928653389,0
12,1,1.0,3.188721875540867,0
12,0,1.0,3.2516291673878226,0
6,0,1.0,2.584962500721156,0
14,2,1.0,3.8073549220576055,0
7,0,1.0,2.807354922057604,0
15,0,1.0,3.4565647621309536,0
8,0,1.0,2.4056390622295662,0
11,2,1.1111111111111112,3.095795255000934,0
12,0,1.1,3.0220552088742,0
9,2,1.0,2.94770277922009,0
12,0,1.0,3.2516291673878226,0
13,0,1.0,2.71929452566698,0
13,0,1.0,3.0269868333592873,0
11,0,1.0,2.8453509366224368,0
7,3,1.0,2.807354922057604,0
5,0,1.0,2.321928094887362,0
11,1,1.0,3.2776134368191165,0
11,1,1.0,3.459431618637298,0
8,1,1.0,3.0,0
13,0,1.0,3.180832987205441,0
7,0,1.0,2.1280852788913944,0
10,3,1.0,2.9219280948873623,0
14,0,1.0833333333333333,2.7534343861887853,0
12,2,1.0,3.2516291673878226,0
12,0,1.0,3.2516291673878226,0
13,0,1.0,3.0269868333592873,0
10,0,1.0,2.9219280948873623,0
10,0,1.0,2.921928094887362,0
15,0,1.1666666666666667,3.506890595608518,0
12,0,1.0,3.084962500721156,0
11,0,1.0,3.277613436819116,0
8,2,1.0,3.0,0
12,4,1.0,3.4182958340544896,0
4,0,1.0,1.5,0
15,0,1.0,3.1898980954642875,0
6,0,1.0,2.584962500721156,0
10,0,1.0,2.721928094887362,0
10,0,1.0,3.321928094887362,0
11,0,1.0,2.663532754804255,0
8,0,1.0,3.0,0
14,0,1.0,3.521640636343319,0
10,0,1.0,2.6464393446710153,0
14,1,1.0833333333333333,3.039148671903071,0
12,0,1.1,2.918295834054489,0
15,0,1.0,3.1898980954642875,0
9,0,1.0,2.725480556997868,0
11,0,1.0,3.277613436819116,0
8,0,1.0,3.0,0
10,0,1.0,2.721928094887362,0
15,2,1.0,3.906890595608518,0
11,0,1.0,3.0957952550009344,0
8,2,1.0,2.4056390622295662,0
10,0,1.0,2.9219280948873623,0
10,0,1.0,2.9219280948873623,0
11,0,1.0,3.2776134368191165,0
11,0,1.1111111111111112,2.663532754804255,0
15,0,1.0,3.323231428797621,0
10,0,1.2857142857142858,2.321928094887362,0
11,0,1.0,3.095795255000934,0
10,0,1.0,2.9219280948873623,0
15,0,1.0,3.640223928941851,0
13,0,1.0,3.546593564294939,0
6,0,1.0,2.251629167387823,0
6,0,1.0,2.584962500721156,0
14,0,1.0,3.039148671903071,0
14,0,1.0,3.521640636343319,0
10,0,1.0,3.321928094887362,0
10,0,1.0,2.9219280948873623,0
11,0,1.0,3.095795255000934,0
6,0,1.0,2.584962500721156,0
13,0,1.0,3.3927474104487847,0
15,0,1.0,3.773557262275185,0
9,0,1.0,2.5032583347756456,0
9,0,1.0,3.169925001442312,0
11,0,1.6666666666666667,2.186704345910025,0
13,0,1.0909090909090908,3.238901256602631,0
12,0,1.1,2.8553885422075336,0
12,0,1.1,2.918295834054489,0
9,0,1.0,2.94770277922009,0
6,2,1.0,2.584962500721156,0
12,0,1.0,3.418295834054489,0
15,2,1.0,3.6402239289418516,0
13,0,1.0,3.3927474104487847,0
12,0,1.0,3.084962500721156,0
11,0,1.0,3.095795255000934,0
7,0,1.0,2.807354922057604,0
9,0,1.0,2.725480556997868,0
10,0,1.0,3.121928094887362,0
14,0,1.0,3.378783493486176,0
8,0,1.1666666666666667,2.1556390622295662,0
13,0,1.0,3.0269868333592873,0
10,0,1.0,2.7219280948873625,0
12,0,1.1,3.0220552088742005,0
10,0,1.0,2.7219280948873625,0
14,0,1.0,3.3248629576173574,0
13,0,1.0,3.180832987205441,0
11,0,1.25,2.3685225277282065,0
9,0,1.0,2.94770277922009,0
10,0,1.2857142857142858,2.3219280948873626,0
14,0,1.0,3.182005814760214,0
10,0,1.0,3.1219280948873624,0
11,0,1.0,2.9139770731827523,0
12,0,1.1,3.0220552088742,0
6,2,1.25,1.9182958340544893,0
12,0,1.0,3.2516291673878226,0
11,0,1.0,3.0957952550009344,0
9,0,1.0,2.725480556997868,0
12,0,1.0,2.918295834054489,0
11,0,1.1111111111111112,2.481714572986073,0
9,0,1.0,2.94770277922009,0
13,0,1.0909090909090908,2.9689185639620974,0
12,0,1.0,3.418295834054489,0
8,0,1.0,3.0,0
13,0,1.0,3.3927474104487847,0
12,0,1.0,2.9182958340544896,0
9,0,1.3333333333333333,2.5032583347756456,0
13,1,1.0,3.3927474104487847,0
10,0,1.0,2.6464393446710153,0
10,0,1.0,2.9219280948873623,0
11,0,1.0,3.459431618637298,0
13,0,1.0,3.0269868333592873,0
12,0,1.0,3.084962500721156,0
10,0,1.0,3.121928094887362,0
11,0,1.0,2.913977073182752,0
7,0,1.0,2.5216406363433186,0
14,0,1.0,3.378783493486176,0
8,0,1.0,3.0,0
14,0,1.0,2.807354922057604,0
12,0,1.0,3.188721875540867,0
15,2,1.0,3.640223928941852,0
9,0,1.0,3.169925001442312,0
12,0,1.0,3.4182958340544896,0
14,0,1.0,3.2359263506290334,0
11,0,1.0,3.0957952550009344,0
11,11,1.1111111111111112,2.481714572986073,0
10,0,1.0,3.121928094887362,0
10,0,1.0,3.121928094887362,0
13,0,1.0909090909090908,2.9312089489103235,0
11,0,1.0,3.277613436819116,0
11,2,1.0,3.277613436819116,0
13,0,1.0,3.238901256602631,0
8,0,1.0,2.1556390622295662,0
15,2,1.0,3.506890595608518,0
13,4,1.0,3.085055102756477,0
14,4,1.0,3.2359263506290334,0
9,0,1.0,3.169925001442312,0
13,0,1.0,3.334679141051595,0
10,0,1.125,2.721928094887362,0
12,0,1.0,3.2516291673878226,0
8,1,1.0,2.5,0
10,0,1.0,3.121928094887362,0
14,0,1.0,3.3248629576173574,0
14,0,1.0833333333333333,3.378783493486176,0
8,0,1.0,3.0,0
8,2,1.0,2.75,0
13,0,1.0,3.180832987205441,0
13,0,1.0,2.8731406795131336,0
12,0,1.0,3.084962500721156,0
14,8,1.0,3.6644977792004623,0
12,0,1.1,3.0220552088742,0
15,0,1.0,3.323231428797621,0
15,1,1.0,3.640223928941851,0
8,1,1.0,3.0,0
11,0,1.0,2.845350936622437,0
12,0,1.0,3.2516291673878226,0
14,0,1.0,3.521640636343319,0
15,0,1.0769230769230769,2.973557262275185,0
14,0,1.0833333333333333,3.2359263506290334,0
11,0,1.1111111111111112,2.8453509366224368,0
13,0,1.0,3.3927474104487847,0
12,0,1.1,3.0849625007211556,0
11,0,1.0,3.095795255000934,0
14,0,1.0833333333333333,2.9852281360342525,0
14,0,1.0,2.8423709931771093,0
15,0,1.1666666666666667,2.789898095464287,0
6,0,1.0,2.584962500721156,0
15,0,1.0,3.1898980954642875,0
6,0,1.0,1.9182958340544896,0
15,2,1.0,3.6402239289418516,0
13,6,1.0,3.238901256602631,0
15,0,1.0,3.773557262275185,0
13,0,1.0,3.180832987205441,1
10,1,1.0,2.9219280948873623,0
8,0,1.0,3.0,0
6,0,1.0,2.251629167387823,0
9,0,1.0,3.169925001442312,0
14,2,1.0,3.3787834934861767,0
9,0,1.1428571428571428,2.4193819456463714,0
10,0,1.0,2.9219280948873623,0
9,0,1.0,3.169925001442312,0
11,0,1.0,2.663532754804255,0
13,0,1.0909090909090908,2.8731406795131336,0
11,0,1.0,3.0957952550009344,0
9,0,1.0,2.725480556997868,0
9,0,1.0,2.94770277922009,0
13,0,1.0,3.334679141051595,0
15,0,1.0,3.373557262275185,0
15,0,1.0,3.506890595608519,0
8,0,1.0,2.75,0
11,2,1.1111111111111112,2.5503407095463886,0
13,0,1.0,3.238901256602631,0
7,0,1.0,2.807354922057604,0
14,0,1.0,3.039148671903072,0
11,0,1.0,2.9139770731827523,0
11,1,1.0,3.459431618637298,0
15,1,1.0,3.2402239289418517,0
12,0,1.0,3.0220552088742,0
13,0,1.0,3.180832987205441,0
12,0,1.0,3.584962500721156,0
8,0,1.0,2.75,0
14,0,1.0,3.3248629576173574,0
6,0,1.0,2.584962500721156,0
14,6,1.3,2.9852281360342507,0
13,0,1.0,3.3927474104487847,0
6,0,1.0,2.2516291673878226,0
11,2,1.0,3.095795255000934,0
9,1,1.0,2.725480556997868,0
10,0,1.0,3.321928094887362,0
9,0,1.0,2.725480556997868,0
10,0,1.0,3.121928094887362,0
13,0,1.0909090909090908,3.0269868333592873,0
9,0,1.0,2.94770277922009,0
10,4,1.125,2.7219280948873625,0
7,0,1.0,2.5216406363433186,0
10,0,1.0,2.6464393446710153,0
9,0,1.0,2.94770277922009,0
7,0,1.0,2.1280852788913944,0
15,0,1.0769230769230769,3.056564762130954,0
13,2,1.0,3.3927474104487847,0
15,1,1.0769230769230769,3.32323142879762,0
9,0,1.0,2.725480556997868,0
13,0,1.0,3.334679141051595,0
11,0,1.0,2.9139770731827523,0
9,0,1.0,3.169925001442312,0
9,1,1.0,3.169925001442312,0
8,0,1.0,2.1556390622295662,0
10,0,1.0,3.121928094887362,0
7,0,1.0,2.5216406363433186,0
12,0,1.0,2.7516291673878226,0
12,0,1.1,2.584962500721156,1
13,0,1.0,3.238901256602631,0
13,0,1.0909090909090908,3.0269868333592873,0
11,0,1.0,2.913977073182752,0
10,0,1.0,3.121928094887362,0
12,0,1.0,3.2516291673878226,1
15,0,1.0,3.5068905956085183,0
8,0,1.0,2.75,0
9,0,1.0,3.169925001442312,0
10,2,1.0,3.121928094887362,0
13,0,1.0,3.238901256602631,0
13,0,1.0,3.3927474104487847,0
15,0,1.0,3.506890595608518,0
7,0,1.0,2.5216406363433186,0
14,0,1.0,3.378783493486176,0
12,0,1.0,2.9182958340544896,0
9,0,1.0,3.169925001442312,0
8,4,1.0,2.5,0
15,0,1.0,3.5068905956085183,0
12,0,1.0,3.418295834054489,0
11,0,1.0,3.277613436819116,0
9,0,1.0,2.94770277922009,0
12,0,1.0,3.2516291673878226,0
8,3,1.0,2.75,0
8,0,1.0,2.75,0
10,0,1.125,2.6464393446710157,0
11,3,1.0,3.277613436819116,0
12,1,1.0,3.2516291673878226,0
10,0,1.0,2.446439344671015,0
11,2,1.0,3.277613436819116,0
13,0,1.0,3.5465935642949384,0
15,2,1.0769230769230769,3.2402239289418517,0
11,0,1.0,2.59490661824394,0
14,0,1.0,3.3787834934861767,1
14,9,1.0,3.182005814760214,0
10,0,1.0,2.6464393446710153,0
15,0,1.0,2.606238928653389,0
12,0,1.2222222222222223,2.584962500721156,0
13,1,1.0,3.0269868333592873,0
10,0,1.0,3.1219280948873624,0
7,1,1.0,2.807354922057604,0
13,0,1.0,3.5465935642949384,0
10,0,1.0,3.121928094887362,0
9,0,1.0,2.94770277922009,0
8,0,1.0,3.0,0
15,0,1.0,3.189898095464287,0
8,0,1.0,2.4056390622295662,0
10,0,1.0,2.9219280948873623,0
12,0,1.1,2.751629167387823,0
9,0,1.0,2.725480556997868,0
8,0,1.0,2.75,0
10,0,1.0,3.121928094887362,0
14,0,1.0,3.6644977792004623,0
15,0,1.0,3.4565647621309536,0
15,2,1.0,3.506890595608518,0
12,0,1.1,2.688721875540867,0
15,0,1.0769230769230769,3.3232314287976203,0
10,0,1.125,2.721928094887362,0
7,0,1.0,2.5216406363433186,0
15,2,1.0,3.906890595608518,0
13,2,1.0,3.5465935642949384,0
10,0,1.0,3.121928094887362,0
12,0,1.1,3.2516291673878226,0
12,1,1.0,3.2516291673878226,0
15,0,1.0,3.2402239289418517,0
13,0,1.0,3.3927474104487847,0
3,0,1.0,1.584962500721156,0
15,0,1.0,3.240223928941852,0
10,0,1.0,2.6464393446710153,0
14,0,1.0,3.3248629576173574,0
13,0,1.0,3.3927474104487847,0
12,2,1.0,2.9182958340544896,0
12,4,1.0,2.9182958340544896,0
11,0,1.0,3.2776134368191165,0
12,2,1.1,2.688721875540867,0
14,0,1.0,3.3248629576173565,0
5,0,1.0,2.321928094887362,0
5,2,1.0,1.9219280948873623,0
13,2,1.0,3.7004397181410926,0
10,0,1.0,2.9219280948873623,0
11,0,1.0,3.095795255000934,0
15,1,1.0,3.640223928941851,0
13,0,1.0,3.180832987205441,0
10,0,1.0,2.9219280948873623,0
8,1,1.0,3.0,0
14,0,1.0,3.521640636343319,0
13,0,1.0909090909090908,3.0269868333592873,0
14,0,1.0,3.2359263506290334,0
12,0,1.0,3.418295834054489,0
9,0,1.0,3.169925001442312,0
14,0,1.4444444444444444,2.950212064914747,0
15,0,1.0769230769230769,3.4565647621309536,0
6,0,1.0,2.584962500721156,0
7,4,1.0,2.521640636343318,0
5,0,1.0,2.321928094887362,0
7,0,1.0,2.807354922057604,0
15,0,1.0,3.640223928941851,0
12,4,1.1,3.084962500721156,0
15,0,1.0,3.3232314287976203,0
10,0,1.0,2.6464393446710153,0
12,1,1.0,2.8553885422075336,0
15,0,1.0,3.323231428797621,0
11,0,1.0,3.277613436819116,0
14,0,1.0,3.182005814760214,0
10,0,1.0,3.321928094887362,0
9,0,1.0,2.4193819456463714,0
10,0,1.0,3.121928094887362,0
11,0,1.0,3.277613436819116,0
9,0,1.1428571428571428,2.4193819456463714,0
13,0,1.0,3.238901256602631,0
15,0,1.0,2.9232314287976204,0
10,0,1.0,3.121928094887362,0
12,0,1.0,3.251629167387823,0
15,0,1.0769230769230769,3.240223928941852,0
10,0,1.0,2.9219280948873623,0
9,0,1.0,2.94770277922009,0
7,0,1.0,2.5216406363433186,0
9,0,1.0,2.94770277922009,0
14,0,1.0,3.521640636343319,0
15,0,1.0,3.5068905956085183,0
10,0,1.0,3.321928094887362,0
14,4,1.0,3.3248629576173574,0
14,0,1.0,3.378783493486176,0
13,2,1.0,3.5465935642949384,0
8,0,1.0,2.75,0
6,3,1.0,2.584962500721156,0
14,0,1.0,3.2359263506290326,0
9,0,1.0,2.9477027792200903,0
11,0,1.0,3.0957952550009344,0
15,1,1.0769230769230769,3.0565647621309537,0
10,0,1.0,3.321928094887362,0
8,0,1.0,3.0,0
10,0,1.0,2.9219280948873623,0
15,0,1.0,3.373557262275185,0
15,0,1.0,3.2729055953200556,0
6,1,1.0,2.584962500721156,0
8,0,1.1666666666666667,2.5,0
9,0,1.0,3.169925001442312,0
10,0,1.0,2.7219280948873625,0
6,0,1.0,2.584962500721156,0
14,0,1.0,3.521640636343319,0
12,0,1.0,3.0849625007211556,1
14,0,1.0833333333333333,3.039148671903071,0
4,0,1.0,2.0,0
11,0,1.1111111111111112,2.368522527728207,0
11,0,1.0,3.027169118440619,0
14,1,1.0833333333333333,3.182005814760214,0
13,2,1.0909090909090908,3.238901256602631,0
15,0,1.0,3.373557262275185,0
13,0,1.0,3.5465935642949384,0
11,4,1.1111111111111112,3.027169118440619,0
10,0,1.0,2.9219280948873623,0
10,0,1.2857142857142858,2.4464393446710155,0
15,1,1.1666666666666667,3.2402239289418513,0
8,4,1.0,3.0,0
11,0,1.0,3.095795255000934,0
11,0,1.1111111111111112,2.663532754804255,0
11,0,1.0,2.7321588913645702,0
13,0,1.0909090909090908,2.8731406795131336,0
8,0,1.0,2.5,0
7,0,1.0,2.807354922057604,0
12,2,1.0,3.188721875540867,0
10,0,1.0,2.9219280948873623,0
15,2,1.0,3.5068905956085183,0
15,0,1.0,3.906890595608518,0
13,0,1.0,3.238901256602631,1
10,0,1.0,3.321928094887362,0
14,0,1.0,3.521640636343319,0
10,0,1.125,2.721928094887362,0
15,0,1.0,3.5068905956085183,0
14,0,1.0,3.2359263506290334,0
12,2,1.0,2.688721875540867,0
15,1,1.0,3.189898095464287,0
13,0,1.0,3.238901256602631,0
11,0,1.0,2.7321588913645702,0
8,0,1.0,2.4056390622295662,0
15,0,1.0,3.506890595608518,0
6,0,1.0,2.584962500721156,0
7,0,1.0,2.5216406363433186,0
12,0,1.0,3.2516291673878226,0
11,0,1.0,2.8453509366224368,0
8,0,1.0,2.5,0
9,0,1.0,2.725480556997868,0
9,2,1.0,2.94770277922009,0
15,0,1.0769230769230769,3.323231428797621,0
11,0,1.0,3.0957952550009344,0
10,0,1.125,2.6464393446710153,0
11,0,1.0,3.277613436819116,0
9,2,1.0,2.725480556997868,0
14,0,1.0833333333333333,3.3248629576173574,0
12,0,1.0,3.084962500721156,0
10,0,1.0,2.8464393446710154,0
13,0,1.0,2.9312089489103235,0
9,0,1.0,2.725480556997868,0
8,0,1.0,2.75,0
10,4,1.0,2.9219280948873623,0
11,0,1.0,3.277613436819116,0
14,0,1.0,3.3248629576173574,0
13,1,1.0909090909090908,2.8731406795131336,0
15,0,1.0,3.3232314287976203,0
7,0,1.0,2.2359263506290326,0
10,2,1.0,3.121928094887362,0
7,2,1.0,2.5216406363433186,0
14,0,1.0,3.039148671903071,0
9,0,1.0,2.94770277922009,0
14,0,1.0,3.378783493486176,0
14,0,1.0833333333333333,3.09306920777189,1
13,0,1.0909090909090908,3.238901256602631,0
15,8,1.0769230769230769,3.323231428797621,0
11,3,1.0,3.0957952550009344,0
11,0,1.0,3.027169118440619,0
11,1,1.0,2.913977073182752,0
7,0,1.0,2.807354922057604,0
3,0,1.0,0.9182958340544896,0
15,2,1.0,3.640223928941851,0
13,0,1.0,3.180832987205441,0
12,0,1.1,3.084962500721156,0
12,0,1.1,3.2516291673878226,0
14,0,1.0,3.128085278891395,0
15,0,1.0,3.373557262275185,0
7,0,1.0,2.5216406363433186,0
10,0,1.125,2.721928094887362,0
13,0,1.0,3.238901256602631,0
12,0,1.0,3.2516291673878226,0
14,0,1.0,3.3248629576173574,0
15,3,1.0,3.773557262275185,0
10,0,1.0,2.9219280948873623,0
8,0,1.0,2.75,0
15,0,1.0,3.32323142879762,0
9,0,1.0,2.94770277922009,0
13,0,1.0909090909090908,3.085055102756477,0
14,0,1.0833333333333333,3.378783493486176,0
11,0,1.0,3.0957952550009344,0
13,0,1.0,3.180832987205441,0
11,0,1.0,3.277613436819116,0
14,0,1.1818181818181819,3.039148671903071,0
12,0,1.1,2.8553885422075336,0
11,0,1.0,2.9139770731827523,0
11,0,1.0,3.027169118440619,0
10,4,1.0,3.321928094887362,0
11,0,1.0,3.459431618637298,0
12,0,1.0,3.2516291673878226,0
9,0,1.0,2.94770277922009,0
10,0,1.0,3.321928094887362,0
15,0,1.0,3.4565647621309536,0
9,0,1.0,2.94770277922009,0
8,0,1.0,2.75,0
12,0,1.0,3.0220552088742,0
4,0,1.0,2.0,0
14,0,1.0,3.4677201004745006,0
12,0,1.0,3.188721875540867,0
9,2,1.0,2.94770277922009,0
12,0,1.0,3.0849625007211556,0
7,1,1.0,2.5216406363433186,0
9,0,1.0,2.725480556997868,0
11,0,1.0,3.459431618637298,0
14,0,1.0,3.378783493486176,0
10,0,1.125,2.721928094887362,0
8,0,1.0,3.0,0
6,0,1.0,1.9182958340544893,0
7,0,1.0,2.807354922057604,0
11,0,1.0,3.277613436819116,0
13,0,1.0909090909090908,2.9312089489103235,0
14,0,1.0,3.521640636343319,0
12,0,1.0,3.2516291673878226,0
14,0,1.0,3.6644977792004623,0
15,0,1.0769230769230769,3.0565647621309537,0
14,0,1.0,3.09306920777189,0
11,0,1.0,3.277613436819116,0
12,0,1.0,3.084962500721156,0
14,0,1.0,3.039148671903071,0
12,0,1.0,3.418295834054489,0
7,0,1.0,2.807354922057604,0
13,0,1.0,2.931208948910323,0
9,0,1.0,2.94770277922009,0
10,0,1.0,2.9219280948873623,0
14,1,1.0,3.521640636343319,0
11,0,1.0,2.913977073182752,0
9,2,1.0,2.94770277922009,0
12,0,1.0,3.418295834054489,0
14,0,1.0,3.6644977792004623,0
13,0,1.0,3.3927474104487847,0
14,0,1.0,3.378783493486176,0
9,0,1.0,3.169925001442312,0
7,2,1.0,2.807354922057604,0
15,2,1.0,3.773557262275185,0
11,0,1.0,2.7321588913645702,0
12,0,1.1,3.084962500721156,0
7,0,1.0,2.807354922057604,0
9,9,1.0,2.725480556997868,0
14,4,1.0,3.6644977792004623,0
12,0,1.0,3.084962500721156,0
11,0,1.0,2.9139770731827523,0
13,0,1.0,3.0850551027564768,0
12,0,1.0,3.0849625007211556,0
15,0,1.0769230769230769,3.1395722619867223,0
15,8,1.0,3.5068905956085192,0
15,0,1.0,3.3232314287976203,0
7,0,1.0,2.521640636343318,0
15,1,1.0,3.373557262275185,0
7,0,1.0,2.521640636343318,0
9,0,1.0,2.94770277922009,0
10,0,1.0,3.121928094887362,0
11,0,1.0,3.2776134368191165,0
10,0,1.0,3.121928094887362,0
14,0,1.0,3.6644977792004623,0
13,0,1.0,3.238901256602631,0
11,0,1.0,3.459431618637298,0
9,0,1.0,2.94770277922009,0
9,0,1.0,2.4193819456463714,0
9,0,1.0,2.5032583347756456,0
9,0,1.0,3.169925001442312,0
9,0,1.1428571428571428,2.0588138903312014,0
6,0,1.0,2.584962500721156,0
15,0,1.0,3.4565647621309536,0
11,5,1.0,2.9139770731827523,0
10,0,1.0,2.9219280948873623,0
10,0,1.0,2.6464393446710153,0
9,3,1.0,2.725480556997868,0
8,0,1.0,2.75,0
15,2,1.0,3.5068905956085183,0
12,0,1.0,3.418295834054489,0
10,0,1.0,2.9219280948873623,0
9,0,1.0,2.94770277922009,0
12,1,1.0,3.0220552088742,0
14,0,1.0,3.378783493486176,0
10,0,1.0,2.8464393446710154,0
7,0,1.0,2.5216406363433186,0
15,0,1.0,3.3232314287976203,0
11,0,1.1111111111111112,2.368522527728207,0
14,0,1.0,3.2359263506290334,0
11,0,1.0,3.277613436819116,0
14,0,1.0833333333333333,2.9852281360342516,0
12,0,1.0,2.688721875540867,0
9,4,1.0,2.725480556997868,0
11,0,1.0,2.845350936622437,0
10,0,1.0,2.6464393446710153,0
9,4,1.0,2.6416041678685933,0
5,1,1.0,2.321928094887362,0
12,3,1.0,2.855388542207534,0
14,0,1.1818181818181819,3.039148671903071,0
15,0,1.0769230769230769,3.139572261986723,0
15,0,1.0,3.773557262275185,0
12,0,1.0,3.0849625007211556,0
11,0,1.0,3.095795255000934,0
9,0,1.1428571428571428,2.4193819456463714,0
10,4,1.8,1.9219280948873623,0
10,4,1.0,3.121928094887362,0
14,0,1.0833333333333333,2.950212064914747,0
12,0,1.0,3.2516291673878226,0
11,0,1.0,3.0957952550009344,0
10,0,1.0,2.9219280948873623,0
15,3,1.0,3.7735572622751845,0
10,0,1.0,3.121928094887362,0
8,0,1.0,2.4056390622295662,0
15,0,1.0,3.506890595608519,0
14,0,1.0,3.2359263506290326,0
11,0,1.0,3.2776134368191165,0
10,0,1.0,2.4464393446710155,0
8,3,1.0,3.0,0
7,3,1.0,2.521640636343318,0
10,0,1.0,2.9219280948873623,0
9,3,1.0,2.94770277922009,0
15,0,1.0,3.640223928941851,0
11,0,1.0,2.9139770731827523,0
8,2,1.0,2.5,0
15,0,1.0,3.3232314287976203,0
8,2,1.0,2.75,0
8,0,1.0,2.4056390622295662,0
10,0,1.0,3.121928094887362,0
14,0,1.0,3.521640636343319,0
15,1,1.0,3.32323142879762,0
7,0,1.0,2.2359263506290326,0
15,0,1.0769230769230769,3.1898980954642875,0
11,0,1.0,3.2776134368191165,0
11,2,1.0,3.277613436819116,0
12,0,1.0,3.584962500721156,0
14,3,1.0,3.3787834934861767,0
13,0,1.0,3.180832987205441,0
9,0,1.0,2.94770277922009,0
8,0,1.0,2.75,0
14,0,1.0,3.182005814760214,0
11,0,1.0,2.8453509366224368,0
10,0,1.0,2.6464393446710153,0
8,2,1.0,2.5,0
11,0,1.0,2.845350936622437,0
14,0,1.0,3.378783493486176,0
9,0,1.1428571428571428,2.4193819456463714,0
10,2,1.0,2.7219280948873625,0
11,0,1.0,3.027169118440619,0
14,0,1.0,3.3248629576173574,0
12,0,1.1,2.8553885422075336,0
15,2,1.0769230769230769,3.4565647621309536,0
8,0,1.0,2.75,0
5,0,1.0,2.321928094887362,0
12,0,1.0,2.751629167387823,0
11,0,1.0,3.2776134368191165,1
11,0,1.0,2.663532754804255,0
11,0,1.0,2.9139770731827523,0
13,0,1.0,2.873140679513133,0
14,0,1.0,3.2359263506290334,0
7,0,1.0,2.521640636343318,0
4,1,1.0,1.5,0
6,0,1.0,2.584962500721156,0
11,4,1.0,3.095795255000934,0
10,2,1.0,3.121928094887362,0
8,1,1.0,3.0,0
15,0,1.0769230769230769,3.0565647621309537,0
8,0,1.0,3.0,0
10,0,1.0,3.121928094887362,0
15,0,1.0,3.506890595608519,1
14,0,1.0,3.521640636343319,0
10,0,1.0,3.321928094887362,0
13,0,1.0,3.334679141051595,0
13,0,1.0,3.5465935642949384,0
9,0,1.0,3.169925001442312,0
11,0,1.0,3.277613436819116,0
11,0,1.1111111111111112,2.9139770731827523,0
7,0,1.0,2.807354922057604,1
14,1,1.625,1.753434386188785,0
14,0,1.0,3.182005814760214,0
14,0,1.0833333333333333,2.8423709931771084,0
5,0,1.0,2.321928094887362,0
14,0,1.0,3.182005814760214,0
14,0,1.0,3.521640636343319,0
14,0,1.0833333333333333,3.521640636343319,0
6,0,1.0,2.584962500721156,0
14,0,1.0,3.3787834934861767,0
7,0,1.0,2.807354922057604,0
12,0,1.0,2.918295834054489,0
10,0,1.0,3.321928094887362,0
15,0,1.0,3.056564762130954,0
14,0,1.0,2.8423709931771093,0
11,0,1.0,3.027169118440619,0
9,0,1.0,2.94770277922009,0
9,4,1.1428571428571428,2.4193819456463714,0
13,2,1.0,3.180832987205441,0
14,0,1.0,3.3248629576173565,0
12,0,1.0,3.0220552088742,0
9,0,1.0,2.94770277922009,0
11,0,1.0,3.277613436819116,0
13,0,1.0,3.180832987205441,0
15,0,1.0,3.5898980954642865,0
10,0,1.0,3.121928094887362,0
10,0,1.0,3.121928094887362,0
12,0,1.0,3.418295834054489,0
15,0,1.0,3.373557262275185,0
7,0,1.0,2.2359263506290326,0
14,0,1.0,3.182005814760214,0
12,0,1.0,3.584962500721156,0
13,1,1.0,3.238901256602631,0
11,0,1.0,3.0957952550009344,0
13,2,1.0909090909090908,2.9689185639620974,0
7,0,1.0,2.521640636343318,0
12,0,1.0,3.2516291673878226,0
9,0,1.0,2.725480556997868,0
6,2,1.0,2.2516291673878226,0
9,0,1.0,2.94770277922009,0
6,3,1.0,2.584962500721156,0
9,4,1.0,2.94770277922009,0
14,1,1.0833333333333333,3.3248629576173574,0
11,0,1.0,3.095795255000934,0
13,0,1.0,3.546593564294939,0
10,3,1.0,3.321928094887362,0
14,0,1.0,3.521640636343319,0
9,2,1.0,2.94770277922009,0
14,0,1.0,3.039148671903071,0
11,0,1.0,3.095795255000934,0
15,0,1.0,3.189898095464288,0
8,1,1.0,2.75,0
14,0,1.0,3.521640636343319,0
15,0,1.0,3.373557262275185,0
9,2,1.0,2.9477027792200903,0
8,0,1.0,2.4056390622295662,0
7,1,1.0,2.807354922057604,0
14,2,1.0,3.521640636343319,0
15,2,1.0,3.3735572622751846,0
11,0,1.0,3.277613436819116,0
15,0,1.0,3.2402239289418517,0
10,0,1.0,2.9219280948873623,0
12,0,1.0,3.4182958340544896,0
11,0,1.0,2.9139770731827523,0
11,0,1.0,3.459431618637298,0
14,2,1.0,3.6644977792004623,0
8,0,1.0,2.75,0
14,0,1.0,3.182005814760214,0
13,0,1.0,3.5465935642949384,0
15,0,1.0,3.4565647621309536,0
15,0,1.0,3.506890595608518,0
11,0,1.0,3.459431618637298,0
11,2,1.0,3.459431618637298,0
8,0,1.0,3.0,0
8,0,1.0,2.75,0
13,0,1.0,3.5465935642949384,0
12,0,1.0,3.251629167387823,0
13,0,1.0,3.238901256602631,0
15,0,1.0769230769230769,3.32323142879762,0
15,0,1.0769230769230769,3.189898095464287,0
15,1,1.0,3.5068905956085183,0
12,0,1.0,2.792481250360578,0
9,0,1.0,2.94770277922009,0
5,3,1.0,2.321928094887362,0
9,4,1.0,2.94770277922009,0
12,0,1.0,3.2516291673878226,0
10,1,1.0,3.121928094887362,0
15,0,1.0,3.7735572622751845,0
12,1,1.0,3.0220552088742,0
11,4,1.0,3.277613436819116,0
6,0,1.0,2.2516291673878226,0
14,0,1.0,3.521640636343319,0
12,0,1.0,2.8553885422075336,0
8,0,1.0,2.4056390622295662,0
13,0,1.0,3.3927474104487847,0
11,0,1.0,3.2776134368191165,0
13,0,1.0,3.3927474104487847,0
8,1,1.0,2.5,0
13,2,1.0,3.085055102756477,0
12,0,1.0,3.0849625007211556,0
13,0,1.0,3.085055102756477,0
14,0,1.0,3.521640636343319,0
10,0,1.0,2.9219280948873623,0
12,2,1.5714285714285714,2.7516291673878226,0
12,0,1.1,3.0220552088742,0
10,1,1.0,2.9219280948873623,0
10,0,1.0,2.5219280948873624,0
8,0,1.0,2.75,0
11,0,1.0,2.7321588913645702,0
15,0,1.0,3.5068905956085183,0
10,0,1.0,2.8464393446710154,0
14,0,1.0,2.7534343861887853,0
12,0,1.0,3.2516291673878226,0
12,0,1.0,3.2516291673878226,0
14,2,1.0,3.182005814760214,0
14,0,1.0833333333333333,3.182005814760214,0
7,0,1.2,2.128085278891394,0
12,0,1.0,3.084962500721156,0
12,0,1.1,3.0220552088742,0
8,0,1.0,2.5,0
12,0,1.0,3.188721875540867,0
8,0,1.0,2.75,0
9,0,1.0,2.94770277922009,0
13,0,1.0909090909090908,2.8150724101159437,0
9,0,1.0,2.725480556997868,0
5,0,1.0,2.321928094887362,0
15,1,1.0,3.323231428797621,0
15,0,1.0769230769230769,3.456564762130954,0
14,0,1.0,3.3248629576173574,0
12,0,1.0,3.418295834054489,0
13,0,1.0,3.0269868333592873,0
11,0,1.0,2.663532754804255,0
15,0,1.0,3.2402239289418517,0
12,0,1.0,3.2516291673878226,0
5,0,1.0,1.9219280948873623,0
12,0,1.1,2.792481250360578,0
14,0,1.0,3.3248629576173574,0
10,0,1.0,2.9219280948873623,0
11,0,1.0,3.277613436819116,0
9,0,1.0,2.94770277922009,0
13,0,1.0,3.0269868333592873,0
10,0,1.125,2.321928094887362,0
13,2,1.0,3.3927474104487847,0
15,6,1.0769230769230769,3.240223928941852,0
10,0,1.0,2.9219280948873623,0
11,0,1.0,3.2776134368191165,0
14,0,1.0833333333333333,3.2359263506290326,0
14,0,1.0833333333333333,3.182005814760214,0
11,0,1.0,2.913977073182752,0
9,0,1.0,3.169925001442312,0
11,4,1.0,3.459431618637298,0
9,0,1.0,3.169925001442312,0
13,0,1.0,3.085055102756477,0
13,0,1.0,3.180832987205441,0
13,0,1.0,3.0269868333592873,0
8,0,1.0,2.75,0
11,0,1.0,3.277613436819116,0
15,4,1.0,3.640223928941852,0
12,0,1.0,3.2516291673878226,0
12,0,1.0,2.918295834054489,0
13,0,1.0,3.5465935642949384,0
14,0,1.0,3.378783493486176,0
13,0,1.0,3.3927474104487847,0
15,0,1.0,3.006238928653389,0
13,3,1.0,3.3927474104487847,0
13,0,1.0,3.5465935642949384,0
12,2,1.0,3.084962500721156,0
15,0,1.0,2.872905595320056,0
15,1,1.0,3.2402239289418517,0
8,3,1.0,3.0,0
11,0,1.1111111111111112,2.5949066182439395,0
7,0,1.0,2.807354922057604,0
6,0,1.0,2.2516291673878226,0
9,0,1.0,3.169925001442312,0
7,0,1.0,2.5216406363433186,0
11,0,1.0,2.9139770731827523,0
13,0,1.0,2.7773627950641693,0
10,1,1.0,3.321928094887362,0
15,0,1.0,3.373557262275185,0
12,0,1.0,3.2516291673878226,0
15,2,1.0,3.640223928941851,0
4,0,1.0,2.0,0
14,0,1.0,3.6644977792004623,0
8,1,1.0,3.0,0
13,0,1.0,2.8731406795131336,0
10,3,1.125,2.846439344671016,0
9,0,1.0,2.725480556997868,0
14,0,1.0,3.09306920777189,0
13,0,1.0,3.3927474104487847,0
8,0,1.0,2.75,0
15,2,1.0769230769230769,3.3735572622751846,0
11,0,1.0,2.9139770731827523,0
14,0,1.0,2.8073549220576037,0
7,0,1.0,2.1280852788913944,0
9,0,1.0,2.725480556997868,0
11,3,1.0,3.2776134368191165,0
9,0,1.0,2.9477027792200903,0
13,0,1.0,3.085055102756477,0
15,0,1.0,3.6402239289418516,0
11,0,1.0,2.8453509366224368,0
14,0,1.0,3.09306920777189,0
10,4,1.0,2.9219280948873623,0
12,0,1.0,2.688721875540867,0
11,0,1.0,3.095795255000934,0
8,0,1.0,2.5,0
10,0,1.0,2.9219280948873623,1
7,0,1.0,2.807354922057604,0
12,0,1.0,2.7516291673878226,0
13,0,1.0,3.5465935642949384,0
10,0,1.0,3.121928094887362,0
14,4,1.0,3.521640636343319,0
11,0,1.0,2.3685225277282065,0
12,4,1.0,3.2516291673878226,0
11,0,1.0,2.913977073182752,0
11,0,1.0,3.0957952550009344,0
7,1,1.0,2.1280852788913944,0
14,1,1.0,3.6644977792004623,0
13,4,1.0,3.3927474104487847,0
15,0,1.0,3.6402239289418516,0
9,0,1.0,2.5032583347756456,0
15,8,1.0769230769230769,3.506890595608519,0
15,0,1.0,3.323231428797621,0
14,0,1.0,3.039148671903071,0
9,0,1.0,2.94770277922009,0
12,0,1.0,3.584962500721156,0
8,2,1.0,3.0,0
9,0,1.0,2.94770277922009,0
9,0,1.0,2.94770277922009,0
8,0,1.0,2.75,0
11,0,1.0,2.845350936622437,0
11,1,1.0,2.8453509366224368,0
11,0,1.0,3.277613436819116,0
11,0,1.0,3.095795255000934,0
14,0,1.0,3.378783493486176,0
12,0,1.0,3.4182958340544896,0
15,0,1.1666666666666667,3.006238928653389,0
13,0,1.0909090909090908,2.5654483718208256,0
12,0,1.0,2.9182958340544896,0
13,0,1.0,3.085055102756477,0
11,0,1.0,3.095795255000934,0
8,4,1.0,2.75,0
15,0,1.0,3.5068905956085183,0
10,0,1.0,2.9219280948873623,0
12,0,1.0,3.418295834054489,0
9,1,1.0,3.169925001442312,0
15,8,1.0769230769230769,3.589898095464287,0
13,0,1.0,3.546593564294939,0
11,0,1.0,3.0957952550009344,0
5,0,1.0,1.9219280948873623,0
13,0,1.0,3.3927474104487847,0
11,0,1.0,3.095795255000934,0
8,2,1.0,3.0,0
6,0,1.0,2.2516291673878226,0
12,0,1.0,3.0220552088742,0
15,0,1.0,3.506890595608518,0
10,0,1.0,2.9219280948873623,0
12,0,1.0,3.188721875540867,0
11,0,1.0,3.277613436819116,0
11,0,1.0,3.0957952550009344,0
10,0,1.0,2.9219280948873623,0
12,0,1.0,3.418295834054489,0
7,0,1.0,2.5216406363433186,0
7,0,1.0,2.2359263506290326,0
13,0,1.0,3.085055102756477,0
12,0,1.0,3.0849625007211556,0
7,0,1.0,2.807354922057604,0
14,0,1.4444444444444444,2.4677201004744993,0
9,0,1.0,2.725480556997868,0
10,0,1.0,2.8464393446710154,0
15,1,1.0,3.640223928941852,0
9,0,1.0,2.94770277922009,0
8,0,1.0,2.75,0
9,0,1.0,2.94770277922009,0
13,0,1.0909090909090908,3.0269868333592873,0
9,0,1.0,2.94770277922009,0
10,3,1.0,3.321928094887362,0
14,0,1.0,2.8962915290459277,0
10,0,1.0,3.321928094887362,0
10,2,1.0,3.121928094887362,0
13,2,1.0,3.3927474104487847,0
10,0,1.0,3.321928094887362,0
14,0,1.0,3.2359263506290334,0
12,0,1.0,3.2516291673878226,0
11,0,1.0,3.0957952550009344,0
15,0,1.0,3.240223928941852,0
10,0,1.0,3.121928094887362,0
9,0,1.0,3.169925001442312,0
14,0,1.0,3.182005814760214,0
11,0,1.0,3.095795255000934,0
12,0,1.0,2.792481250360578,0
13,0,1.0,3.180832987205441,0
15,0,1.0769230769230769,2.732914563979398,0
12,0,1.0,3.0220552088742005,1
9,0,1.0,3.169925001442312,0
15,0,1.0,3.32323142879762,0
14,2,1.0,3.378783493486176,0
6,0,1.0,2.584962500721156,0
15,3,1.0,3.5898980954642865,0
13,0,1.0,3.0269868333592873,0
13,0,1.0,3.238901256602631,0
12,0,1.0,2.918295834054489,0
5,0,1.0,2.321928094887362,0
13,0,1.0,3.238901256602631,0
12,2,1.0,3.418295834054489,0
9,0,1.0,2.94770277922009,0
15,4,1.0,3.7735572622751845,0
7,0,1.0,2.521640636343318,0
11,0,1.0,3.095795255000934,0
13,0,1.0,3.3927474104487847,0
8,3,1.0,3.0,0
13,0,1.0,3.238901256602631,0
6,0,1.0,2.584962500721156,0
14,0,1.0833333333333333,2.9852281360342516,0
11,0,1.0,3.2776134368191165,0
9,0,1.0,3.169925001442312,0
12,0,1.0,3.2516291673878226,0
12,4,1.1,3.2516291673878226,0
15,0,1.0,3.056564762130954,0
13,0,1.0,3.238901256602631,0
11,2,1.0,3.2776134368191165,0
14,1,1.0,3.8073549220576055,0
12,0,1.0,3.084962500721156,0
13,2,1.0,3.3927474104487847,0
12,0,1.0,3.418295834054489,0
8,2,1.0,3.0,0
11,0,1.0,2.913977073182752,0
10,0,1.0,2.9219280948873623,0
12,0,1.0,3.584962500721156,0
14,2,1.0,3.09306920777189,0
10,0,1.5,2.121928094887362,0
5,1,1.0,2.321928094887362,0
11,0,1.0,3.277613436819116,0
13,1,1.0,3.3927474104487847,0
6,0,1.0,2.584962500721156,0
13,0,1.0909090909090908,2.7773627950641693,0
12,3,1.0,3.084962500721156,0
11,0,1.0,3.277613436819116,0
14,3,1.0,3.3787834934861767,0
7,0,1.0,1.8423709931771084,0
10,0,1.0,2.9219280948873623,0
14,0,1.0,3.378783493486176,0
12,0,1.0,3.084962500721156,0
8,0,1.1666666666666667,2.5,0
11,0,1.1111111111111112,2.7321588913645702,0
10,0,1.0,2.9219280948873623,0
10,0,1.0,3.121928094887362,0
12,0,1.0,3.0849625007211556,0
15,0,1.0769230769230769,3.1898980954642866,0
10,1,1.0,3.321928094887362,0
15,0,1.0,3.5068905956085183,0
9,0,1.0,2.725480556997868,0
11,0,1.0,2.8453509366224368,0
13,0,1.0,3.238901256602631,0
15,2,1.0,3.640223928941851,0
15,0,1.0,3.373557262275185,0
14,1,1.0,3.3787834934861767,0
10,4,1.0,2.6464393446710153,0
13,0,1.0,3.3927474104487847,0
15,1,1.0,3.373557262275185,0
14,2,1.0,3.521640636343319,0
14,0,1.0,3.378783493486176,0
15,4,1.0,3.773557262275185,0
15,0,1.0,3.373557262275185,0
10,2,1.0,3.1219280948873624,0
10,0,1.0,2.9219280948873623,0
7,0,1.0,2.807354922057604,0
10,2,1.0,3.121928094887362,0
12,0,1.0,3.2516291673878226,0
10,0,1.0,3.121928094887362,0
14,1,1.0,3.3248629576173574,0
8,0,1.0,3.0,0
10,0,1.0,3.121928094887362,0
11,0,1.0,3.095795255000934,0
12,0,1.0,3.2516291673878226,0
10,1,1.0,2.9219280948873623,0
15,0,1.0,3.32323142879762,0
13,0,1.0,2.873140679513133,0
11,1,1.0,2.913977073182752,1
12,0,1.0,3.2516291673878226,0
13,0,1.0909090909090908,3.0269868333592873,0
12,0,1.0,3.418295834054489,0
14,0,1.0,3.521640636343319,0
14,0,1.0,3.3248629576173574,0
15,0,1.0769230769230769,3.506890595608518,0
9,1,1.0,3.169925001442312,0
9,0,1.0,3.169925001442312,0
15,0,1.0769230769230769,3.3735572622751855,0
11,0,1.0,2.845350936622437,0
8,3,1.0,2.1556390622295662,0
13,4,1.0909090909090908,3.3927474104487847,0
5,0,1.0,1.9219280948873623,0
8,2,1.0,3.0,0
7,0,1.2,1.6644977792004614,0
8,4,1.1666666666666667,2.25,0
15,0,1.0,3.7735572622751845,0
14,0,1.0833333333333333,2.9852281360342516,0
10,0,1.0,3.121928094887362,0
13,0,1.0,3.238901256602631,0
8,0,1.0,3.0,0
14,1,1.0,3.521640636343319,0
14,0,1.0,3.521640636343319,0
6,0,1.0,2.2516291673878226,0
12,0,1.0,3.0220552088742,0
12,0,1.0,3.2516291673878226,0
5,0,1.0,1.9219280948873623,0
15,2,1.0,3.773557262275185,0
13,0,1.0,3.238901256602631,0
10,0,1.125,2.9219280948873623,0
12,0,1.0,3.084962500721156,0
7,0,1.0,2.2359263506290326,0
8,0,1.0,2.75,0
10,0,1.0,3.121928094887362,0
10,0,1.0,3.121928094887362,0
12,0,1.0,3.418295834054489,0
13,0,1.0909090909090908,2.8150724101159437,0
8,2,1.0,3.0,0
9,3,1.0,2.725480556997868,0
15,0,1.0,3.189898095464288,0
8,0,1.0,3.0,0
12,0,1.0,2.792481250360578,0
8,0,1.0,3.0,0
11,0,1.0,3.095795255000934,0
15,0,1.0,3.640223928941851,0
7,0,1.0,2.807354922057604,0
8,2,1.0,3.0,0
13,0,1.0,3.3927474104487847,0
14,0,1.1818181818181819,2.610577243331642,0
8,0,1.0,2.5,0
15,0,1.0,3.4565647621309536,0
8,0,1.0,3.0,0
11,0,1.1111111111111112,2.845350936622437,0
10,0,1.2857142857142858,2.2464393446710154,0
8,0,1.0,3.0,0
15,3,1.0,3.373557262275185,0
9,0,1.1428571428571428,2.725480556997868,0
12,0,1.0,3.584962500721156,0
10,1,1.0,2.8464393446710154,0
10,0,1.0,2.7219280948873625,0
12,0,1.0,3.418295834054489,0
14,0,1.0,3.378783493486176,0
8,0,1.0,2.5,0
15,1,1.0,3.373557262275185,0
13,0,1.0,3.3927474104487847,0
10,1,1.0,2.9219280948873623,0
14,0,1.0,3.09306920777189,0
10,3,1.0,3.321928094887362,0
12,0,1.0,3.2516291673878226,0
10,0,1.0,2.9219280948873623,0
12,0,1.1,2.6258145836939115,0
12,0,1.0,3.084962500721156,0
12,0,1.0,3.0849625007211556,0
9,4,1.0,2.9477027792200903,0
10,0,1.125,2.9219280948873623,0
12,0,1.0,3.084962500721156,0
14,1,1.0,3.521640636343319,0
14,2,1.0,3.521640636343319,0
9,0,1.0,3.169925001442312,0
11,0,1.0,2.9139770731827523,0
10,0,1.125,2.9219280948873623,0
8,0,1.0,3.0,0
11,1,1.0,3.0957952550009344,0
15,0,1.0769230769230769,3.0565647621309546,0
8,0,1.0,2.1556390622295662,0
13,0,1.0909090909090908,3.0269868333592873,0
14,0,1.0,3.378783493486176,0
11,0,1.1111111111111112,2.481714572986073,0
12,0,1.0,2.918295834054489,0
11,0,1.0,3.095795255000934,0
14,0,1.0,3.3787834934861767,0
14,0,1.0,3.521640636343319,0
15,0,1.0,3.240223928941852,0
8,3,1.0,3.0,0
15,0,1.0,3.906890595608518,0
11,0,1.0,2.9139770731827523,0
15,0,1.0,3.640223928941851,0
11,0,1.0,2.8453509366224368,0
13,2,1.0,3.334679141051595,0
15,0,1.0,3.3735572622751855,0
9,0,1.0,2.725480556997868,0
11,4,1.0,3.459431618637298,0
8,0,1.1666666666666667,2.5,0
9,0,1.0,3.169925001442312,0
15,0,1.0,3.373557262275185,0
15,0,1.0769230769230769,2.9995812306460645,0
13,0,1.2,2.8731406795131336,0
13,0,1.0,3.3927474104487847,0
13,0,1.0,2.353533948577482,0
13,0,1.0,3.3927474104487847,0
10,0,1.0,2.9219280948873623,0
14,0,1.0,3.3787834934861767,0
11,1,1.0,2.9139770731827523,0
10,0,1.0,2.6464393446710153,0
14,0,1.0833333333333333,2.8423709931771093,0
14,0,1.0833333333333333,2.8423709931771093,0
9,0,1.0,2.725480556997868,0
12,0,1.0,3.2516291673878226,0
8,2,1.0,2.75,0
11,0,1.0,2.5503407095463886,0
13,0,1.0,2.7773627950641693,0
14,0,1.0,3.4677201004745006,0
11,0,1.1111111111111112,3.095795255000934,0
11,1,1.0,3.277613436819116,0
7,0,1.0,2.5216406363433186,0
13,2,1.0,3.5465935642949384,0
8,0,1.0,2.5,0
15,0,1.0,3.240223928941852,0
11,3,1.1111111111111112,3.027169118440619,0
11,0,1.0,3.277613436819116,0
15,0,1.0,3.5068905956085183,0
11,0,1.0,2.9139770731827523,0
11,0,1.0,3.459431618637298,0
11,0,1.0,3.277613436819116,0
13,0,1.0,3.0850551027564768,0
10,0,1.0,2.446439344671015,0
14,0,1.0833333333333333,3.182005814760214,0
11,0,1.1111111111111112,3.0957952550009344,0
9,0,1.0,2.4193819456463714,0
10,0,1.0,3.121928094887362,0
10,0,1.0,2.8464393446710154,0
13,0,1.0,2.7192945256669794,0
12,0,1.0,3.2516291673878226,0
11,0,1.0,3.277613436819116,0
11,0,1.1111111111111112,3.095795255000934,0
14,0,1.0833333333333333,3.2359263506290334,0
13,0,1.0,3.334679141051595,0
14,0,1.0,3.3248629576173574,0
9,0,1.0,2.725480556997868,0
8,0,1.0,2.75,0
15,0,1.0769230769230769,3.456564762130953,0
6,0,1.0,2.584962500721156,0
13,0,1.0,3.238901256602631,0
6,0,1.0,2.584962500721156,0
15,0,1.0,3.373557262275185,0
10,0,1.0,2.9219280948873623,0
14,0,1.0,3.182005814760214,0
15,1,1.0,3.5068905956085183,0
11,0,1.0,3.027169118440619,0
15,0,1.0,3.589898095464287,0
8,0,1.0,2.4056390622295662,0
5,0,1.0,1.3709505944546687,0
7,0,1.0,2.807354922057604,0
10,2,1.0,3.1219280948873624,0
13,0,1.0,3.0269868333592873,0
12,0,1.0,3.2516291673878226,0
8,4,1.1666666666666667,2.4056390622295662,0
8,1,1.0,3.0,0
8,0,1.1666666666666667,2.1556390622295662,0
14,0,1.0,3.039148671903071,0
7,3,1.0,2.521640636343318,0
11,0,1.0,3.0957952550009344,1
13,0,1.0,3.3927474104487847,0
10,2,1.0,3.121928094887362,0
13,0,1.0,3.3927474104487847,0
11,0,1.0,2.6635327548042547,0
10,0,1.0,2.9219280948873623,0
12,0,1.1,3.084962500721156,0
9,0,1.0,2.94770277922009,0
14,0,1.0,3.3787834934861767,0
5,0,1.0,2.321928094887362,0
9,0,1.0,2.94770277922009,0
7,0,1.0,2.807354922057604,0
11,0,1.0,3.0957952550009344,0
15,4,1.1666666666666667,3.189898095464287,0
10,0,1.0,2.8464393446710154,0
11,0,1.0,2.845350936622437,0
13,0,1.0,3.3927474104487847,0
11,0,1.0,2.481714572986073,0
13,3,1.0,3.546593564294939,0
12,0,1.0,3.2516291673878226,0
5,0,1.0,2.321928094887362,0
8,0,1.0,2.75,0
15,2,1.0,3.5068905956085183,0
12,0,1.0,3.4182958340544896,0
9,0,1.0,2.94770277922009,0
15,0,1.0,3.4565647621309536,0
9,0,1.0,2.94770277922009,0
13,0,1.2,2.353533948577482,0
13,0,1.0,2.873140679513133,0
10,1,1.0,3.321928094887362,0
11,0,1.0,2.8453509366224368,0
10,0,1.0,2.6464393446710153,0
12,3,1.375,2.688721875540867,0
12,0,1.0,3.2516291673878226,0
15,0,1.0,3.189898095464287,0
13,0,1.0,3.238901256602631,0
14,0,1.0833333333333333,3.2359263506290334,0
7,0,1.0,2.807354922057604,0
10,2,1.0,2.9219280948873623,0
13,2,1.0909090909090908,3.1808329872054415,0
12,0,1.0,2.9182958340544896,0
7,1,1.0,2.5216406363433186,0
12,1,1.0,3.0220552088742,0
11,0,1.0,3.459431618637298,0
15,0,1.0769230769230769,3.189898095464287,0
8,0,1.0,2.75,0
10,0,1.0,2.6464393446710153,0
12,0,1.0,3.0849625007211556,0
14,0,1.0833333333333333,3.039148671903071,0
7,0,1.0,2.807354922057604,0
12,0,1.0,3.584962500721156,1
12,0,1.0,3.2516291673878226,0
15,0,1.0,3.506890595608519,0
8,0,1.0,3.0,0
15,0,1.0,3.3735572622751855,0
12,0,1.0,3.0849625007211556,0
10,0,1.0,2.8464393446710154,0
12,0,1.0,2.8553885422075336,0
8,2,1.0,2.5,0
14,0,1.0833333333333333,3.3787834934861767,0
13,0,1.0909090909090908,2.873140679513133,0
10,0,1.0,3.121928094887362,0
11,0,1.0,3.277613436819116,0
15,2,1.0,3.906890595608518,0
12,0,1.0,3.084962500721156,0
7,0,1.0,2.5216406363433186,0
10,0,1.0,3.121928094887362,0
12,0,1.0,3.0220552088742,0
12,0,1.0,3.0220552088742005,1
8,0,1.0,3.0,0
13,0,1.0,3.3927474104487847,0
12,0,1.0,3.084962500721156,0
13,0,1.0,3.085055102756477,0
9,0,1.0,2.725480556997868,0
13,0,1.0,3.3927474104487847,0
13,0,1.0,3.238901256602631,0
7,0,1.2,2.235926350629032,0
13,0,1.0,3.3927474104487847,0
12,0,1.0,3.084962500721156,0
15,0,1.0769230769230769,3.189898095464287,0
12,2,1.0,3.584962500721156,0
10,0,1.0,3.121928094887362,0
10,0,1.0,3.121928094887362,0
12,0,1.0,3.418295834054489,0
9,0,1.0,2.94770277922009,0
10,0,1.0,3.121928094887362,0
14,0,1.0,2.9852281360342525,0
15,0,1.0,3.0565647621309537,0
13,0,1.0,3.3927474104487847,0
12,0,1.0,3.2516291673878226,0
13,0,1.0,3.180832987205441,0
14,0,1.0,3.182005814760214,0
10,2,1.0,3.121928094887362,0
15,0,1.0,3.3735572622751855,0
14,0,1.0,3.8073549220576055,0
11,0,1.0,3.277613436819116,0
15,0,1.0,3.189898095464287,0
7,0,1.0,2.1280852788913944,0
10,0,1.0,2.921928094887362,0
15,0,1.0,3.106890595608519,0
14,8,1.0,3.1820058147602133,0
7,0,1.0,2.2359263506290326,0
10,1,1.0,3.321928094887362,0
14,0,1.0,3.039148671903071,0
14,0,1.0,3.039148671903071,0
13,0,1.0,3.5465935642949384,0
11,0,1.0,2.9139770731827523,0
7,0,1.0,2.5216406363433186,0
12,0,1.0,3.0220552088742,0
9,0,1.0,2.9477027792200903,0
9,0,1.1428571428571428,2.725480556997868,0
11,0,1.1111111111111112,2.9139770731827523,1
13,0,1.0909090909090908,3.0269868333592873,0
6,1,1.0,2.2516291673878226,0
13,0,1.0909090909090908,3.0269868333592873,0
13,0,1.0,3.085055102756477,0
6,2,1.0,2.584962500721156,0
11,0,1.0,3.095795255000934,0
8,0,1.0,3.0,0
11,0,1.0,2.9139770731827523,0
7,3,1.2,2.2359263506290326,0
15,0,1.0,3.589898095464287,0
15,0,1.0,3.773557262275185,0
15,0,1.0,3.3232314287976203,0
9,2,1.0,2.6416041678685933,0
9,0,1.0,2.725480556997868,0
14,0,1.0,3.521640636343319,0
15,0,1.0,3.2402239289418517,0
13,2,1.0909090909090908,2.8150724101159437,0
9,0,1.0,2.9477027792200903,0
15,4,1.0,3.906890595608518,0
11,0,1.0,3.095795255000934,0
13,0,1.0,3.5465935642949384,0
15,0,1.0769230769230769,2.9735572622751847,0
15,0,1.1666666666666667,3.2402239289418513,0
13,0,1.0,3.7004397181410926,0
8,0,1.1666666666666667,2.25,0
13,0,1.0,2.9312089489103235,0
8,0,1.1666666666666667,2.1556390622295662,0
7,0,1.0,2.5216406363433186,0
10,0,1.0,2.9219280948873623,0
11,1,1.0,3.095795255000934,0
10,2,1.0,3.321928094887362,0
12,4,1.0,3.084962500721156,0
10,2,1.0,2.9219280948873623,0
11,0,1.0,2.9139770731827523,0
10,0,1.0,2.9219280948873623,0
11,0,1.1111111111111112,2.845350936622437,0
8,0,1.0,2.75,0
13,2,1.0,3.238901256602631,0
14,1,1.0,3.8073549220576055,0
10,0,1.8,1.7709505944546686,0
5,0,1.0,2.321928094887362,0
10,0,1.0,3.121928094887362,0
11,0,1.0,3.277613436819116,0
15,3,1.0,3.373557262275185,0
11,0,1.0,3.277613436819116,0
7,0,1.0,2.807354922057604,0
13,0,1.0909090909090908,2.623516641218015,0
13,0,1.0,3.238901256602631,0
9,0,1.0,2.725480556997868,0
11,0,1.0,3.277613436819116,0
9,0,1.3333333333333333,2.197159723424149,0
11,0,1.0,2.9139770731827523,0
9,0,1.0,3.169925001442312,0
6,0,1.0,1.9182958340544893,0
9,0,1.0,2.725480556997868,0
11,2,1.0,3.0957952550009344,0
8,0,1.1666666666666667,2.5,0
7,0,1.0,2.5216406363433186,0
8,2,1.0,2.75,0
15,1,1.0,3.323231428797621,0
8,4,1.0,2.75,0
10,0,1.0,2.8464393446710154,0
10,2,1.0,2.7219280948873625,0
7,0,1.0,2.5216406363433186,0
10,0,1.0,3.121928094887362,0
9,0,1.0,2.94770277922009,0
15,0,1.0,3.106890595608519,0
8,2,1.0,2.75,0
7,0,1.0,2.807354922057604,0
7,0,1.0,2.5216406363433186,0
15,1,1.0,3.323231428797621,0
15,0,1.0,3.323231428797621,0
11,2,1.0,2.8453509366224368,0
12,0,1.0,3.084962500721156,0
11,0,1.0,3.0957952550009344,0
10,0,1.0,2.9219280948873623,0
14,4,1.0,3.378783493486176,0
15,1,1.0,3.4565647621309536,0
10,0,1.0,2.9219280948873623,0
8,2,1.0,2.75,0
10,0,1.0,2.9219280948873623,0
12,0,1.1,2.918295834054489,0
9,0,1.0,3.169925001442312,0
12,0,1.0,3.4182958340544896,0
9,0,1.0,3.169925001442312,0
14,0,1.0,3.039148671903072,0
8,0,1.0,2.75,0
10,0,1.0,2.721928094887362,0
9,3,1.0,3.169925001442312,0
8,0,1.0,2.75,0
12,0,1.1,2.918295834054489,0
7,0,1.0,2.5216406363433186,0
5,2,1.0,2.321928094887362,0
10,0,1.0,2.8464393446710154,0
13,7,1.0909090909090908,3.0269868333592878,0
15,0,1.4,3.056564762130954,0
15,4,1.0,3.640223928941852,0
10,0,1.0,2.5219280948873624,0
7,1,1.0,2.5216406363433186,0
7,1,1.0,2.807354922057604,0
10,2,1.125,2.7219280948873625,0
15,0,1.0,3.373557262275185,0
13,0,1.0,3.3927474104487847,0
15,0,1.0,3.0565647621309537,0
15,0,1.0769230769230769,3.2402239289418517,0
14,0,1.0,3.4677201004745006,0
14,2,1.0833333333333333,3.3248629576173574,0
15,0,1.0,3.5068905956085183,0
13,0,1.0909090909090908,2.8731406795131336,0
14,0,1.0,3.09306920777189,0
15,0,1.0,3.2402239289418526,0
13,0,1.0,3.238901256602631,0
7,0,1.0,2.5216406363433186,0
13,0,1.0,3.238901256602631,0
15,0,1.0,3.5068905956085183,0
12,1,1.0,3.188721875540867,0
12,0,1.0,3.2516291673878226,0
13,0,1.0,3.0269868333592873,0
12,3,1.0,3.2516291673878226,0
15,0,1.0,3.1395722619867223,0
9,0,1.0,2.6416041678685933,0
12,0,1.0,3.084962500721156,0
7,0,1.0,2.807354922057604,0
5,0,1.0,2.321928094887362,0
9,0,1.0,2.4193819456463714,0
11,0,1.0,3.095795255000934,0
7,0,1.0,2.5216406363433186,0
12,0,1.0,3.2516291673878226,0
7,0,1.0,2.807354922057604,0
13,0,1.0,3.180832987205441,0
15,0,1.0,3.5068905956085183,0
15,0,1.0,3.3735572622751846,0
14,0,1.0,3.521640636343319,0
7,0,1.0,2.5216406363433186,0
7,0,1.0,2.807354922057604,0
10,0,1.0,2.721928094887362,0
13,0,1.0,3.238901256602631,0
14,0,1.0,3.521640636343319,0
7,0,1.0,2.807354922057604,0
14,3,1.0,3.3248629576173574,0
9,2,1.0,3.169925001442312,0
13,3,1.0,3.7004397181410926,0
11,0,1.0,3.2776134368191165,0
14,0,1.0833333333333333,2.9852281360342516,0
11,0,1.1111111111111112,2.8453509366224368,0
15,1,1.0,3.4565647621309536,0
12,0,1.0,3.418295834054489,0
15,0,1.0,3.1898980954642875,0
12,0,1.0,3.2516291673878226,0
15,0,1.0,3.640223928941852,0
15,0,1.0,3.5068905956085183,0
13,0,1.0,3.238901256602631,0
15,0,1.0,3.373557262275185,0
15,0,1.0,3.3735572622751846,0
10,0,1.0,2.721928094887362,0
15,0,1.0769230769230769,3.106890595608518,0
15,1,1.0,3.2729055953200556,0
11,0,1.0,3.2776134368191165,0
9,0,1.1428571428571428,2.2810361125534233,0
15,2,1.0,3.506890595608518,0
12,0,1.0,3.2516291673878226,0
8,0,1.0,3.0,0
11,0,1.0,2.9139770731827523,0
15,0,1.1666666666666667,2.606238928653389,0
12,2,1.0,3.2516291673878226,0
10,0,1.125,2.1219280948873624,0
14,0,1.0,3.3787834934861767,0
15,0,1.0,3.2729055953200556,0
14,0,1.0,3.2359263506290334,0
6,2,1.0,2.584962500721156,0
13,0,1.0,3.3927474104487847,0
7,0,1.0,2.807354922057604,0
7,0,1.0,2.807354922057604,0
14,0,1.1818181818181819,3.182005814760214,0
13,0,1.0909090909090908,2.8731406795131336,0
12,0,1.0,3.0220552088742,0
9,4,1.0,2.94770277922009,0
12,1,1.0,3.0849625007211556,0
15,0,1.0,3.4565647621309536,0
7,0,1.0,2.807354922057604,0
15,0,1.0,3.106890595608519,0
10,0,1.0,2.6464393446710153,0
13,0,1.2,3.0269868333592873,0
10,2,1.0,2.9219280948873623,0
15,0,1.0,3.640223928941851,0
9,0,1.0,2.94770277922009,0
13,0,1.0,3.085055102756477,0
4,0,1.0,1.5,0
8,0,1.0,3.0,0
15,0,1.0,3.6402239289418516,0
10,1,1.0,3.321928094887362,0
13,0,1.0,3.3927474104487847,0
11,0,1.0,3.2776134368191165,0
14,0,1.0,3.3248629576173574,0
15,0,1.2727272727272727,2.7898980954642867,0
12,0,1.0,3.0220552088742005,0
11,0,1.0,3.277613436819116,0
12,0,1.0,3.188721875540867,0
12,0,1.0,3.2516291673878226,0
13,0,1.2,3.238901256602631,0
9,0,1.0,3.169925001442312,0
14,0,1.0,3.521640636343319,0
12,2,1.0,3.084962500721156,0
15,1,1.0,3.6402239289418516,0
15,2,1.0,3.4565647621309536,0
15,2,1.0,3.640223928941852,0
11,0,1.0,3.027169118440619,0
8,0,1.0,2.5,0
10,0,1.0,2.721928094887362,0
14,2,1.0,3.378783493486176,0
7,4,1.2,2.128085278891394,0
11,0,1.25,2.663532754804255,0
11,0,1.0,3.027169118440619,0
9,0,1.0,2.725480556997868,0
10,0,1.0,2.9219280948873623,0
12,0,1.1,3.084962500721156,0
13,0,1.0909090909090908,2.7773627950641693,0
9,0,1.0,3.169925001442312,0
9,0,1.0,2.2810361125534233,0
13,0,1.0,3.0269868333592873,0
6,0,1.0,1.9182958340544896,0
10,0,1.0,2.8464393446710154,0
13,0,1.0,3.3927474104487847,0
11,0,1.0,3.027169118440619,0
11,0,1.0,3.277613436819116,0
14,3,1.0,3.6644977792004623,0
12,0,1.0,3.4182958340544896,0
8,2,1.0,2.75,0
9,1,1.0,3.169925001442312,0
14,0,1.0,3.3248629576173574,0
11,0,1.1111111111111112,3.0957952550009344,0
8,0,1.0,2.5,0
14,2,1.0,3.6644977792004623,0
12,0,1.1,3.2516291673878226,0
6,0,1.0,2.2516291673878226,0
10,1,1.125,2.6464393446710153,0
12,0,1.1,2.9182958340544896,0
10,0,1.0,3.321928094887362,0
13,0,1.0,3.3927474104487847,0
11,0,1.0,3.095795255000934,0
11,2,1.0,3.459431618637298,0
15,0,1.0,3.323231428797621,0
10,0,1.0,3.121928094887362,0
9,0,1.1428571428571428,2.4193819456463714,0
7,0,1.0,2.807354922057604,0
13,0,1.0,3.238901256602631,0
13,0,1.0,3.238901256602631,0
6,1,1.0,2.2516291673878226,0
7,1,1.0,2.521640636343318,0
11,2,1.0,3.0957952550009344,0
12,0,1.0,3.188721875540867,1
14,2,1.0,3.6644977792004623,0
15,0,1.0,3.3735572622751855,0
10,2,1.0,3.121928094887362,0
11,0,1.0,3.0957952550009344,0
12,0,1.0,3.418295834054489,0
12,2,1.0,3.418295834054489,0
13,0,1.0,3.334679141051595,0
14,0,1.0,3.4677201004745006,0
9,0,1.0,2.94770277922009,0
11,2,1.0,3.0957952550009344,0
11,0,1.0,2.8453509366224368,0
6,0,1.0,2.2516291673878226,0
13,0,1.0,3.238901256602631,0
12,0,1.0,3.0220552088742,0
12,1,1.1,2.6258145836939115,0
14,0,1.0,3.3248629576173574,0
9,0,1.0,2.4193819456463714,0
15,0,1.0,3.3735572622751855,0
13,0,1.0,3.180832987205441,0
14,0,1.0,3.378783493486176,0
11,2,1.0,3.277613436819116,0
8,0,1.0,2.5,0
9,1,1.0,2.94770277922009,0
13,0,1.3333333333333333,2.449311833026446,0
14,0,1.0,3.3787834934861767,0
10,0,1.0,3.121928094887362,0
12,0,1.0,2.8553885422075336,0
12,0,1.0,3.251629167387823,0
6,0,1.0,2.2516291673878226,0
11,0,1.0,3.277613436819116,0
15,2,1.0,3.640223928941851,0
7,3,1.0,2.807354922057604,0
11,0,1.0,3.027169118440619,0
6,1,1.0,2.584962500721156,0
13,0,1.0,3.3927474104487847,0
11,1,1.0,3.2776134368191165,0
14,2,1.0,3.521640636343319,0
12,1,1.0,3.0849625007211556,0
7,3,1.0,2.521640636343318,0
11,0,1.0,3.459431618637298,0
14,0,1.0,3.3787834934861767,0
15,4,1.0769230769230769,2.8729055953200557,0
13,0,1.0,3.238901256602631,0
9,3,1.0,2.94770277922009,0
11,0,1.0,3.0957952550009344,0
11,0,1.0,3.2776134368191165,0
11,0,1.0,3.277613436819116,1
10,2,1.125,2.6464393446710157,0
5,0,1.0,2.321928094887362,0
11,0,1.25,2.663532754804255,0
9,0,1.0,2.94770277922009,0
15,0,1.0,3.323231428797621,0
15,0,1.0,3.006238928653389,0
14,0,1.0,3.2359263506290334,0
10,4,1.0,3.1219280948873624,0
9,0,1.0,2.94770277922009,0
13,0,1.0909090909090908,3.180832987205441,0
8,0,1.0,3.0,0
7,0,1.0,2.5216406363433186,0
13,0,1.0,3.238901256602631,0
12,0,1.5714285714285714,2.418295834054489,0
10,0,1.125,2.4464393446710155,0
10,0,1.0,3.1219280948873624,0
13,0,1.0,2.931208948910323,0
12,0,1.0,3.0220552088742,0
13,0,1.0,3.0269868333592873,0
14,0,1.0,3.521640636343319,0
15,0,1.0,3.373557262275185,0
15,0,1.0,3.32323142879762,0
10,0,1.0,2.8464393446710154,0
15,0,1.0,3.3232314287976203,0
13,0,1.0,3.5465935642949384,0
11,0,1.0,3.0957952550009344,0
10,3,1.0,3.121928094887362,0
12,0,1.0,2.625814583693911,0
7,2,1.0,2.5216406363433186,0
13,0,1.0909090909090908,3.085055102756477,0
10,0,1.0,3.121928094887362,0
9,1,1.0,2.5032583347756456,0
12,0,1.0,3.418295834054489,0
5,2,1.0,1.9219280948873623,0
12,0,1.1,3.0220552088742005,0
12,0,1.1,3.2516291673878226,0
10,0,1.0,2.9219280948873623,0
14,3,1.0,3.521640636343319,0
13,0,1.0909090909090908,3.085055102756477,0
15,2,1.0,3.640223928941851,0
15,1,1.0769230769230769,2.8729055953200557,0
10,0,1.0,2.721928094887362,0
9,0,1.0,2.94770277922009,0
15,0,1.0769230769230769,3.3735572622751846,0
9,0,1.0,2.94770277922009,0
13,0,1.0,3.3927474104487847,0
10,0,1.0,2.9219280948873623,0
13,0,1.0,3.3927474104487847,0
5,0,1.0,1.9219280948873623,0
10,1,1.0,2.9219280948873623,0
8,0,1.0,2.75,0
9,0,1.0,2.94770277922009,0
14,0,1.0,3.8073549220576055,0
13,3,1.0,3.5465935642949384,0
13,2,1.0,3.5465935642949384,0
14,0,1.0,3.521640636343319,0
8,0,1.4,1.75,0
14,3,1.0,3.8073549220576055,0
15,0,1.0,3.5898980954642865,0
13,0,1.0909090909090908,3.180832987205441,0
13,0,1.0,3.238901256602631,0
14,0,1.0,3.4677201004744997,0
11,0,1.0,3.095795255000934,0
14,0,1.0,3.378783493486176,0
7,0,1.0,2.807354922057604,0
14,0,1.0833333333333333,3.378783493486176,0
12,0,1.0,3.188721875540867,0
10,0,1.0,3.321928094887362,0
12,0,1.1,2.688721875540867,0
15,4,1.0,3.5068905956085183,0
7,0,1.0,2.2359263506290326,0
14,0,1.0,3.521640636343319,0
11,0,1.0,3.459431618637298,0
13,1,1.0,3.392747410448785,0
11,0,1.0,3.095795255000934,0
13,0,1.0909090909090908,3.3927474104487847,0
11,0,1.0,2.9139770731827523,0
15,0,1.0,3.323231428797621,0
11,0,1.0,3.095795255000934,0
12,0,1.0,3.188721875540867,0
13,1,1.0,3.3927474104487847,0
14,0,1.0833333333333333,3.2359263506290334,0
13,0,1.0,3.3927474104487847,0
10,0,1.0,2.8464393446710154,0
14,0,1.0,3.521640636343319,0
6,0,1.0,2.251629167387823,0
8,3,1.1666666666666667,2.4056390622295662,0
15,0,1.1666666666666667,2.789898095464287,0
9,0,1.0,2.94770277922009,0
14,0,1.0833333333333333,2.950212064914748,0
12,0,1.1,2.792481250360578,0
12,0,1.0,3.418295834054489,0
15,2,1.0,3.6402239289418516,0
10,0,1.0,2.721928094887362,0
9,3,1.0,2.725480556997868,0
15,0,1.0,3.7735572622751845,0
8,6,1.0,2.75,0
8,0,1.0,2.75,0
11,0,1.0,2.5503407095463886,0
9,0,1.0,2.94770277922009,0
13,4,1.0909090909090908,3.392747410448785,0
12,0,1.0,3.584962500721156,0
13,0,1.0,3.3927474104487847,0
12,0,1.0,3.2516291673878226,0
7,0,1.0,2.5216406363433186,0
15,0,1.0769230769230769,3.189898095464287,0
4,1,1.0,2.0,0
7,0,1.0,2.5216406363433186,0
11,0,1.0,3.095795255000934,0
15,0,1.0,3.2729055953200556,0
11,0,1.0,3.095795255000934,0
15,0,1.0,3.240223928941852,0
14,5,1.0,3.039148671903071,0
8,0,1.0,2.75,0
14,0,1.0,3.3248629576173574,0
10,0,1.0,3.121928094887362,0
11,1,1.0,3.277613436819116,0
13,0,1.0,3.085055102756477,0
9,0,1.0,2.2810361125534233,0
7,2,1.0,2.807354922057604,0
9,0,1.0,2.6416041678685933,0
8,2,1.0,2.75,0
8,0,1.0,3.0,0
9,0,1.0,2.725480556997868,0
13,0,1.0,3.0850551027564768,0
9,2,1.0,2.725480556997868,0
10,4,1.0,2.8464393446710154,0
13,0,1.0,3.3927474104487847,0
11,0,1.1111111111111112,2.2221915755066783,0
7,0,1.0,2.807354922057604,0
12,0,1.0,3.251629167387823,0
11,0,1.0,3.0957952550009344,0
10,0,1.0,2.6464393446710157,0
10,0,1.0,2.9219280948873623,0
11,2,1.0,3.277613436819116,0
13,0,1.0,3.3927474104487847,0
13,3,1.0,3.5465935642949384,0
15,0,1.0,3.5068905956085183,0
13,0,1.0,3.5465935642949384,0
9,2,1.0,2.94770277922009,0
10,0,1.0,3.121928094887362,0
7,3,1.0,2.807354922057604,0
14,0,1.0,3.182005814760214,0
9,0,1.0,2.725480556997868,0
9,0,1.0,2.94770277922009,0
13,0,1.0,3.3927474104487847,0
14,0,1.0,3.039148671903071,0
11,0,1.0,2.7321588913645707,0
10,0,1.0,2.4464393446710155,0
11,0,1.0,3.277613436819116,0
11,0,1.0,3.0957952550009344,0
13,1,1.0,3.3927474104487847,0
13,1,1.0,3.238901256602631,0
13,0,1.0,3.3927474104487847,0
13,0,1.0,3.3927474104487847,0
12,0,1.0,2.8553885422075336,0
14,0,1.0,3.3787834934861767,0
14,0,1.0,3.2359263506290334,0
10,0,1.0,2.721928094887362,0
14,0,1.0,2.950212064914748,0
13,0,1.0,3.180832987205441,0
10,0,1.0,3.121928094887362,0
10,1,1.0,3.1219280948873624,0
8,2,1.0,2.75,0
13,2,1.0,3.085055102756477,0
11,0,1.0,3.0957952550009344,0
14,0,1.0,3.2359263506290334,0
13,0,1.0909090909090908,2.7773627950641693,0
13,0,1.0909090909090908,2.9312089489103235,0
13,0,1.0,3.3927474104487847,0
11,0,1.0,2.9139770731827523,0
12,0,1.0,3.2516291673878226,0
6,0,1.0,2.584962500721156,0
12,0,1.0,3.188721875540867,0
12,0,1.0,3.2516291673878226,0
10,1,1.0,2.9219280948873623,0
12,0,1.0,3.2516291673878226,0
12,0,1.0,3.0220552088742,0
13,0,1.0909090909090908,2.7773627950641693,0
7,0,1.0,2.807354922057604,0
9,0,1.0,2.94770277922009,0
11,0,1.0,3.2776134368191165,0
15,0,1.0,3.773557262275185,0
11,0,1.0,2.7321588913645702,0
13,0,1.0,3.180832987205441,0
9,4,1.0,2.94770277922009,0
13,0,1.0,2.931208948910323,0
13,0,1.0909090909090908,3.0269868333592873,0
10,0,1.0,2.9219280948873623,0
12,0,1.0,3.2516291673878226,0
15,0,1.0769230769230769,3.640223928941851,0
12,0,1.1,3.0220552088742005,0
7,0,1.2,2.2359263506290326,0
12,0,1.0,2.8553885422075336,0
11,4,1.0,3.459431618637298,0
12,3,1.0,3.251629167387823,0
12,0,1.0,3.188721875540867,0
10,4,1.125,2.5219280948873624,0
13,0,1.0,3.180832987205441,0
15,0,1.1666666666666667,2.9232314287976204,0
10,0,1.0,2.6464393446710157,0
12,1,1.0,3.418295834054489,0
10,0,1.0,2.9219280948873623,0
10,4,1.2857142857142858,2.521928094887362,0
6,1,1.0,2.584962500721156,0
10,0,1.0,3.321928094887362,0
15,6,1.0,3.5068905956085192,0
14,0,1.0,3.3787834934861767,0
15,4,1.0769230769230769,3.3232314287976212,0
14,0,1.0,3.521640636343319,0
11,0,1.0,2.9139770731827523,0
9,1,1.0,2.6416041678685933,0
12,0,1.0,3.2516291673878226,0
9,0,1.0,2.94770277922009,0
10,1,1.0,3.321928094887362,0
10,0,1.0,3.321928094887362,0
10,0,1.0,2.9219280948873623,0
8,0,1.0,2.75,0
7,0,1.0,2.807354922057604,0
11,0,1.1111111111111112,2.9139770731827523,0
13,0,1.0,3.334679141051595,0
12,0,1.0,3.188721875540867,0
13,0,1.0,3.180832987205441,0
8,2,1.0,2.75,0
13,0,1.0,3.392747410448785,0
8,0,1.0,3.0,0
8,0,1.0,2.75,0
15,1,1.0,3.0062389286533895,0
11,0,1.1111111111111112,3.0957952550009344,0
3,0,1.0,1.584962500721156,0
5,0,1.0,2.321928094887362,0
12,0,1.0,3.084962500721156,0
12,0,1.1,2.751629167387823,0
13,0,1.0,2.9689185639620974,0
6,0,1.0,2.584962500721156,0
10,0,1.0,2.7219280948873625,0
13,0,1.0909090909090908,3.238901256602631,0
6,0,1.0,2.584962500721156,1
11,0,1.1111111111111112,2.663532754804255,0
8,0,1.0,3.0,0
13,2,1.0,3.7004397181410926,0
11,0,1.0,3.0957952550009344,0
9,0,1.0,2.94770277922009,0
10,0,1.0,3.121928094887362,0
12,4,1.0,2.8553885422075336,0
8,0,1.0,2.75,0
14,0,1.0,3.182005814760214,0
9,0,1.1428571428571428,2.197159723424149,0
10,0,1.0,2.9219280948873623,0
15,4,1.0,3.773557262275185,0
10,0,1.0,2.9219280948873623,0
12,0,1.0,3.418295834054489,0
11,0,1.0,2.913977073182752,0
14,0,1.0833333333333333,3.039148671903071,0
12,0,1.0,3.584962500721156,0
15,2,1.0,3.3232314287976203,0
9,3,1.0,2.9477027792200903,0
7,2,1.0,2.521640636343318,0
9,0,1.0,2.94770277922009,0
5,0,1.0,1.9219280948873623,0
14,2,1.0,3.6644977792004623,0
10,0,1.0,2.9219280948873623,0
8,1,1.0,3.0,0
15,0,1.1666666666666667,3.1898980954642866,0
7,1,1.0,2.521640636343318,0
10,0,1.0,3.121928094887362,0
14,0,1.0,3.182005814760214,0
9,1,1.0,2.725480556997868,0
7,0,1.0,2.5216406363433186,0
15,3,1.0769230769230769,3.640223928941852,0
15,0,1.0769230769230769,3.640223928941851,0
11,0,1.0,3.0957952550009344,0
12,0,1.0,3.084962500721156,0
10,0,1.0,3.121928094887362,0
14,0,1.0,3.4677201004745006,0
10,0,1.0,3.121928094887362,0
12,4,1.0,3.2516291673878226,0
10,0,1.0,3.121928094887362,0
2,0,1.0,1.0,0
14,0,1.0,3.182005814760214,0
11,0,1.0,2.413088436425758,0
13,0,1.0,3.3927474104487847,0
12,0,1.0,2.8553885422075336,0
9,1,1.0,3.169925001442312,0
10,0,1.0,2.8464393446710154,0
8,3,1.0,2.75,0
14,0,1.0,3.521640636343319,0
11,0,1.1111111111111112,2.663532754804255,0
9,1,1.0,3.169925001442312,0
15,0,1.0,3.106890595608518,0
7,0,1.0,2.1280852788913944,0
10,1,1.0,3.121928094887362,0
15,0,1.0,3.2402239289418517,0
8,2,1.0,2.75,0
12,0,1.0,2.8553885422075336,0
13,0,1.0909090909090908,3.0269868333592873,0
10,0,1.0,3.321928094887362,0
10,0,1.2857142857142858,2.446439344671015,0
4,0,1.0,2.0,0
12,2,1.5714285714285714,2.7516291673878226,0
15,0,1.0,3.3232314287976203,0
11,0,1.0,2.7321588913645702,0
8,0,1.0,3.0,0
15,0,1.0,3.3232314287976203,0
6,0,1.0,2.2516291673878226,0
10,0,1.0,3.121928094887362,0
12,0,1.0,3.2516291673878226,0
14,0,1.0,3.3787834934861767,0
10,0,1.125,2.6464393446710153,0
9,0,1.0,2.725480556997868,0
14,0,1.0,3.52164063634332,0
6,0,1.25,1.7924812503605778,0
13,0,1.0,3.3927474104487847,0
10,0,1.0,3.321928094887362,0
12,0,1.0,2.8553885422075336,0
12,2,1.0,3.418295834054489,0
15,0,1.0769230769230769,3.139572261986723,0
15,0,1.0,3.7735572622751845,0
9,0,1.0,3.169925001442312,0
8,0,1.0,2.75,0
11,0,1.0,2.663532754804255,0
13,0,1.0,3.5465935642949384,0
12,0,1.0,3.0220552088742,0
15,0,1.0769230769230769,3.32323142879762,0
11,0,1.1111111111111112,2.7321588913645702,0
10,0,1.0,3.1219280948873624,0
10,0,1.0,3.321928094887362,0
9,0,1.1428571428571428,2.725480556997868,0
14,0,1.0,3.182005814760214,0
11,0,1.0,3.0957952550009344,0
12,0,1.0,3.418295834054489,0
14,0,1.0,3.378783493486176,0
13,1,1.0,2.7192945256669794,0
13,0,1.0,3.0269868333592873,0
10,4,1.0,2.9219280948873623,0
15,0,1.0,3.189898095464287,0
9,0,1.1428571428571428,2.725480556997868,0
9,0,1.0,2.725480556997868,0
11,0,1.0,3.2776134368191165,0
13,0,1.0,3.085055102756477,0
8,0,1.0,2.75,0
13,2,1.0,3.334679141051595,0
13,0,1.0,3.3927474104487847,0
15,0,1.0,3.1898980954642875,0
15,4,1.0769230769230769,3.0565647621309537,0
11,2,1.0,2.9139770731827523,0
10,0,1.0,3.121928094887362,0
9,2,1.0,2.94770277922009,0
10,0,1.0,3.321928094887362,0
12,0,1.0,3.2516291673878226,0
7,0,1.0,2.5216406363433186,0
15,0,1.1666666666666667,3.1898980954642875,0
9,0,1.0,2.6416041678685933,0
8,2,1.0,2.75,0
14,0,1.0833333333333333,2.950212064914747,0
15,0,1.0,3.189898095464287,0
15,0,1.0,3.189898095464287,0
9,0,1.1428571428571428,2.725480556997868,0
7,1,1.0,2.5216406363433186,0
9,0,1.0,2.9477027792200903,0
13,0,1.0,3.238901256602631,0
13,0,1.0,3.546593564294939,0
14,0,1.0,3.2359263506290334,0
8,0,1.0,2.75,0
9,0,1.0,3.169925001442312,0
11,0,1.0,2.8453509366224368,0
13,0,1.0909090909090908,2.7773627950641693,0
10,0,1.125,2.3709505944546687,0
15,0,1.0,3.323231428797621,0
7,0,1.0,2.5216406363433186,0
11,3,1.0,3.277613436819116,0
12,0,1.0,3.0220552088742,0
12,1,1.0,3.584962500721156,0
14,0,1.0833333333333333,2.7534343861887853,0
11,0,1.0,3.095795255000934,1
14,0,1.0,3.2359263506290334,0
15,2,1.0,3.640223928941852,0
9,0,1.0,2.725480556997868,0
15,2,1.0769230769230769,3.3232314287976203,0
11,0,1.0,3.277613436819116,0
15,0,1.0769230769230769,3.3735572622751855,0
15,2,1.0,3.640223928941852,0
11,2,1.0,3.0957952550009344,0
13,0,1.0,3.238901256602631,0
10,0,1.0,2.9219280948873623,0
14,0,1.0,3.09306920777189,0
13,0,1.0,3.5465935642949384,0
7,2,1.0,2.5216406363433186,0
15,0,1.0,3.106890595608518,0
11,0,1.0,3.027169118440619,0
13,0,1.0,3.3927474104487847,0
11,0,1.0,3.2776134368191165,0
12,0,1.0,3.4182958340544896,0
10,0,1.0,2.6464393446710153,0
12,0,1.375,2.5220552088742,0
12,0,1.0,2.918295834054489,0
12,0,1.1,3.0849625007211556,0
8,0,1.1666666666666667,2.5,0
9,0,1.0,2.725480556997868,0
10,0,1.0,2.8464393446710154,0
7,0,1.0,2.807354922057604,0
9,0,1.0,2.94770277922009,0
13,0,1.0,3.238901256602631,0
8,0,1.0,2.75,0
12,0,1.1,3.2516291673878226,0
5,2,1.0,1.9219280948873623,0
14,0,1.0,3.521640636343319,0
13,0,1.0,3.7004397181410926,0
10,0,1.0,3.121928094887362,0
11,0,1.0,3.459431618637298,0
11,0,1.0,3.0957952550009344,0
13,0,1.0,3.238901256602631,0
7,0,1.0,2.807354922057604,0
9,0,1.1428571428571428,2.4193819456463714,0
14,2,1.0,3.3248629576173574,0
11,0,1.0,3.0957952550009344,0
14,1,1.0,3.3248629576173574,0
11,0,1.0,3.277613436819116,0
13,4,1.0,3.334679141051595,0
11,0,1.0,3.027169118440619,0
8,0,1.1666666666666667,2.1556390622295662,0
14,0,1.0,3.3248629576173574,0
15,1,1.0,3.5068905956085183,0
10,0,1.0,3.121928094887362,0
12,2,1.0,3.584962500721156,0
11,0,1.0,3.095795255000934,0
10,0,1.0,2.6464393446710153,0
8,4,1.1666666666666667,2.1556390622295662,0
8,0,1.0,3.0,0
13,0,1.0,3.3927474104487847,0
10,0,1.0,2.9219280948873623,0
9,0,1.0,2.503258334775646,0
11,0,1.0,3.0957952550009344,0
8,0,1.0,2.5,0
13,0,1.0,3.180832987205441,0
13,0,1.0,3.238901256602631,0
10,2,1.0,3.121928094887362,0
15,4,1.0,3.640223928941851,0
12,0,1.1,2.5849625007211556,0
14,0,1.0,3.182005814760214,0
10,0,1.0,3.121928094887362,0
5,1,1.0,2.321928094887362,0
10,1,1.125,2.9219280948873623,0
10,0,1.0,3.321928094887362,0
9,0,1.1428571428571428,2.725480556997868,0
15,1,1.0,3.2402239289418517,0
12,0,1.0,3.188721875540867,0
15,4,1.0,3.5068905956085183,0
13,0,1.2,2.8731406795131336,0
13,0,1.0,3.238901256602631,0
10,0,1.125,2.5219280948873624,0
12,4,1.0,3.2516291673878226,0
5,0,1.0,1.9219280948873623,0
15,0,1.0,3.5068905956085183,0
15,1,1.0,3.323231428797621,0
9,1,1.0,2.5032583347756456,0
12,0,1.0,3.2516291673878226,0
11,0,1.0,3.095795255000934,0
12,0,1.0,3.4182958340544896,0
12,0,1.0,3.2516291673878226,0
10,0,1.0,3.121928094887362,0
8,0,1.0,2.75,0
10,0,1.0,3.321928094887362,0
10,0,1.0,2.9219280948873623,0
10,0,1.0,2.9219280948873623,0
9,0,1.0,3.169925001442312,0
14,0,1.0,3.378783493486176,0
10,0,1.0,3.321928094887362,0
9,0,1.0,3.169925001442312,0
9,0,1.0,2.6416041678685933,0
12,0,1.0,3.584962500721156,0
13,1,1.0,3.546593564294939,0
13,0,1.0909090909090908,2.4116022179746714,0
15,0,1.0,3.640223928941851,0
9,0,1.0,2.725480556997868,0
8,0,1.0,3.0,0
12,0,1.0,3.418295834054489,0
10,0,1.0,2.9219280948873623,0
13,0,1.0,3.238901256602631,0
13,0,1.0,3.3927474104487847,0
5,1,1.0,2.321928094887362,0
15,1,1.0,3.4565647621309536,0
12,0,1.0,2.584962500721156,0
12,0,1.0,3.2516291673878226,0
10,0,1.2857142857142858,2.721928094887362,0
10,0,1.0,3.121928094887362,0
10,0,1.0,2.9219280948873623,0
13,0,1.0,3.180832987205441,0
12,0,1.0,3.0220552088742,0
8,6,1.0,2.75,0
5,0,1.0,2.321928094887362,0
7,0,1.0,2.5216406363433186,0
12,0,1.0,3.418295834054489,0
11,0,1.1111111111111112,2.5503407095463886,1
15,4,1.0769230769230769,3.456564762130953,0
15,0,1.0,3.5068905956085183,1
9,0,1.0,2.94770277922009,0
15,0,1.0,3.640223928941851,0
12,1,1.0,3.084962500721156,0
8,2,1.0,3.0,0
12,0,1.0,3.2516291673878226,0
13,0,1.0,3.238901256602631,0
13,0,1.0,3.238901256602631,0
3,1,1.0,1.584962500721156,0
13,0,1.0,3.238901256602631,0
15,2,1.0,3.506890595608518,0
9,0,1.0,3.169925001442312,0
7,0,1.0,2.521640636343318,0
8,0,1.0,2.75,0
14,4,1.0,3.378783493486176,0
12,0,1.1,3.0220552088742,1
11,0,1.0,3.277613436819116,0
9,0,1.0,2.6416041678685933,0
9,2,1.0,2.94770277922009,0
11,0,1.0,2.845350936622437,0
8,0,1.0,2.4056390622295662,0
11,0,1.0,3.027169118440619,0
11,0,1.0,2.9139770731827523,1
11,0,1.0,3.277613436819116,0
10,0,1.0,2.721928094887362,0
6,0,1.0,2.584962500721156,0
15,1,1.0,3.189898095464287,0
14,0,1.0,3.378783493486176,0
9,2,1.0,2.725480556997868,0
5,0,1.0,2.321928094887362,0
10,1,1.0,3.121928094887362,0
15,0,1.0,3.3232314287976203,0
13,2,1.0,2.8073904508767225,0
15,0,1.0,3.189898095464287,0
11,0,1.0,3.0957952550009344,0
11,1,1.0,3.277613436819116,0
12,0,1.0,3.2516291673878226,0
13,0,1.0,3.238901256602631,0
12,0,1.0,2.688721875540867,0
5,0,1.0,2.321928094887362,0
8,0,1.0,2.75,0
13,0,1.0,3.238901256602631,0
14,0,1.0,2.950212064914748,0
10,1,1.0,3.321928094887362,0
13,0,1.0,3.3927474104487847,0
15,0,1.0,3.3735572622751846,0
10,0,1.0,3.321928094887362,0
14,0,1.0,3.378783493486176,0
8,0,1.0,2.75,0
5,0,1.0,2.321928094887362,0
10,2,1.0,3.1219280948873624,0
9,2,1.0,3.169925001442312,0
10,0,1.0,2.9219280948873623,0
15,3,1.0,3.456564762130954,0
14,0,1.0833333333333333,3.182005814760214,0
15,0,1.0769230769230769,3.456564762130954,0
12,0,1.0,3.4182958340544896,0
14,0,1.0833333333333333,2.8423709931771093,0
6,0,1.0,2.584962500721156,0
5,4,1.0,1.9219280948873623,0
12,0,1.0,3.2516291673878226,0
14,1,1.0,3.6644977792004623,0
11,0,1.0,3.2776134368191165,0
14,0,1.0,3.3787834934861767,0
10,0,1.2857142857142858,2.721928094887362,0
15,0,1.0,3.3735572622751855,0
12,0,1.0,3.2516291673878226,0
10,0,1.0,3.321928094887362,0
15,2,1.0,3.32323142879762,0
9,0,1.3333333333333333,2.2810361125534233,0
12,0,1.0,3.2516291673878226,0
10,0,1.0,2.6464393446710153,0
10,0,1.0,3.121928094887362,0
14,0,1.0833333333333333,3.3787834934861767,0
9,1,1.0,3.169925001442312,0
8,0,1.0,3.0,0
7,1,2.0,1.1488348542809166,0
10,0,1.0,2.521928094887362,0
12,1,1.0,3.251629167387823,0
14,2,1.0,3.6644977792004623,0
13,0,1.0,3.0269868333592873,0
11,0,1.0,2.7321588913645702,0
9,0,1.0,2.94770277922009,0
12,0,1.0,3.2516291673878226,0
7,0,1.0,2.521640636343318,0
12,0,1.0,3.188721875540867,0
12,0,1.0,3.418295834054489,0
12,0,1.0,3.2516291673878226,0
11,6,1.0,3.095795255000934,0
15,0,1.0,3.3232314287976203,0
14,0,1.0,3.521640636343319,0
10,0,1.0,2.8464393446710154,0
15,0,1.0,3.3735572622751855,0
15,8,1.0,3.456564762130954,0
15,0,1.0,3.456564762130953,0
13,0,1.0,3.238901256602631,0
10,0,1.0,2.9219280948873623,0
14,0,1.0,2.8423709931771093,0
8,0,1.0,2.5,0
13,4,1.0909090909090908,3.238901256602631,0
11,0,1.0,3.277613436819116,0
9,2,1.0,2.94770277922009,0
11,0,1.0,3.2776134368191165,0
8,0,1.0,2.75,0
10,0,1.0,3.121928094887362,0
11,0,1.0,3.095795255000934,0
9,0,1.0,3.169925001442312,0
13,0,1.0,3.3927474104487847,0
12,0,1.0,3.584962500721156,0
14,0,1.0,3.09306920777189,0
8,2,1.0,3.0,0
10,0,1.0,2.9219280948873623,0
12,0,1.375,1.780672129520887,0
11,1,1.0,3.027169118440619,0
12,1,1.2222222222222223,2.4508257945180882,0
15,0,1.0,3.506890595608518,1
6,0,1.0,2.2516291673878226,0
9,1,1.0,3.169925001442312,0
10,0,1.0,2.9219280948873623,0
13,2,1.0,3.546593564294939,0
9,2,1.0,2.725480556997868,0
12,0,1.0,3.188721875540867,0
11,0,1.0,3.0957952550009344,0
14,0,1.0,3.521640636343319,0
15,0,1.0,3.640223928941851,0
14,2,1.0,3.6644977792004623,0
10,3,1.0,3.1219280948873624,0
8,0,1.0,3.0,0
14,0,1.0,3.2359263506290334,0
12,0,1.0,3.2516291673878226,0
13,1,1.0,3.180832987205441,0
12,0,1.0,3.188721875540867,0
10,4,1.0,3.121928094887362,0
10,0,1.0,3.321928094887362,0
14,0,1.0,3.2359263506290334,0
10,0,1.0,3.121928094887362,0
13,0,1.0,3.3927474104487847,0
13,0,1.0,3.085055102756477,0
6,0,1.0,1.7924812503605778,0
9,3,1.0,3.169925001442312,0
11,3,1.0,2.8453509366224368,0
7,0,1.0,2.521640636343318,0
7,0,1.0,2.807354922057604,0
9,0,1.1428571428571428,2.725480556997868,0
14,0,1.0,2.9852281360342516,0
15,2,1.0,3.6402239289418516,0
5,0,1.0,2.321928094887362,0
11,0,1.0,3.027169118440619,0
12,2,1.0,2.918295834054489,0
9,0,1.0,2.9477027792200903,0
12,0,1.0,3.418295834054489,0
14,0,1.0,3.182005814760214,0
12,0,1.0,3.084962500721156,0
9,0,1.0,2.725480556997868,0
5,2,1.0,1.9219280948873623,0
10,0,1.0,3.321928094887362,0
6,0,1.0,1.9182958340544896,0
10,0,1.0,2.721928094887362,0
11,0,1.0,3.095795255000934,0
14,0,1.0,3.6644977792004623,0
11,0,1.0,3.277613436819116,0
11,0,1.1111111111111112,2.5503407095463886,0
12,0,1.0,3.084962500721156,0
5,0,1.0,1.5219280948873621,0
10,0,1.0,3.1219280948873624,0
8,0,1.0,2.4056390622295662,0
9,0,1.3333333333333333,2.113283334294875,0
10,0,1.0,3.1219280948873624,0
9,0,1.0,2.94770277922009,0
10,0,1.0,3.121928094887362,0
11,2,1.0,3.095795255000934,0
13,0,1.7142857142857142,2.353533948577482,0
14,2,1.0,3.378783493486176,0
10,0,1.0,3.121928094887362,0
12,0,1.0,3.2516291673878226,0
10,2,1.0,3.1219280948873624,0
6,0,1.0,2.2516291673878226,0
15,0,1.0,3.373557262275185,0
12,0,1.0,3.251629167387823,0
12,0,1.1,3.2516291673878226,0
10,0,1.0,2.846439344671015,0
12,0,1.0,3.0220552088742,0
9,0,1.0,2.725480556997868,0
12,0,1.0,3.2516291673878226,0
11,0,1.1111111111111112,2.845350936622437,0
8,0,1.0,3.0,0
14,0,1.0,3.3787834934861767,0
8,0,1.0,2.75,0
12,0,1.0,3.2516291673878226,0
11,0,1.1111111111111112,2.913977073182752,0
12,0,1.0,3.0220552088742005,0
8,0,1.0,2.75,0
9,0,1.0,2.725480556997868,0
13,0,1.0909090909090908,2.873140679513133,0
15,0,1.0,3.32323142879762,0
9,0,1.0,2.94770277922009,0
13,0,1.0,3.0269868333592873,0
9,0,1.0,2.94770277922009,0
13,4,1.0909090909090908,3.1808329872054406,0
9,0,1.0,3.169925001442312,0
11,0,1.0,3.277613436819116,0
15,0,1.0,3.373557262275185,0
8,0,1.0,2.75,1
13,0,1.0,3.238901256602631,0
9,0,1.0,2.725480556997868,0
9,2,1.0,2.94770277922009,0
15,0,1.1666666666666667,2.7898980954642876,0
12,0,1.0,3.084962500721156,0
14,0,1.0,3.378783493486176,0
10,0,1.0,2.8464393446710154,0
10,3,1.0,2.6464393446710157,0
13,0,1.0,3.3927474104487847,0
15,2,1.0769230769230769,3.240223928941852,0
13,0,1.0,3.3927474104487847,0
14,0,1.0833333333333333,2.6455933144511468,0
10,0,1.0,3.321928094887362,0
9,0,1.0,2.94770277922009,0
12,0,1.0,3.2516291673878226,0
13,0,1.0909090909090908,2.6031579868726,0
12,3,1.1,3.084962500721156,0
14,0,1.0,3.378783493486176,0
14,0,1.0833333333333333,3.3787834934861767,0
15,0,1.0769230769230769,3.1395722619867223,0
13,0,1.0,3.180832987205441,0
12,0,1.0,3.2516291673878226,0
15,0,1.0769230769230769,3.640223928941851,0
13,0,1.0,2.9312089489103235,0
9,0,1.0,2.94770277922009,0
11,0,1.0,3.2776134368191165,0
15,0,1.0,3.32323142879762,0
11,0,1.0,2.9139770731827523,0
10,0,1.2857142857142858,2.446439344671015,0
15,0,1.0,3.5068905956085183,0
12,0,1.0,3.2516291673878226,0
10,0,1.0,2.9219280948873623,0
15,0,1.0,3.3232314287976203,0
11,0,1.1111111111111112,2.913977073182752,0
10,0,1.0,2.321928094887362,0
10,0,1.0,3.1219280948873624,0
12,0,1.0,3.418295834054489,0
10,0,1.0,2.9219280948873623,0
10,1,1.0,2.9219280948873623,0
12,0,1.1,2.6887218755408666,0
9,3,1.0,3.169925001442312,0
8,0,1.0,2.75,0
15,1,1.0769230769230769,3.2729055953200556,0
11,0,1.0,3.0957952550009344,0
11,1,1.0,3.277613436819116,0
13,0,1.0,3.3927474104487847,0
9,0,1.0,2.725480556997868,0
9,0,1.0,3.169925001442312,0
15,1,1.0,3.773557262275185,0
15,0,1.0,3.32323142879762,0
10,1,1.0,3.121928094887362,0
15,2,1.0,3.640223928941852,0
14,0,1.0,3.039148671903071,0
14,0,1.0,3.378783493486176,0
13,2,1.0,3.3927474104487847,0
10,0,1.125,2.9219280948873623,0
12,3,1.0,2.918295834054489,0
15,0,1.0,3.456564762130953,0
7,0,1.0,2.521640636343318,0
11,0,1.0,2.9139770731827523,0
14,0,1.0,3.039148671903071,0
15,2,1.0,3.640223928941851,0
8,2,1.0,2.5,0
15,1,1.0,2.9232314287976204,0
9,0,1.0,2.725480556997868,0
13,0,1.0,3.0269868333592873,0
11,0,1.0,3.095795255000934,0
6,0,1.0,2.2516291673878226,0
12,0,1.0,3.084962500721156,0
15,0,1.0,3.3232314287976203,0
13,0,1.0909090909090908,3.180832987205441,0
14,0,1.0,3.182005814760214,0
9,0,1.0,2.725480556997868,0
11,0,1.0,3.095795255000934,0
12,0,1.0,3.0220552088742,0
15,0,1.0,3.323231428797621,0
10,0,1.0,3.121928094887362,0
11,0,1.0,2.913977073182752,0
14,0,1.0,3.09306920777189,0
13,0,1.0,3.238901256602631,0
6,0,1.0,2.584962500721156,0
5,2,1.0,1.9219280948873623,0
12,0,1.0,3.084962500721156,0
13,0,1.0909090909090908,2.9312089489103235,0
9,3,1.0,2.94770277922009,0
11,1,1.0,2.8453509366224368,0
13,0,1.2,2.6535442970305683,0
10,0,1.0,3.121928094887362,0
11,3,1.0,3.027169118440619,0
13,0,1.0,3.3927474104487847,0
15,0,1.0,3.373557262275185,0
15,0,1.0,3.3735572622751846,0
10,0,1.0,2.9219280948873623,0
6,4,1.0,2.251629167387823,0
9,0,1.0,2.6416041678685933,0
8,0,1.1666666666666667,2.5,0
8,0,1.0,3.0,0
15,0,1.0,3.506890595608519,0
10,0,1.0,2.9219280948873623,0
14,0,1.0,3.6644977792004623,0
13,1,1.0,3.238901256602631,0
13,1,1.0,3.5465935642949384,0
13,2,1.0,3.5465935642949384,0
13,0,1.0,3.0269868333592873,0
7,1,1.0,2.807354922057604,0
14,0,1.0,3.039148671903071,0
7,0,1.0,2.807354922057604,0
15,3,1.0,3.2729055953200556,0
11,0,1.0,3.0957952550009344,0
15,0,1.0,3.5068905956085183,0
10,0,1.0,2.721928094887362,0
8,0,1.0,2.5,0
13,0,1.0,3.3927474104487847,0
13,0,1.2,3.238901256602631,0
11,0,1.0,3.0957952550009344,0
13,0,1.0,3.3927474104487847,0
13,0,1.0,3.180832987205441,0
15,0,1.0,3.506890595608519,0
15,0,1.0,3.4565647621309536,0
7,3,1.0,2.521640636343318,0
12,0,1.0,3.0849625007211556,0
10,0,1.0,2.9219280948873623,0
12,0,1.0,3.0220552088742005,0
13,0,1.0,3.238901256602631,0
7,0,1.0,2.5216406363433186,1
11,0,1.0,2.8453509366224368,0
11,0,1.0,3.0957952550009344,0
11,0,1.0,2.913977073182752,0
11,0,1.0,3.0957952550009344,0
15,0,1.0,3.106890595608518,0
12,0,1.0,3.2516291673878226,0
12,0,1.0,3.418295834054489,0
8,0,1.0,3.0,0
13,0,1.0,3.0269868333592873,0
6,0,1.0,2.584962500721156,0
9,2,1.0,2.94770277922009,0
15,0,1.1666666666666667,3.106890595608518,0
15,0,1.0769230769230769,3.3735572622751846,0
15,0,1.0,3.189898095464287,0
15,0,1.0,3.189898095464287,0
7,0,1.0,2.807354922057604,0
12,0,1.0,3.2516291673878226,0
15,0,1.0,3.3232314287976203,0
14,0,1.0,3.3787834934861767,0
12,0,1.0,3.584962500721156,0
11,0,1.0,3.459431618637298,0
10,0,1.0,3.121928094887362,0
10,2,1.0,2.9219280948873623,0
9,0,1.1428571428571428,2.6416041678685933,0
12,0,1.0,3.188721875540867,0
11,0,1.0,2.663532754804255,0
10,0,1.0,3.121928094887362,0
15,0,1.0,3.32323142879762,0
11,0,1.0,3.027169118440619,0
13,2,1.0,3.085055102756477,0
11,0,1.25,2.413088436425758,0
14,0,1.0833333333333333,3.3787834934861767,0
11,0,1.0,2.913977073182752,0
9,1,1.0,2.94770277922009,0
12,2,1.0,3.4182958340544896,0
15,0,1.0,3.4565647621309536,0
14,0,1.0,2.9852281360342525,0
11,0,1.0,3.0957952550009344,0
12,4,1.0,3.2516291673878226,0
13,0,1.0,3.238901256602631,0
13,0,1.0,3.0269868333592873,0
12,0,1.0,2.751629167387823,0
13,0,1.0,3.238901256602631,0
14,0,1.0,2.9852281360342525,0
14,0,1.0833333333333333,3.182005814760214,0
11,3,1.1111111111111112,2.8453509366224368,0
11,0,1.1111111111111112,2.9139770731827523,0
15,1,1.0,3.2729055953200556,0
15,1,1.5555555555555556,2.5735572622751848,0
15,4,1.1666666666666667,3.3735572622751846,0
10,2,1.0,3.121928094887362,0
13,0,1.0,3.238901256602631,0
15,2,1.0,3.773557262275185,0
11,0,1.0,3.095795255000934,0
9,0,1.0,2.94770277922009,0
10,2,1.0,3.121928094887362,0
12,1,1.0,3.418295834054489,0
14,0,1.0,2.699513850319966,0
9,0,1.0,3.169925001442312,0
13,0,1.0,3.3927474104487847,0
7,0,1.0,2.1280852788913944,0
10,0,1.0,3.321928094887362,0
13,0,1.0,3.238901256602631,0
10,0,1.0,3.321928094887362,0
12,0,1.0,3.4182958340544896,0
9,0,1.1428571428571428,2.058813890331201,0
12,0,1.0,3.251629167387823,0
15,0,1.0,3.5068905956085183,0
13,3,1.0,3.7004397181410926,0
8,0,1.1666666666666667,2.4056390622295662,0
13,0,1.0,3.180832987205441,1
12,0,1.0,3.2516291673878226,0
10,0,1.0,2.9219280948873623,0
9,0,1.3333333333333333,2.2810361125534233,0
9,0,1.0,2.94770277922009,0
12,1,1.0,3.0849625007211556,0
11,0,1.1111111111111112,2.845350936622437,0
10,0,1.0,2.9219280948873623,0
11,0,1.0,3.027169118440619,0
13,3,1.0909090909090908,2.873140679513133,0
14,0,1.0,3.378783493486176,0
7,0,1.0,2.5216406363433186,0
8,2,1.0,3.0,0
14,0,1.0,3.182005814760214,0
13,1,1.0,2.873140679513133,0
11,0,1.0,2.845350936622437,0
9,0,1.0,3.169925001442312,0
12,0,1.0,3.2516291673878226,0
10,0,1.0,2.8464393446710154,0
6,0,1.0,2.584962500721156,0
14,3,1.0,3.6644977792004623,0
14,0,1.0,3.521640636343319,0
8,3,1.0,3.0,0
12,0,1.0,3.188721875540867,0
11,0,1.0,2.9139770731827523,0
13,0,1.0,3.0269868333592873,0
8,0,1.0,3.0,0
9,0,1.0,2.94770277922009,0
10,2,1.0,2.9219280948873623,0
14,0,1.0,3.378783493486176,0
15,2,1.0769230769230769,3.506890595608518,0
12,0,1.0,3.2516291673878226,0
15,0,1.0,3.4565647621309536,0
14,0,1.0,3.09306920777189,0
11,0,1.0,3.459431618637298,0
12,0,1.0,2.9182958340544896,0
10,0,1.125,2.921928094887362,0
9,2,1.0,3.169925001442312,0
11,0,1.0,3.2776134368191165,0
11,0,1.0,2.8453509366224368,0
9,0,1.0,2.725480556997868,0
10,0,1.0,3.121928094887362,0
15,0,1.0,3.32323142879762,0
11,3,1.0,3.095795255000934,0
13,0,1.0,3.238901256602631,0
7,0,1.2,2.2359263506290326,0
9,0,1.0,2.5032583347756456,0
10,0,1.0,2.6464393446710153,0
10,0,1.0,3.121928094887362,0
14,0,1.0,3.3787834934861767,0
6,2,1.0,2.584962500721156,0
12,0,1.1,3.2516291673878226,0
15,0,1.0,3.640223928941851,0
9,0,1.0,2.94770277922009,0
13,0,1.0,3.180832987205441,0
15,0,1.0,3.323231428797621,1
12,0,1.0,3.584962500721156,0
5,1,1.0,2.321928094887362,0
14,3,1.0,2.9852281360342516,0
14,0,1.0,3.521640636343319,0
7,0,1.0,2.521640636343318,0
7,2,1.0,2.807354922057604,0
12,0,1.0,3.2516291673878226,0
14,2,1.0,3.3787834934861767,0
12,0,1.0,3.418295834054489,0
12,0,1.0,3.251629167387823,0
9,2,1.0,2.94770277922009,0
12,0,1.0,3.084962500721156,0
7,0,1.0,2.521640636343318,0
12,2,1.0,3.084962500721156,0
9,0,1.0,2.725480556997868,0
14,0,1.0,3.2359263506290334,0
15,0,1.0769230769230769,3.3232314287976203,0
9,0,1.0,3.169925001442312,0
12,0,1.0,3.2516291673878226,0
10,0,1.0,3.321928094887362,0
9,1,1.0,3.169925001442312,0
15,2,1.0,3.506890595608518,0
15,0,1.0,3.32323142879762,0
15,0,1.0,3.6402239289418516,0
11,0,1.0,2.913977073182752,0
14,0,1.0,3.378783493486176,0
15,0,1.0,3.1898980954642875,0
9,0,1.0,2.725480556997868,1
3,0,1.0,1.584962500721156,0
8,0,1.0,2.1556390622295662,0
10,0,1.0,2.9219280948873623,0
14,4,1.0,3.521640636343319,0
13,0,1.0,3.3927474104487847,0
9,0,1.0,2.725480556997868,0
10,2,1.0,2.721928094887362,0
15,0,1.0769230769230769,3.3735572622751846,0
11,0,1.0,2.9139770731827523,0
8,0,1.0,2.75,0
9,0,1.0,2.725480556997868,0
5,0,1.0,2.321928094887362,0
11,0,1.0,2.9139770731827523,0
15,0,1.0,3.373557262275185,0
10,1,1.0,3.1219280948873624,0
9,0,1.0,2.94770277922009,0
15,0,1.0,3.373557262275185,0
11,0,1.0,3.277613436819116,0
9,3,1.0,3.169925001442312,0
15,0,1.0,3.32323142879762,0
8,0,1.0,2.75,0
7,2,1.0,2.5216406363433186,0
11,0,1.0,2.8453509366224368,0
12,0,1.1,2.918295834054489,0
10,0,1.0,2.721928094887362,0
14,0,1.0,3.09306920777189,0
14,8,1.625,2.403677461028802,0
15,2,1.0,3.906890595608518,0
15,1,1.0769230769230769,2.789898095464287,0
15,0,1.0,3.1329145639793974,0
10,2,1.0,2.9219280948873623,0
8,3,1.0,2.75,0
7,0,1.0,2.807354922057604,0
14,0,1.0,3.6644977792004623,0
9,4,1.0,2.94770277922009,0
11,0,1.0,2.9139770731827523,0
11,0,1.0,3.277613436819116,0
14,2,1.0833333333333333,3.3248629576173574,0
10,0,1.0,3.121928094887362,0
13,0,1.0,3.0269868333592873,0
15,2,1.0,3.640223928941851,0
11,2,1.0,3.0957952550009344,0
10,3,1.0,3.1219280948873624,0
13,2,1.0,3.3927474104487847,0
14,0,1.0833333333333333,3.182005814760214,1
10,2,1.0,2.9219280948873623,0
8,0,1.0,2.75,0
10,4,1.0,2.9219280948873623,0
13,0,1.0,3.0269868333592873,0
11,0,1.1111111111111112,2.7321588913645707,0
12,0,1.0,3.084962500721156,0
8,0,1.0,2.5,0
11,0,1.0,3.277613436819116,0
9,0,1.0,2.9477027792200903,0
15,2,1.0,3.640223928941852,0
13,0,1.0,3.238901256602631,0
11,0,1.1111111111111112,2.663532754804255,0
14,0,1.0,3.2359263506290334,0
7,0,1.0,2.807354922057604,0
13,0,1.2,2.6535442970305687,0
12,0,1.0,3.2516291673878226,0
14,0,1.0,3.521640636343319,0
10,0,1.125,2.921928094887362,0
7,0,1.2,2.2359263506290326,0
12,0,1.0,2.8553885422075336,0
6,0,1.0,2.584962500721156,1
10,2,1.0,2.9219280948873623,0
15,0,1.0,3.5068905956085183,0
13,0,1.0,3.085055102756477,0
10,0,1.0,3.321928094887362,0
13,0,1.0,3.5465935642949384,0
7,0,1.2,2.2359263506290326,0
12,0,1.0,3.4182958340544896,0
15,0,1.0,3.7735572622751845,0
10,0,1.0,3.121928094887362,0
9,0,1.0,2.725480556997868,0
14,0,1.0,3.6644977792004623,0
11,0,1.0,3.0957952550009344,1
15,0,1.0,3.5068905956085183,0
12,0,1.1,3.0220552088742,0
12,0,1.0,3.2516291673878226,0
15,1,1.0,3.7735572622751845,0
11,0,1.25,2.9139770731827523,0
13,0,1.0,3.238901256602631,0
13,0,1.0,3.5465935642949384,0
9,2,1.0,2.94770277922009,0
12,0,1.0,3.2516291673878226,0
15,3,1.0769230769230769,3.3735572622751846,0
8,0,1.0,2.75,0
15,2,1.0,3.773557262275185,0
13,3,1.0,3.3927474104487847,0
9,0,1.0,2.94770277922009,0
10,2,1.0,2.9219280948873623,0
10,0,1.0,2.6464393446710157,0
12,0,1.1,2.4182958340544896,0
8,3,1.0,2.5,0
9,0,1.0,2.94770277922009,0
15,0,1.0,3.006238928653389,0
15,0,1.0,3.5068905956085183,0
10,0,1.0,2.6464393446710157,0
15,1,1.0,3.773557262275185,0
10,0,1.0,2.9219280948873623,0
15,2,1.0,3.640223928941852,0
15,5,1.0,3.640223928941851,0
13,0,1.0,3.238901256602631,0
14,0,1.0,3.182005814760214,0
7,2,1.0,2.2359263506290326,0
15,1,1.0,3.506890595608518,0
11,0,1.0,3.277613436819116,0
10,0,1.0,3.321928094887362,0
13,0,1.0,3.334679141051595,0
14,0,1.0,3.3248629576173574,0
12,0,1.0,3.2516291673878226,0
8,0,1.0,2.5,0
10,0,1.0,3.1219280948873624,0
11,1,1.0,3.095795255000934,0
10,0,1.0,3.121928094887362,0
13,0,1.0,3.238901256602631,0
9,3,1.0,2.4193819456463714,0
12,1,1.1,3.084962500721156,0
9,0,1.0,2.5032583347756456,0
6,0,1.0,2.2516291673878226,0
15,1,1.0,3.323231428797621,0
11,0,1.0,3.095795255000934,0
12,0,1.0,3.0220552088742005,0
14,1,1.0,3.3248629576173574,0
13,0,1.0,3.180832987205441,0
11,0,1.0,3.277613436819116,0
8,1,1.0,2.75,0
15,0,1.0,3.106890595608518,0
6,0,1.0,2.2516291673878226,0
14,0,1.0,3.2359263506290326,0
10,0,1.125,2.6464393446710157,0
10,1,1.0,2.9219280948873623,0
12,6,1.0,3.418295834054489,0
14,0,1.0,3.3787834934861767,0
8,0,1.4,2.25,0
10,0,1.0,2.9219280948873623,0
13,2,1.0,3.5465935642949384,0
8,0,1.0,2.75,0
9,2,1.1428571428571428,2.4193819456463714,0
14,0,1.0,3.6644977792004623,0
10,2,1.0,2.9219280948873623,0
13,0,1.0,3.238901256602631,0
12,0,1.1,2.8553885422075336,0
9,0,1.0,3.169925001442312,0
15,2,1.0,3.7735572622751845,0
11,0,1.0,3.0957952550009344,0
13,0,1.0,3.3927474104487847,0
9,0,1.0,2.4193819456463714,0
12,0,1.0,3.0849625007211556,0
8,0,1.0,2.4056390622295662,0
12,0,1.0,2.8553885422075336,0
7,2,1.0,2.1280852788913944,0
8,1,1.0,2.75,0
14,0,1.0,3.378783493486176,0
8,1,1.0,2.5,0
12,0,1.0,2.8553885422075336,0
15,1,1.0,3.506890595608518,0
15,1,1.0,3.3232314287976203,0
10,4,1.0,3.121928094887362,0
14,0,1.0,3.182005814760214,0
15,0,1.0,2.955913095175825,0
15,0,1.0769230769230769,3.1395722619867223,0
12,2,1.0,3.418295834054489,0
13,0,1.0909090909090908,3.0850551027564768,0
12,2,1.0,3.584962500721156,0
12,0,1.0,2.8553885422075336,0
7,0,1.0,2.807354922057604,0
11,0,1.0,3.277613436819116,0
9,1,1.0,2.725480556997868,0
15,0,1.0769230769230769,3.640223928941851,0
9,0,1.0,2.94770277922009,0
12,2,1.0,3.2516291673878226,0
14,0,1.0833333333333333,3.3787834934861767,0
15,0,1.0,3.2729055953200556,0
11,0,1.0,3.095795255000934,0
9,0,1.0,2.94770277922009,0
8,2,1.0,3.0,0
9,0,1.0,2.94770277922009,0
14,0,1.0,3.128085278891395,0
8,0,1.0,2.75,0
12,0,1.0,3.0849625007211556,1
10,0,1.0,2.8464393446710154,0
13,0,1.0,3.180832987205441,0
12,0,1.0,3.084962500721156,0
6,0,1.0,2.584962500721156,0
12,0,1.0,3.2516291673878226,0
5,0,1.0,1.9219280948873623,0
15,0,1.0,3.0565647621309537,0
9,0,1.0,3.169925001442312,0
14,0,1.0,3.09306920777189,0
14,0,1.0,2.8962915290459286,0
11,0,1.0,2.8453509366224368,0
12,0,1.0,3.2516291673878226,0
12,2,1.0,3.4182958340544896,0
13,0,1.0,2.7773627950641693,0
7,0,1.2,2.128085278891394,0
9,0,1.0,2.2810361125534233,0
9,0,1.0,3.169925001442312,0
9,0,1.1428571428571428,2.725480556997868,0
10,0,1.0,3.321928094887362,0
14,0,1.0,3.182005814760214,0
14,0,1.0833333333333333,3.039148671903071,0
15,0,1.0,3.1898980954642866,0
8,0,1.0,2.75,0
11,2,1.0,3.459431618637298,0
10,0,1.0,2.8464393446710154,0
6,0,1.0,2.584962500721156,0
10,0,1.0,3.121928094887362,0
12,4,1.0,3.2516291673878226,0
13,0,1.0,3.334679141051595,0
13,0,1.0,3.238901256602631,0
11,0,1.1111111111111112,2.9139770731827523,0
9,0,1.0,2.9477027792200903,0
15,0,1.1666666666666667,2.9735572622751847,0
5,1,1.0,2.321928094887362,0
13,0,1.0909090909090908,3.238901256602631,0
12,0,1.0,3.584962500721156,1
12,0,1.0,3.084962500721156,0
12,0,1.0,2.9182958340544896,0
4,2,1.0,2.0,0
15,0,1.0769230769230769,3.240223928941852,0
15,2,1.0,3.640223928941851,0
12,0,1.1,2.625814583693911,0
12,0,1.2222222222222223,3.084962500721156,0
11,0,1.0,3.277613436819116,0
10,4,1.0,3.1219280948873624,0
8,0,1.0,3.0,0
8,0,1.0,2.5,0
8,0,1.0,3.0,0
9,0,1.0,2.9477027792200903,0
11,0,1.0,3.277613436819116,0
9,0,1.0,2.94770277922009,0
8,2,1.0,2.75,0
9,0,1.1428571428571428,2.725480556997868,0
8,4,1.0,2.5,0
10,1,1.0,3.121928094887362,0
11,5,1.0,3.0957952550009344,0
11,0,1.0,3.2776134368191165,0
15,0,1.0,3.1395722619867223,0
12,0,1.0,3.418295834054489,0
15,0,1.0769230769230769,3.1395722619867223,0
13,0,1.0909090909090908,2.6031579868726,0
10,0,1.2857142857142858,2.4464393446710155,0
9,0,1.0,2.94770277922009,0
14,0,1.0,2.9852281360342516,0
11,0,1.0,2.8453509366224368,0
15,0,1.0,3.189898095464287,0
11,0,1.0,3.2776134368191165,0
13,0,1.0,3.238901256602631,0
11,2,1.1111111111111112,3.0957952550009344,0
11,0,1.0,3.095795255000934,0
6,0,1.0,2.584962500721156,0
11,4,1.0,3.459431618637298,0
15,0,1.0,3.323231428797621,0
6,0,1.0,2.2516291673878226,0
13,0,1.0,3.180832987205441,1
8,0,1.0,2.4056390622295662,0
13,2,1.0,3.5465935642949384,0
7,0,1.0,2.5216406363433186,0
9,0,1.0,2.725480556997868,0
7,0,1.0,2.5216406363433186,0
12,0,1.0,3.4182958340544896,0
15,0,1.0769230769230769,2.9735572622751856,0
4,0,1.0,2.0,0
10,0,1.0,2.9219280948873623,0
13,0,1.0,3.5465935642949384,0
8,0,1.0,3.0,0
10,1,1.0,2.9219280948873623,0
11,0,1.0,2.9139770731827523,0
9,0,1.0,2.725480556997868,0
15,0,1.0,3.4565647621309536,0
11,0,1.1111111111111112,2.9139770731827523,0
8,0,1.0,3.0,0
4,1,1.0,2.0,0
15,3,1.0,3.7735572622751845,0
8,0,1.0,3.0,0
8,1,1.0,3.0,0
8,2,1.0,3.0,0
9,0,1.0,2.94770277922009,0
12,0,1.0,3.0220552088742005,0
13,1,1.0,3.238901256602631,0
10,3,1.125,2.6464393446710157,0
15,0,1.0769230769230769,2.9232314287976204,0
9,0,1.0,2.94770277922009,0
10,4,1.0,2.9219280948873623,0
11,0,1.0,3.2776134368191165,0
5,0,1.0,2.321928094887362,0
8,4,1.0,2.75,0
13,0,1.0,3.334679141051595,0
9,0,1.0,2.94770277922009,0
15,0,1.0769230769230769,3.640223928941851,0
9,0,1.0,2.94770277922009,0
6,0,1.0,1.7924812503605778,0
12,1,1.0,3.0220552088742,0
7,2,1.0,2.5216406363433186,0
9,0,1.0,2.94770277922009,0
14,0,1.0,3.521640636343319,0
10,0,1.0,2.7219280948873625,0
10,0,1.0,3.121928094887362,0
9,1,1.0,3.169925001442312,0
12,0,1.1,3.0220552088742,0
8,0,1.0,2.75,0
10,0,1.0,3.121928094887362,0
12,0,1.0,3.2516291673878226,0
11,0,1.0,2.913977073182752,0
10,2,1.0,2.9219280948873623,0
13,0,1.0909090909090908,3.3927474104487847,0
13,0,1.0,3.334679141051595,0
8,2,1.0,2.75,0
15,0,1.0,3.3232314287976203,0
10,0,1.0,2.6464393446710153,0
11,0,1.0,3.277613436819116,0
10,0,1.0,3.121928094887362,0
10,0,1.0,2.5219280948873624,0
10,0,1.0,2.9219280948873623,0
12,0,1.1,3.084962500721156,0
9,0,1.0,2.6416041678685933,0
11,0,1.0,3.277613436819116,0
10,0,1.0,3.121928094887362,0
12,0,1.0,3.084962500721156,0
12,3,1.0,3.584962500721156,0
8,0,1.0,2.75,0
9,2,1.0,2.725480556997868,0
12,2,1.0,3.084962500721156,0
9,0,1.0,2.725480556997868,0
8,0,1.0,2.75,0
15,3,1.0,3.4565647621309536,0
14,0,1.0,3.378783493486176,0
10,0,1.0,2.9219280948873623,0
9,0,1.0,2.94770277922009,0
15,0,1.0,3.3735572622751846,0
13,0,1.0,3.5465935642949384,0
13,0,1.0,3.180832987205441,0
8,0,1.0,2.5,0
14,0,1.3,2.8962915290459286,0
11,3,1.0,3.277613436819116,0
9,0,1.6,1.8365916681089791,0
13,0,1.0,3.3927474104487847,0
13,0,1.0909090909090908,3.3927474104487847,0
12,0,1.0,3.2516291673878226,0
13,0,1.0,3.3927474104487847,0
9,0,1.0,2.725480556997868,0
12,0,1.0,3.2516291673878226,0
7,0,1.0,2.807354922057604,0
11,0,1.0,2.8453509366224368,0
9,0,1.0,2.94770277922009,0
15,0,1.0,3.106890595608519,0
11,0,1.0,3.2776134368191165,0
12,0,1.0,3.0220552088742,0
12,0,1.0,3.2516291673878226,0
13,1,1.0,3.238901256602631,0
8,0,1.0,2.75,0
11,0,1.0,2.7321588913645707,0
14,0,1.0833333333333333,2.7534343861887853,0
13,4,1.0909090909090908,3.3927474104487847,0
15,0,1.0,3.3232314287976203,0
7,0,1.0,2.807354922057604,0
12,2,1.0,3.084962500721156,0
15,1,1.0769230769230769,2.999581230646064,0
14,0,1.1818181818181819,2.6644977792004614,0
15,0,1.0,3.506890595608518,0
12,0,1.0,2.8553885422075336,0
15,2,1.0,3.640223928941851,0
14,8,1.0833333333333333,3.2359263506290334,1
13,4,1.0,3.238901256602631,0
11,0,1.0,3.2776134368191165,0
9,0,1.0,2.725480556997868,0
11,4,1.1111111111111112,3.027169118440619,0
15,0,1.0769230769230769,3.506890595608519,0
8,1,1.0,2.75,0
8,0,1.0,2.1556390622295662,0
8,0,1.0,2.75,1
14,0,1.0833333333333333,3.182005814760214,0
11,0,1.0,3.0957952550009344,0
12,0,1.0,3.2516291673878226,0
11,0,1.0,3.459431618637298,0
15,0,1.0,3.106890595608519,0
10,1,1.0,3.121928094887362,0
9,0,1.0,3.169925001442312,0
14,0,1.0833333333333333,3.3248629576173574,0
14,0,1.0,3.2359263506290334,0
6,0,1.0,2.2516291673878226,0
10,3,1.0,3.1219280948873624,0
12,0,1.0,3.0220552088742,0
12,0,1.0,3.418295834054489,0
12,0,1.0,3.2516291673878226,0
11,0,1.1111111111111112,2.7321588913645702,0
10,0,1.0,3.121928094887362,0
12,0,1.0,3.188721875540867,0
9,0,1.0,3.169925001442312,0
9,0,1.0,2.94770277922009,0
8,0,1.0,2.25,0
13,0,1.0,3.0269868333592873,0
11,0,1.0,2.8453509366224368,0
8,0,1.0,3.0,0
8,0,1.0,3.0,0
15,0,1.0,3.640223928941852,0
13,0,1.0909090909090908,3.0850551027564768,0
13,0,1.0,3.180832987205441,0
5,0,1.0,2.321928094887362,0
7,0,1.0,2.5216406363433186,0
10,0,1.0,3.121928094887362,0
7,0,1.0,2.521640636343318,0
15,0,1.0769230769230769,3.3232314287976203,0
11,0,1.1111111111111112,3.027169118440619,0
13,0,1.0909090909090908,2.873140679513133,0
14,0,1.0833333333333333,3.3787834934861767,0
14,0,1.0,2.8962915290459277,0
9,0,1.3333333333333333,2.5032583347756456,0
11,0,1.1111111111111112,2.9139770731827523,0
12,0,1.0,3.4182958340544896,0
12,2,1.0,3.418295834054489,0
12,0,1.0,3.188721875540867,0
12,0,1.0,3.188721875540867,0
15,0,1.0769230769230769,3.2402239289418513,0
6,0,1.0,2.584962500721156,0
12,0,1.2222222222222223,2.625814583693911,0
14,0,1.0,3.182005814760214,0
6,0,1.0,1.9182958340544896,0
13,0,1.0,3.238901256602631,0
13,0,1.0,3.334679141051595,0
9,0,1.0,2.725480556997868,0
15,0,1.0,3.5068905956085192,0
6,0,1.0,2.584962500721156,0
13,0,1.0,3.0269868333592873,0
14,0,1.0,3.039148671903072,0
14,0,1.0,3.182005814760214,0
8,0,1.0,2.75,0
14,0,1.0,3.2359263506290334,0
11,0,1.0,2.7321588913645707,0
12,0,1.0,2.918295834054489,0
15,0,1.0,2.9995812306460645,0
12,0,1.0,3.0220552088742005,0
14,1,1.0833333333333333,3.09306920777189,0
8,0,1.0,2.75,0
8,0,1.0,2.75,0
15,0,1.0,3.189898095464287,0
11,0,1.0,3.0957952550009344,0
11,0,1.1111111111111112,2.481714572986073,0
13,2,1.0909090909090908,2.873140679513133,0
12,0,1.1,2.792481250360578,0
12,0,1.1,3.0220552088742,0
9,3,1.0,3.169925001442312,0
13,0,1.0,3.3927474104487847,0
10,0,1.0,2.921928094887362,0
10,0,1.0,2.9219280948873623,0
15,1,1.1666666666666667,3.0062389286533895,0
11,0,1.0,3.459431618637298,0
7,0,1.2,2.1280852788913944,0
14,2,1.0,3.3248629576173574,0
12,0,1.0,3.2516291673878226,0
12,2,1.0,3.084962500721156,0
15,0,1.0,3.323231428797621,0
14,0,1.0,3.6644977792004623,0
12,2,1.0,3.418295834054489,0
10,0,1.0,3.121928094887362,0
11,0,1.1111111111111112,2.913977073182752,0
6,1,1.0,2.584962500721156,0
12,0,1.0,3.0220552088742,0
15,0,1.0,3.640223928941852,0
10,0,1.125,2.846439344671016,0
9,0,1.0,2.725480556997868,0
9,0,1.0,2.94770277922009,0
13,0,1.0,3.0850551027564768,0
8,3,1.0,3.0,0
14,0,1.0,3.6644977792004623,0
10,0,1.0,2.8464393446710154,0
10,5,1.0,2.9219280948873623,0
14,0,1.0,3.521640636343319,0
12,2,1.0,3.584962500721156,0
10,1,1.0,2.921928094887362,0
12,0,1.0,3.0220552088742,0
13,0,1.0909090909090908,2.9689185639620974,0
10,0,1.0,2.9219280948873623,0
11,0,1.0,2.9139770731827523,0
15,0,1.0769230769230769,3.3735572622751846,0
15,4,1.0,3.7735572622751845,0
12,0,1.0,3.418295834054489,0
10,3,1.0,3.1219280948873624,0
7,1,1.0,2.807354922057604,0
12,0,1.0,3.0220552088742,0
8,0,1.0,2.4056390622295662,0
14,2,1.0,3.6644977792004623,0
15,0,1.0,3.506890595608519,0
9,0,1.0,2.725480556997868,0
7,2,1.0,2.5216406363433186,0
12,2,1.1,3.2516291673878226,0
15,0,1.0769230769230769,3.2402239289418517,0
10,0,1.0,2.9219280948873623,0
15,10,1.0,3.2402239289418517,0
14,0,1.0,3.2359263506290334,0
11,0,1.0,3.095795255000934,0
13,0,1.0,3.085055102756477,0
10,0,1.0,2.9219280948873623,0
11,0,1.0,2.845350936622437,0
6,0,1.0,2.584962500721156,0
13,0,1.0,2.9312089489103235,0
11,0,1.0,2.7321588913645702,0
8,1,1.0,2.75,0
10,0,1.2857142857142858,2.3219280948873626,0
15,0,1.0769230769230769,2.8729055953200557,0
13,0,1.0,3.238901256602631,0
14,0,1.0833333333333333,2.950212064914746,0
11,0,1.0,3.459431618637298,0
12,0,1.2222222222222223,2.2841591278514217,0
12,0,1.0,3.2516291673878226,0
9,0,1.0,3.169925001442312,0
8,0,1.0,2.5,0
9,0,1.0,2.94770277922009,0
11,0,1.0,3.095795255000934,0
11,0,1.0,2.913977073182752,0
10,0,1.125,2.9219280948873623,0
6,0,1.0,2.584962500721156,0
13,0,1.0,3.238901256602631,0
14,0,1.0,3.378783493486176,0
15,0,1.0,3.2729055953200556,0
12,0,1.0,3.084962500721156,0
14,0,1.0,3.521640636343319,0
12,1,1.0,3.2516291673878226,1
15,9,1.0769230769230769,3.1898980954642884,0
10,2,1.125,2.921928094887362,0
14,0,1.0,3.039148671903071,0
12,0,1.0,3.2516291673878226,0
13,0,1.0,3.085055102756477,0
9,0,1.0,2.94770277922009,0
13,0,1.0,2.8150724101159437,0
8,0,1.0,2.75,0
8,1,1.0,2.75,0
11,2,1.0,3.277613436819116,0
12,0,1.0,3.0849625007211556,0
12,0,1.0,3.418295834054489,0
9,0,1.0,2.94770277922009,0
8,0,1.0,2.75,0
13,4,1.0,3.334679141051595,0
7,0,1.0,2.5216406363433186,0
9,2,1.0,2.9477027792200903,0
12,0,1.0,3.2516291673878226,0
6,1,1.0,2.584962500721156,0
11,6,1.1111111111111112,2.9139770731827523,0
10,0,1.125,2.3709505944546687,0
15,0,1.0,3.5068905956085183,0
15,0,1.0,3.5068905956085183,0
9,0,1.0,2.94770277922009,0
11,0,1.0,3.2776134368191165,0
11,4,1.0,3.459431618637298,0
14,0,1.0,3.039148671903071,0
11,0,1.0,3.0957952550009344,0
11,0,1.0,3.277613436819116,0
15,0,1.0,3.773557262275185,0
12,0,1.0,2.9182958340544896,0
8,0,1.0,2.5,0
15,0,1.0,3.506890595608519,0
11,0,1.0,3.0957952550009344,0
12,0,1.1,2.688721875540867,0
11,0,1.0,3.277613436819116,0
10,0,1.0,2.921928094887362,0
15,0,1.0,3.5898980954642865,0
14,0,1.0,3.3787834934861767,0
11,0,1.0,2.845350936622437,0
7,4,1.0,2.521640636343318,0
10,0,1.0,3.121928094887362,0
8,2,1.0,2.75,0
15,0,1.0769230769230769,3.3735572622751846,0
10,9,1.125,2.446439344671015,0
11,0,1.0,2.9139770731827523,0
12,0,1.0,3.2516291673878226,0
13,0,1.0,3.3927474104487847,0
14,0,1.0,3.378783493486176,0
9,0,1.0,2.94770277922009,0
14,0,1.0,3.6644977792004623,0
8,0,1.0,2.4056390622295662,0
11,0,1.0,3.459431618637298,0
12,0,1.0,3.2516291673878226,0
12,0,1.0,3.0220552088742,0
14,0,1.0,3.521640636343319,0
6,0,1.0,2.584962500721156,0
11,0,1.0,3.027169118440619,0
12,0,1.0,3.084962500721156,0
13,0,1.0909090909090908,3.180832987205441,0
9,0,1.1428571428571428,1.974937501201927,0
6,0,1.0,2.2516291673878226,0
9,0,1.0,2.94770277922009,0
12,0,1.0,3.2516291673878226,0
15,0,1.0,2.9232314287976204,0
15,1,1.0,3.640223928941851,0
12,4,1.0,3.2516291673878226,0
13,0,1.0,3.334679141051595,0
15,1,1.0,3.106890595608518,0
12,0,1.0,3.2516291673878226,0
15,0,1.0,3.456564762130953,0
12,0,1.1,3.0220552088742,0
12,0,1.0,2.918295834054489,0
12,0,1.0,2.8553885422075336,0
15,0,1.0,3.323231428797621,0
12,3,1.0,3.418295834054489,0
8,0,1.0,3.0,0
10,0,1.0,2.9219280948873623,0
8,0,1.0,2.75,0
12,0,1.0,3.2516291673878226,0
7,1,1.0,2.807354922057604,0
10,0,1.0,2.6464393446710157,0
13,0,1.0,3.3927474104487847,0
11,0,1.0,2.663532754804255,0
13,4,1.0909090909090908,3.238901256602631,0
11,0,1.0,2.8453509366224368,0
11,0,1.0,3.277613436819116,0
8,4,1.0,3.0,0
10,0,1.0,3.321928094887362,0
14,0,1.0,3.378783493486176,0
7,0,1.0,2.807354922057604,0
15,0,1.0,3.006238928653389,0
5,0,1.0,2.321928094887362,0
14,0,1.0,3.3248629576173574,0
12,0,1.0,2.8553885422075336,0
15,0,1.0769230769230769,2.789898095464288,0
8,2,1.0,2.75,0
15,1,1.0,3.4565647621309536,0
10,0,1.0,2.9219280948873623,0
11,0,1.0,3.0957952550009344,0
8,0,1.0,2.5,0
11,0,1.0,3.277613436819116,0
11,4,1.0,3.277613436819116,0
15,0,1.0,3.189898095464287,0
12,1,1.1,3.084962500721156,0
13,0,1.0,3.238901256602631,0
7,2,1.0,2.807354922057604,0
8,0,1.1666666666666667,2.5,0
8,4,1.0,2.75,0
14,0,1.0,3.4677201004745006,0
14,0,1.0,3.182005814760214,0
15,0,1.1666666666666667,2.739572261986723,0
12,0,1.1,3.0849625007211556,0
15,0,1.0,3.189898095464287,1
12,0,1.0,3.4182958340544896,0
12,0,1.0,3.2516291673878226,0
15,0,1.0,3.323231428797621,0
14,0,1.0,3.182005814760214,0
7,0,1.0,2.521640636343318,0
11,0,1.0,3.2776134368191165,0
12,0,1.0,3.2516291673878226,0
12,2,1.0,3.4182958340544896,0
10,0,1.0,2.9219280948873623,0
8,0,1.0,3.0,0
11,0,1.25,2.5949066182439395,0
7,0,1.0,2.807354922057604,0
6,0,1.0,2.584962500721156,0
14,0,1.0,3.378783493486176,0
9,0,1.0,2.94770277922009,0
13,0,1.0,3.546593564294939,0
15,1,1.0769230769230769,3.506890595608518,0
14,0,1.4444444444444444,2.610577243331642,0
12,0,1.0,2.688721875540867,0
15,1,1.0769230769230769,3.640223928941851,0
12,0,1.0,3.0220552088742005,0
12,0,1.0,3.4182958340544896,0
11,0,1.0,3.2776134368191165,0
11,0,1.0,3.459431618637298,0
14,0,1.0,3.3787834934861767,0
13,0,1.0,3.5465935642949384,0
10,0,1.0,3.121928094887362,0
11,0,1.0,3.277613436819116,0
13,0,1.0,3.180832987205441,0
6,0,1.0,2.2516291673878226,0
7,1,1.0,2.1280852788913944,0
14,0,1.0,3.521640636343319,0
14,0,1.0,3.3248629576173574,0
14,0,1.0,3.3248629576173565,0
11,0,1.1111111111111112,2.5503407095463886,0
9,0,1.0,2.94770277922009,0
13,0,1.0,3.5465935642949384,0
9,0,1.0,2.9477027792200903,0
13,0,1.0,3.238901256602631,0
15,0,1.0,3.1898980954642875,0
9,0,1.0,2.725480556997868,0
15,0,1.0769230769230769,2.7898980954642876,0
11,0,1.0,3.0957952550009344,0
11,0,1.25,2.663532754804255,0
13,0,1.0,3.238901256602631,0
7,0,1.0,2.5216406363433186,0
15,0,1.0,3.323231428797621,0
10,0,1.0,2.721928094887362,0
12,0,1.0,3.2516291673878226,0
15,0,1.0,3.456564762130954,0
9,0,1.0,2.5032583347756456,0
14,0,1.0,3.378783493486176,0
10,2,1.0,3.121928094887362,0
15,0,1.0769230769230769,3.3735572622751846,0
15,0,1.0,3.2402239289418517,0
12,0,1.0,3.084962500721156,0
13,0,1.0,3.3927474104487847,0
10,0,1.0,2.9219280948873623,0
11,0,1.0,2.8453509366224368,0
10,0,1.125,2.9219280948873623,0
13,0,1.0,3.3927474104487847,0
8,3,1.0,3.0,0
8,0,1.0,3.0,0
13,0,1.0909090909090908,2.931208948910323,0
10,2,1.0,3.121928094887362,0
15,0,1.0769230769230769,3.1395722619867223,0
9,0,1.0,3.169925001442312,0
14,0,1.1818181818181819,2.692380602454975,0
15,1,1.0,3.323231428797621,0
15,0,1.0,3.373557262275185,0
13,0,1.0,3.238901256602631,0
15,3,1.0,3.5068905956085183,0
9,0,1.0,2.725480556997868,0
12,2,1.0,3.188721875540867,0
15,1,1.0,3.5068905956085183,0
12,0,1.0,2.8553885422075336,1
8,0,1.0,3.0,0
15,0,1.0,3.006238928653389,0
10,0,1.0,3.321928094887362,0
10,0,1.0,2.9219280948873623,0
7,0,1.0,2.807354922057604,0
10,0,1.125,2.9219280948873623,0
10,0,1.2857142857142858,2.4464393446710155,0
10,0,1.0,3.121928094887362,0
13,0,1.0909090909090908,2.6031579868726,0
13,0,1.0,3.546593564294939,0
11,0,1.0,2.8453509366224368,0
14,0,1.0833333333333333,3.182005814760214,0
14,0,1.0,2.950212064914747,0
7,1,1.0,2.5216406363433186,0
12,2,1.0,3.418295834054489,0
15,0,1.0,3.139572261986723,0
9,0,1.0,2.9477027792200903,0
10,0,1.0,3.321928094887362,0
10,0,1.0,3.321928094887362,0
13,0,1.2,2.931208948910323,0
11,0,1.0,3.277613436819116,0
10,0,1.0,2.721928094887362,0
13,2,1.0909090909090908,3.3927474104487847,0
8,0,1.0,3.0,0
9,1,1.0,2.6416041678685933,0
9,0,1.0,2.725480556997868,0
8,0,1.0,2.5,0
12,0,1.1,2.792481250360578,0
15,0,1.0,3.189898095464287,0
14,0,1.0,3.3248629576173574,0
14,0,1.0,2.610577243331642,0
10,0,1.0,2.9219280948873623,0
15,0,1.0769230769230769,3.2402239289418513,0
9,0,1.0,2.94770277922009,0
12,0,1.0,3.0220552088742,1
15,1,1.0,3.3232314287976203,0
10,3,1.0,3.121928094887362,0
11,0,1.0,3.459431618637298,0
14,0,1.0,3.378783493486176,0
10,1,1.0,3.321928094887362,0
8,3,1.0,2.75,0
10,0,1.0,2.721928094887362,0
9,0,1.0,3.169925001442312,0
12,0,1.0,3.2516291673878226,0
15,0,1.0,3.5068905956085183,0
7,0,1.0,2.1280852788913944,0
13,0,1.0,3.7004397181410926,0
14,4,1.0,3.6644977792004623,0
7,2,1.0,2.807354922057604,0
12,0,1.1,2.8553885422075336,0
8,0,1.0,2.75,0
14,4,1.0,3.039148671903071,0
7,0,1.0,2.5216406363433186,0
8,1,1.0,2.5,0
12,0,1.0,3.0849625007211556,0
13,4,1.0,3.5465935642949384,0
14,0,1.0,3.09306920777189,0
14,1,1.0,3.521640636343319,0
10,0,1.0,3.121928094887362,0
12,0,1.0,3.084962500721156,0
10,0,1.0,3.121928094887362,0
11,0,1.0,3.459431618637298,0
12,0,1.0,3.0849625007211556,0
12,0,1.0,3.2516291673878226,0
10,0,1.0,2.921928094887362,0
15,3,1.0,3.456564762130953,0
10,0,1.0,3.121928094887362,0
9,0,1.0,2.725480556997868,0
12,0,1.1,2.5220552088742,0
14,0,1.0833333333333333,3.378783493486176,0
10,0,1.0,3.321928094887362,0
8,4,1.0,3.0,0
13,0,1.0,3.238901256602631,0
10,1,1.125,2.4464393446710155,0
8,0,1.0,2.75,0
6,0,1.0,2.2516291673878226,0
9,0,1.0,2.4193819456463714,0
8,0,1.0,2.75,0
13,0,1.0,3.238901256602631,0
8,0,1.0,3.0,0
12,0,1.0,3.0849625007211556,0
12,0,1.0,3.2516291673878226,0
10,0,1.0,2.8464393446710154,0
9,0,1.0,2.94770277922009,0
14,8,1.0,3.378783493486176,0
9,4,1.0,3.169925001442312,0
14,0,1.0,3.521640636343319,0
15,3,1.0,3.5898980954642865,0
14,0,1.0,2.8962915290459286,0
12,0,1.0,2.7516291673878226,0
10,0,1.0,2.9219280948873623,0
15,0,1.0,3.1395722619867223,0
10,1,1.0,2.321928094887362,0
15,0,1.0,3.640223928941851,0
11,0,1.0,3.095795255000934,0
13,0,1.0,3.180832987205441,0
11,0,1.0,3.277613436819116,0
12,0,1.0,3.2516291673878226,0
12,3,1.0,3.0849625007211556,0
9,0,1.0,2.94770277922009,0
8,0,1.1666666666666667,2.0,0
13,1,1.0,3.3927474104487847,0
6,1,1.0,2.584962500721156,0
15,0,1.0,3.006238928653389,0
11,0,1.0,3.277613436819116,0
14,0,1.0833333333333333,2.8423709931771093,0
10,0,1.0,2.9219280948873623,0
10,2,1.2857142857142858,2.521928094887362,0
12,0,1.0,3.2516291673878226,0
11,0,1.0,2.663532754804255,1
11,2,1.1111111111111112,2.8453509366224368,0
13,3,1.0,3.238901256602631,0
12,0,1.1,2.9182958340544896,0
11,0,1.0,2.663532754804255,0
15,5,1.0,3.373557262275185,0
7,0,1.0,2.5216406363433186,0
12,0,1.0,3.2516291673878226,0
8,0,1.0,2.5,0
9,2,1.0,2.725480556997868,0
15,0,1.0,3.0565647621309537,0
5,0,1.0,2.321928094887362,0
10,0,1.0,2.9219280948873623,0
13,0,1.0,3.0269868333592873,0
12,0,1.0,3.0220552088742005,0
10,0,1.0,2.9219280948873623,0
7,0,1.2,2.2359263506290326,0
13,0,1.0909090909090908,3.0850551027564768,0
13,2,1.0,3.238901256602631,0
15,2,1.0,3.589898095464287,0
8,0,1.0,3.0,0
10,0,1.0,3.121928094887362,0
13,0,1.0,3.3927474104487847,0
14,0,1.0,3.378783493486176,0
9,0,1.0,2.94770277922009,0
13,0,1.0,3.180832987205441,0
13,2,1.0,3.3927474104487847,0
9,0,1.1428571428571428,2.725480556997868,1
12,0,1.0,3.584962500721156,0
11,0,1.0,3.459431618637298,0
14,0,1.0,3.3787834934861767,0
11,2,1.0,3.277613436819116,0
13,0,1.0,3.180832987205441,0
12,0,1.0,3.418295834054489,0
11,2,1.1111111111111112,2.845350936622437,0
15,0,1.0,3.5068905956085183,0
12,0,1.0,3.418295834054489,0
14,0,1.0,3.521640636343319,0
14,0,1.0,3.378783493486176,0
9,0,1.0,2.94770277922009,0
11,0,1.0,2.9139770731827523,0
13,0,1.0,3.5465935642949384,0
12,0,1.0,3.084962500721156,0
15,0,1.0,3.3735572622751855,0
13,0,1.0,3.5465935642949384,0
10,0,1.0,2.921928094887362,0
7,0,1.0,2.807354922057604,0
15,4,1.0,3.4565647621309536,0
8,0,1.0,3.0,0
15,0,1.0,3.323231428797621,0
10,0,1.0,2.9219280948873623,0
14,0,1.0,3.521640636343319,0
13,0,1.0,3.0269868333592873,0
13,0,1.0,3.238901256602631,0
7,0,1.0,2.521640636343318,0
13,0,1.0,3.085055102756477,0
4,0,1.0,2.0,0
15,4,1.0,3.773557262275185,0
15,2,1.0769230769230769,3.139572261986723,0
14,0,1.0,3.3248629576173574,0
12,0,1.0,3.084962500721156,0
13,4,1.0909090909090908,3.238901256602631,0
9,2,1.1428571428571428,2.5032583347756456,0
8,0,1.0,2.75,0
13,0,1.0,2.931208948910323,0
15,1,1.0,3.6402239289418516,0
9,0,1.0,2.94770277922009,0
11,0,1.0,3.0957952550009344,0
9,0,1.0,2.94770277922009,0
7,0,1.0,2.807354922057604,0
10,0,1.0,2.9219280948873623,0
5,0,1.0,1.9219280948873623,0
15,0,1.0,3.1898980954642875,0
9,2,1.0,2.725480556997868,0
11,0,1.0,3.459431618637298,0
8,3,1.0,2.5,0
8,0,1.0,2.4056390622295662,0
11,0,1.0,3.0957952550009344,0
9,0,1.0,3.169925001442312,0
15,0,1.0,3.640223928941851,0
9,0,1.0,2.4193819456463714,0
13,2,1.0,3.334679141051595,0
15,0,1.0,3.506890595608519,0
11,0,1.1111111111111112,2.845350936622437,0
9,0,1.0,3.169925001442312,0
12,0,1.0,2.688721875540867,0
12,0,1.0,3.584962500721156,0
10,0,1.0,3.121928094887362,0
10,0,1.0,2.9219280948873623,0
11,0,1.0,3.0957952550009344,0
10,2,1.0,3.1219280948873624,0
10,0,1.0,2.6464393446710153,0
8,1,1.0,3.0,0
14,0,1.0,3.521640636343319,0
11,0,1.0,3.459431618637298,0
10,1,1.0,3.1219280948873624,0
15,0,1.0,3.3232314287976203,0
9,2,1.0,2.725480556997868,0
10,0,1.125,2.721928094887362,0
14,0,1.0833333333333333,2.8423709931771084,1
8,0,1.0,3.0,0
3,0,1.0,1.584962500721156,0
7,0,1.0,2.1280852788913944,0
15,0,1.0769230769230769,3.506890595608518,0
10,0,1.0,2.9219280948873623,0
10,0,1.0,2.4464393446710155,0
14,0,1.0,3.2359263506290334,0
11,0,1.0,2.59490661824394,0
10,0,1.0,3.121928094887362,0
12,0,1.0,2.8553885422075336,0
10,0,1.125,2.6464393446710153,0
9,0,1.0,2.6416041678685933,0
12,0,1.0,3.418295834054489,0
15,0,1.0,3.3232314287976203,0
10,0,1.0,2.8464393446710154,0
12,0,1.0,2.8553885422075336,0
10,0,1.125,2.721928094887362,0
5,0,1.0,1.9219280948873623,0
13,0,1.0909090909090908,3.238901256602631,0
9,4,1.0,2.6416041678685933,0
7,1,1.0,2.5216406363433186,0
10,0,1.125,2.9219280948873623,0
13,0,1.0909090909090908,2.9312089489103235,0
14,2,1.0833333333333333,3.128085278891395,0
7,2,1.0,2.807354922057604,0
10,2,1.0,3.321928094887362,0
8,0,1.0,2.75,0
13,0,1.0,3.3927474104487847,0
7,0,1.0,2.807354922057604,0
15,0,1.0,3.32323142879762,0
15,1,1.0,3.506890595608519,0
15,0,1.0,3.373557262275185,0
8,6,1.0,2.5,0
12,0,1.0,3.0220552088742,0
6,0,1.0,2.2516291673878226,0
9,0,1.0,2.6416041678685933,0
8,2,1.0,2.75,0
13,0,1.0,2.8150724101159437,0
8,0,1.0,3.0,0
15,0,1.0,3.5068905956085183,0
9,1,1.0,2.725480556997868,0
15,2,1.0769230769230769,3.2402239289418513,0
9,0,1.0,3.169925001442312,0
12,2,1.0,3.084962500721156,0
9,0,1.0,2.9477027792200903,0
10,0,1.125,2.321928094887362,0
13,0,1.0,3.3927474104487847,0
9,0,1.0,2.94770277922009,0
15,1,1.0,3.1395722619867223,0
8,0,1.0,2.5,0
14,0,1.0,3.182005814760214,0
13,0,1.0909090909090908,2.9689185639620974,0
14,0,1.0,3.378783493486176,0
12,0,1.0,3.084962500721156,0
14,3,1.1818181818181819,2.8962915290459277,0
6,0,1.0,2.584962500721156,0
13,0,1.0909090909090908,3.0850551027564768,0
10,2,1.0,3.121928094887362,0
7,0,1.0,2.2359263506290326,0
14,0,1.0,3.378783493486176,0
8,0,1.0,2.75,0
11,2,1.0,2.8453509366224368,0
10,0,1.0,2.9219280948873623,0
15,0,1.0,3.4565647621309536,0
15,0,1.0,3.4565647621309536,0
9,0,1.0,2.94770277922009,0
10,0,1.0,3.321928094887362,0
8,0,1.0,2.25,0
10,0,1.0,3.1219280948873624,0
9,0,1.0,2.4193819456463714,0
11,0,1.0,2.9139770731827523,0
10,0,1.0,3.121928094887362,0
10,0,1.0,2.721928094887362,0
13,1,1.0909090909090908,3.238901256602631,0
14,0,1.0833333333333333,3.182005814760214,0
10,0,1.0,3.1219280948873624,0
10,0,1.0,3.321928094887362,0
10,2,1.125,2.5219280948873624,0
15,0,1.0,3.640223928941851,0
13,0,1.0,3.180832987205441,0
6,2,1.0,2.2516291673878226,0
12,2,1.0,3.084962500721156,0
12,0,1.0,3.2516291673878226,0
6,0,1.0,1.7924812503605778,0
10,0,1.0,3.1219280948873624,0
11,4,1.0,3.277613436819116,0
11,0,1.0,3.277613436819116,0
14,0,1.0833333333333333,3.182005814760214,0
10,0,1.0,3.121928094887362,0
6,0,1.0,2.584962500721156,0
13,1,1.0,3.180832987205441,0
9,0,1.0,3.169925001442312,0
10,0,1.0,3.321928094887362,0
8,0,1.0,3.0,0
12,4,1.0,3.418295834054489,0
14,4,1.0,3.182005814760214,0
13,0,1.0909090909090908,3.3927474104487847,0
11,0,1.1111111111111112,2.8453509366224368,0
9,0,1.0,3.169925001442312,0
6,0,1.0,2.2516291673878226,0
8,2,1.0,3.0,0
10,0,1.0,3.321928094887362,0
13,1,1.0,3.0269868333592873,0
11,0,1.0,3.277613436819116,0
11,0,1.0,3.2776134368191165,0
14,0,1.0,3.3787834934861767,0
14,0,1.0,3.378783493486176,1
15,2,1.0,3.00623892865339,0
12,0,1.0,3.084962500721156,0
11,1,1.25,2.413088436425758,0
13,0,1.0,3.180832987205441,0
14,0,1.1818181818181819,2.9852281360342516,0
14,1,1.0833333333333333,3.2359263506290334,0
15,8,1.0769230769230769,3.373557262275186,0
9,0,1.0,2.94770277922009,0
13,0,1.0909090909090908,3.238901256602631,0
9,0,1.0,2.94770277922009,0
9,0,1.0,2.94770277922009,1
11,0,1.0,2.6635327548042547,0
9,0,1.0,2.94770277922009,0
8,0,1.0,2.75,0
13,0,1.0,3.180832987205441,0
11,0,1.0,3.095795255000934,0
12,0,1.0,3.0220552088742,0
14,0,1.0,3.2359263506290326,0
14,0,1.0,3.3787834934861767,0
8,0,1.0,2.75,0
15,0,1.0,3.6402239289418516,0
13,0,1.0,3.3927474104487847,0
9,0,1.0,2.503258334775646,0
15,0,1.0,3.2402239289418517,0
12,0,1.1,3.0220552088742,0
12,1,1.0,3.584962500721156,0
9,0,1.0,2.94770277922009,0
12,0,1.0,2.8553885422075336,0
15,0,1.0,3.3232314287976203,1
8,4,1.0,3.0,0
12,0,1.0,3.0220552088742005,0
10,0,1.0,2.9219280948873623,1
11,2,1.0,3.459431618637298,0
11,0,1.0,3.2776134368191165,0
14,0,1.0833333333333333,3.039148671903071,0
9,0,1.0,3.169925001442312,0
11,0,1.1111111111111112,2.9139770731827523,0
13,2,1.0,3.5465935642949384,0
9,0,1.0,3.169925001442312,0
15,0,1.0,3.640223928941851,0
8,0,1.0,2.5,0
13,4,1.0,3.3927474104487847,0
8,0,1.0,3.0,0
10,0,1.0,3.121928094887362,0
10,1,1.0,2.9219280948873623,0
11,0,1.0,2.9139770731827523,0
9,2,1.0,3.169925001442312,0
15,0,1.0769230769230769,3.2402239289418517,1
8,0,1.0,2.4056390622295662,0
9,0,1.0,2.94770277922009,0
10,0,1.125,2.6464393446710157,0
13,0,1.0,3.238901256602631,0
14,0,1.0833333333333333,2.8073549220576046,0
15,3,1.0,3.5068905956085183,0
13,0,1.0,3.0269868333592873,0
12,2,1.0,3.0849625007211556,0
7,0,1.0,2.521640636343318,0
10,0,1.125,2.721928094887362,0
9,0,1.1428571428571428,2.5032583347756456,0
8,0,1.0,3.0,0
13,0,1.0,3.238901256602631,0
13,0,1.0,3.3927474104487847,0
12,0,1.0,3.2516291673878226,0
15,0,1.0,3.323231428797621,0
13,0,1.0,3.3927474104487847,0
14,2,1.0,3.182005814760214,0
11,0,1.0,3.095795255000934,0
12,0,1.0,3.0849625007211556,0
12,0,1.0,3.2516291673878226,0
15,1,1.0,3.3735572622751846,0
7,0,1.0,1.8423709931771084,0
7,0,1.0,2.521640636343318,0
12,1,1.0,3.418295834054489,0
14,0,1.0,3.3787834934861767,0
13,0,1.0909090909090908,3.238901256602631,0
12,0,1.0,3.418295834054489,0
13,0,1.0,3.180832987205441,0
10,0,1.125,2.521928094887362,0
9,0,1.0,2.725480556997868,0
8,0,1.0,2.75,0
11,0,1.0,3.0957952550009344,0
12,0,1.0,3.084962500721156,0
11,0,1.0,3.277613436819116,0
11,0,1.6666666666666667,1.867633890971212,0
12,0,1.0,2.751629167387823,0
11,0,1.0,3.0957952550009344,0
14,0,1.0,3.2359263506290326,0
15,0,1.0,3.456564762130953,0
12,0,1.0,3.4182958340544896,0
11,0,1.0,3.2776134368191165,0
10,0,1.0,3.321928094887362,0
6,0,1.0,2.584962500721156,0
11,0,1.0,3.277613436819116,0
13,0,1.0,3.0269868333592873,0
15,4,1.0,3.640223928941851,0
10,0,1.0,3.121928094887362,0
7,0,1.0,2.521640636343318,0
12,2,1.0,3.0849625007211556,0
13,0,1.0909090909090908,2.931208948910323,0
11,0,1.0,3.277613436819116,0
9,0,1.0,2.725480556997868,0
11,1,1.0,3.027169118440619,0
9,0,1.0,2.6416041678685933,0
10,0,1.0,2.5219280948873624,0
14,0,1.0,3.182005814760214,0
14,0,1.0,3.09306920777189,0
14,0,1.0,3.3248629576173574,0
13,0,1.0909090909090908,3.0269868333592873,0
7,0,1.0,2.521640636343318,0
12,0,1.0,3.2516291673878226,0
15,0,1.0,3.5068905956085183,0
10,0,1.0,2.9219280948873623,0
15,0,1.0,3.6402239289418516,0
10,2,1.125,2.921928094887362,0
13,4,1.0,3.546593564294939,0
11,0,1.0,3.459431618637298,0
11,0,1.0,3.2776134368191165,0
11,2,1.0,3.2776134368191165,0
10,6,1.125,2.6464393446710153,0
11,0,1.0,3.277613436819116,0
15,0,1.0,3.1395722619867223,0
13,0,1.2,2.8150724101159437,0
9,0,1.0,3.169925001442312,0
15,0,1.1666666666666667,2.9232314287976204,0
10,0,1.0,2.7219280948873625,0
6,0,1.0,1.7924812503605778,0
13,0,1.0,3.3927474104487847,0
14,0,1.0833333333333333,3.1820058147602133,0
13,0,1.0,3.238901256602631,0
12,0,1.1,3.0849625007211556,0
12,0,1.0,3.4182958340544896,0
13,0,1.0,3.180832987205441,0
15,0,1.0769230769230769,3.4565647621309536,0
12,0,1.1,3.0220552088742,0
9,0,1.0,2.94770277922009,0
12,0,1.0,3.0220552088742005,0
14,0,1.0833333333333333,3.182005814760214,0
8,0,1.0,2.25,0
12,0,1.0,3.084962500721156,0
9,2,1.0,2.94770277922009,0
12,0,1.0,3.418295834054489,0
13,0,1.0,3.0269868333592873,0
15,0,1.0,3.640223928941852,0
15,3,1.0769230769230769,3.4565647621309536,0
13,0,1.0909090909090908,3.238901256602631,0
11,0,1.0,3.027169118440619,0
15,0,1.0,3.32323142879762,0
9,0,1.0,3.169925001442312,0
15,0,1.0,3.4565647621309536,0
13,0,1.0,3.180832987205441,0
11,0,1.0,3.2776134368191165,0
15,0,1.0,3.7735572622751845,0
12,0,1.1,3.0849625007211556,0
14,1,1.0,3.2359263506290334,0
9,0,1.0,2.725480556997868,0
11,0,1.0,2.845350936622437,0
13,0,1.0,3.0269868333592873,0
13,4,1.0,3.3927474104487847,0
9,0,1.0,2.94770277922009,0
10,0,1.0,2.9219280948873623,0
11,0,1.0,3.0957952550009344,0
11,0,1.0,3.277613436819116,0
8,0,1.0,2.75,0
3,1,1.0,1.584962500721156,0
15,0,1.0,3.4565647621309536,0
12,0,1.0,2.8553885422075336,0
11,0,1.0,3.095795255000934,0
13,0,1.0909090909090908,3.0850551027564768,0
10,0,1.0,2.9219280948873623,0
14,0,1.0,3.3248629576173574,1
12,0,1.0,2.8553885422075336,0
12,0,1.1,2.9182958340544896,0
6,0,1.0,2.2516291673878226,0
13,0,1.0,3.3927474104487847,0
15,0,1.0,3.3232314287976203,0
11,4,1.1111111111111112,2.9139770731827523,0
6,0,1.0,1.9182958340544893,0
9,2,1.0,3.169925001442312,0
15,2,1.0,3.373557262275185,0
11,0,1.0,2.845350936622437,0
10,0,1.0,2.9219280948873623,0
15,2,1.0,3.4565647621309536,0
12,0,1.0,3.418295834054489,0
11,0,1.0,3.027169118440619,0
11,0,1.25,2.40400975732486,0
7,0,1.0,2.5216406363433186,0
13,0,1.0,3.334679141051595,0
13,0,1.0,3.180832987205441,0
12,1,1.0,3.418295834054489,0
15,3,1.0,3.506890595608518,0
15,0,1.0,3.240223928941852,0
10,0,1.0,3.121928094887362,0
7,0,1.0,2.521640636343318,0
10,0,1.0,3.121928094887362,0
13,0,1.3333333333333333,2.66122625626979,0
10,2,1.0,2.7219280948873625,0
15,4,1.0,3.7735572622751845,0
13,0,1.0,3.238901256602631,0
6,0,1.0,2.584962500721156,0
15,0,1.0769230769230769,3.456564762130953,0
12,0,1.0,3.0220552088742,0
13,0,1.0,3.0269868333592873,0
10,0,1.5,1.4854752972273344,0
7,0,1.0,2.521640636343318,0
10,0,1.0,2.9219280948873623,0
8,0,1.0,2.75,0
12,0,1.0,3.188721875540867,0
13,1,1.0909090909090908,3.180832987205441,0
10,0,1.2857142857142858,2.321928094887362,0
7,0,1.2,2.2359263506290326,0
10,0,1.0,3.121928094887362,0
10,1,1.125,2.321928094887362,0
14,0,1.0,3.3787834934861767,0
15,0,1.0,3.506890595608519,0
10,2,1.0,2.4464393446710155,0
11,0,1.0,3.0957952550009344,0
12,0,1.0,2.8553885422075336,0
13,0,1.0,2.8731406795131336,0
14,0,1.0,3.378783493486176,0
14,0,1.0,3.2359263506290334,0
14,0,1.0,3.521640636343319,0
12,0,1.0,3.4182958340544896,0
10,0,1.0,3.321928094887362,0
15,0,1.0769230769230769,3.32323142879762,0
10,0,1.0,3.121928094887362,0
10,0,1.0,3.121928094887362,0
14,0,1.0,3.521640636343319,0
13,0,1.0,3.0269868333592873,0
10,0,1.0,2.9219280948873623,0
9,4,1.0,2.725480556997868,0
11,0,1.0,2.845350936622437,0
10,4,1.0,3.321928094887362,0
8,0,1.0,2.75,0
13,0,1.0,3.085055102756477,0
11,0,1.0,2.9139770731827523,0
8,2,1.0,2.75,0
9,0,1.0,3.169925001442312,0
12,0,1.0,3.084962500721156,0
8,4,1.0,2.75,0
13,0,1.0,3.7004397181410926,0
10,1,1.0,2.9219280948873623,0
14,2,1.0,2.950212064914747,0
13,3,1.0909090909090908,3.180832987205441,0
4,1,1.0,2.0,0
14,0,1.0833333333333333,3.09306920777189,0
12,0,1.0,3.251629167387823,0
12,1,1.0,3.418295834054489,0
12,0,1.1,3.084962500721156,0
8,0,1.0,2.75,0
15,0,1.0,3.1898980954642875,0
10,0,1.0,3.1219280948873624,0
9,0,1.0,2.94770277922009,0
12,2,1.0,3.418295834054489,0
14,0,1.0,3.378783493486176,0
10,2,1.0,2.8464393446710154,0
12,0,1.0,3.584962500721156,0
8,1,1.0,3.0,0
15,0,1.0769230769230769,3.32323142879762,0
6,0,1.0,2.584962500721156,0
14,0,1.0,3.378783493486176,0
15,0,1.0,3.506890595608519,0
14,0,1.0,3.2359263506290334,0
15,1,1.0,2.9995812306460645,0
15,2,1.0,3.4565647621309536,0
15,0,1.0,3.32323142879762,0
15,1,1.0,3.5068905956085183,0
8,1,1.0,2.75,0
13,0,1.2,3.085055102756477,0
13,0,1.5,2.6612262562697895,0
15,0,1.0,3.6402239289418516,0
9,0,1.0,2.725480556997868,0
9,0,1.1428571428571428,2.725480556997868,0
8,0,1.0,2.75,0
9,0,1.0,2.94770277922009,0
11,0,1.0,3.277613436819116,0
9,0,1.0,2.725480556997868,0
15,2,1.0,3.640223928941851,0
12,0,1.0,3.188721875540867,0
6,1,1.0,2.2516291673878226,0
6,0,1.0,2.2516291673878226,0
12,0,1.0,3.084962500721156,0
10,0,1.0,2.7219280948873625,0
10,4,1.0,2.9219280948873623,0
10,4,1.0,2.6464393446710157,0
12,0,1.0,3.2516291673878226,0
12,0,1.0,3.584962500721156,0
14,2,1.0,3.521640636343319,0
15,1,1.0,3.640223928941851,0
10,0,1.0,3.121928094887362,0
10,1,1.0,3.321928094887362,0
11,2,1.0,3.459431618637298,0
12,2,1.0,3.418295834054489,0
10,4,1.0,3.121928094887362,0
11,1,1.0,3.277613436819116,0
13,0,1.0909090909090908,3.238901256602631,0
10,0,1.125,2.3709505944546687,0
9,0,1.1428571428571428,2.725480556997868,0
9,0,1.0,3.169925001442312,0
8,0,1.0,2.5,0
14,0,1.0,3.521640636343319,0
14,0,1.0833333333333333,3.2359263506290334,0
10,3,1.0,3.321928094887362,0
12,0,1.0,2.855388542207534,0
11,0,1.0,3.277613436819116,0
9,0,1.0,2.5032583347756456,0
10,3,1.0,2.9219280948873623,0
12,3,1.0,3.418295834054489,0
13,0,1.0,3.334679141051595,0
9,0,1.0,2.725480556997868,0
6,0,1.0,2.584962500721156,0
9,4,1.0,2.94770277922009,0
8,0,1.0,3.0,0
8,0,1.0,2.75,0
11,0,1.0,3.0957952550009344,0
12,0,1.0,3.188721875540867,0
14,0,1.0,3.378783493486176,0
10,0,1.0,2.921928094887362,0
13,0,1.0,3.238901256602631,0
11,3,1.1111111111111112,2.8453509366224368,0
7,2,1.0,2.521640636343318,0
15,0,1.0769230769230769,3.0062389286533895,0
9,0,1.0,2.4193819456463714,0
9,0,1.0,2.94770277922009,0
15,0,1.1666666666666667,2.732914563979398,0
10,0,1.0,3.321928094887362,0
8,0,1.0,2.5,0
8,0,1.0,2.75,0
5,0,1.0,1.9219280948873623,0
9,1,1.0,2.94770277922009,0
12,0,1.0,3.188721875540867,0
14,0,1.0,3.039148671903071,0
8,0,1.1666666666666667,2.1556390622295662,0
13,0,1.0,3.180832987205441,0
11,1,1.0,2.845350936622437,0
8,0,1.0,2.75,0
14,0,1.0,3.3248629576173574,0
9,0,1.0,2.94770277922009,0
12,0,1.0,3.418295834054489,0
12,0,1.0,3.0220552088742005,0
15,3,1.0769230769230769,3.640223928941852,0
12,0,1.0,3.418295834054489,0
8,0,1.0,2.4056390622295662,0
11,0,1.0,3.2776134368191165,0
10,0,1.0,3.121928094887362,0
15,1,1.0,3.3232314287976203,0
15,0,1.0,3.640223928941852,0
12,0,1.0,3.0220552088742005,0
11,2,1.0,3.277613436819116,0
12,0,1.0,3.2516291673878226,0
11,4,1.0,3.095795255000934,0
15,1,1.0769230769230769,3.3735572622751855,0
9,0,1.0,2.9477027792200903,0
10,0,1.0,3.321928094887362,0
12,0,1.0,3.084962500721156,0
13,0,1.0,3.238901256602631,0
6,0,1.0,2.2516291673878226,0
8,0,1.0,2.5,0
12,1,1.1,3.0220552088742,0
12,0,1.0,3.2516291673878226,0
11,0,1.0,3.0957952550009344,0
12,0,1.0,3.2516291673878226,0
12,1,1.0,3.0849625007211556,0
11,0,1.0,3.2776134368191165,0
9,0,1.0,2.94770277922009,0
14,0,1.0,3.3787834934861767,0
14,0,1.0,3.521640636343319,0
10,2,1.0,2.9219280948873623,0
8,2,1.0,2.75,0
15,0,1.0769230769230769,3.0565647621309537,0
8,2,1.1666666666666667,2.5,0
4,1,1.0,2.0,0
11,0,1.0,3.095795255000934,0
15,0,1.0,3.640223928941851,0
14,0,1.0,3.128085278891395,0
12,0,1.0,3.2516291673878226,0
8,8,1.0,2.5,0
12,0,1.0,3.4182958340544896,0
14,2,1.0,3.521640636343319,0
11,0,1.0,2.9139770731827523,0
6,2,1.0,2.584962500721156,0
7,0,1.0,2.235926350629032,0
6,0,1.0,2.584962500721156,0
13,0,1.0,3.238901256602631,0
15,2,1.0,3.189898095464287,0
12,2,1.0,3.584962500721156,0
12,0,1.0,3.084962500721156,0
8,0,1.0,3.0,0
6,0,1.0,2.251629167387823,0
8,2,1.0,2.75,0
12,3,1.0,3.418295834054489,0
6,0,1.0,2.584962500721156,0
14,0,1.0,3.3248629576173574,0
7,3,1.0,2.2359263506290326,0
9,3,1.0,2.725480556997868,0
11,0,1.0,3.277613436819116,0
11,0,1.1111111111111112,2.2998963911678914,0
14,2,1.0,3.2359263506290326,0
10,4,1.0,3.321928094887362,0
13,0,1.0909090909090908,3.085055102756477,0
15,2,1.0,3.640223928941851,0
12,1,1.0,3.0220552088742,0
15,2,1.0,3.640223928941851,0
7,1,1.2,2.128085278891394,0
12,2,1.1,2.8553885422075336,0
14,0,1.0,2.8962915290459286,0
10,0,1.0,2.9219280948873623,0
12,0,1.0,3.188721875540867,0
9,0,1.0,3.169925001442312,0
9,0,1.0,2.725480556997868,0
8,0,1.0,2.75,0
9,5,1.0,2.5032583347756456,0
12,0,1.0,3.2516291673878226,0
11,0,1.0,2.845350936622437,0
14,0,1.0,3.3787834934861767,0
9,0,1.1428571428571428,2.2810361125534233,0
9,0,1.0,2.9477027792200903,0
12,0,1.1,2.3553885422075336,0
5,2,1.0,2.321928094887362,0
15,0,1.0,3.373557262275185,0
11,0,1.0,3.0957952550009344,0
11,0,1.0,2.845350936622437,0
12,0,1.0,3.418295834054489,0
7,0,1.0,2.807354922057604,0
13,0,1.0,3.3927474104487847,0
10,0,1.0,2.9219280948873623,0
15,0,1.0769230769230769,3.323231428797621,0
10,0,1.0,3.321928094887362,0
14,1,1.0,3.182005814760214,0
15,8,1.0,3.589898095464287,0
15,0,1.0769230769230769,3.056564762130954,0
8,1,1.0,2.5,0
8,0,1.0,2.75,0
15,4,1.0,3.506890595608518,0
12,0,1.0,3.2516291673878226,0
6,0,1.0,2.584962500721156,0
5,0,1.0,2.321928094887362,0
10,0,1.0,3.121928094887362,0
11,3,1.0,3.095795255000934,0
6,2,1.0,2.2516291673878226,0
15,0,1.0769230769230769,3.1898980954642875,0
10,0,1.0,2.6464393446710157,0
14,0,1.0833333333333333,3.2359263506290334,0
11,0,1.1111111111111112,2.663532754804255,0
12,0,1.1,3.0849625007211556,0
13,0,1.0,3.238901256602631,0
14,0,1.0,3.2359263506290334,0
9,0,1.0,2.725480556997868,0
8,0,1.0,2.5,0
12,0,1.0,3.084962500721156,0
15,0,1.0,3.456564762130953,0
14,0,1.0,2.8423709931771093,0
15,2,1.0,3.506890595608518,0
15,0,1.1666666666666667,2.555913095175825,0
8,0,1.0,2.75,0
11,2,1.0,2.9139770731827523,0
12,0,1.0,3.0220552088742005,0
10,0,1.0,2.5219280948873624,0
13,0,1.0,3.085055102756477,0
13,0,1.0,3.0269868333592873,0
9,0,1.0,2.725480556997868,0
13,2,1.0,3.238901256602631,0
13,0,1.0909090909090908,2.8150724101159437,0
13,3,1.0909090909090908,3.238901256602631,0
14,0,1.0,3.3248629576173574,0
15,0,1.0769230769230769,3.106890595608519,0
11,0,1.0,3.0957952550009344,0
10,0,1.0,2.9219280948873623,0
7,0,1.0,2.5216406363433186,0
12,0,1.0,3.2516291673878226,0
15,1,1.0,3.640223928941851,0
10,2,1.0,2.9219280948873623,0
13,0,1.0909090909090908,2.9689185639620974,0
15,0,1.0,3.4565647621309536,0
11,0,1.1111111111111112,3.095795255000934,0
14,0,1.0,3.521640636343319,0
15,0,1.0769230769230769,3.4565647621309536,0
10,0,1.0,3.121928094887362,0
15,0,1.0,3.456564762130954,0
14,0,1.0,3.2359263506290334,0
9,0,1.0,2.94770277922009,0
9,2,1.0,2.94770277922009,0
12,2,1.0,3.4182958340544896,0
14,0,1.0,3.8073549220576055,0
6,0,1.0,2.584962500721156,0
12,0,1.0,3.2516291673878226,0
13,5,1.0,3.392747410448785,0
14,0,1.0,3.6644977792004623,0
14,1,1.0,3.6644977792004623,0
9,0,1.0,2.94770277922009,0
5,0,1.0,2.321928094887362,0
9,0,1.0,2.725480556997868,0
6,2,1.0,2.2516291673878226,0
11,0,1.1111111111111112,2.8453509366224368,0
9,0,1.1428571428571428,2.058813890331201,0
9,0,1.0,3.169925001442312,0
14,0,1.1818181818181819,2.7534343861887853,0
10,0,1.0,2.4464393446710155,0
13,0,1.0,3.3927474104487847,0
14,0,1.0833333333333333,2.950212064914747,0
7,4,1.2,2.235926350629032,0
10,0,1.0,3.121928094887362,0
8,0,1.0,2.75,0
14,0,1.0,3.378783493486176,0
15,4,1.0,3.5068905956085183,0
14,0,1.0,3.6644977792004623,0
14,1,1.0,3.182005814760214,0
13,0,1.0,3.180832987205441,0
11,0,1.0,3.277613436819116,0
9,0,1.0,2.725480556997868,0
15,3,1.0,3.189898095464287,0
7,0,1.0,2.5216406363433186,0
14,2,1.0,3.039148671903071,0
11,0,1.0,2.8453509366224368,0
8,0,1.0,3.0,1
15,1,1.2727272727272727,2.789898095464287,0
9,2,1.0,2.9477027792200903,0
13,1,1.0,3.180832987205441,0
12,0,1.0,3.2516291673878226,0
13,0,1.0,3.238901256602631,0
14,0,1.0,3.3248629576173574,0
7,0,1.0,2.807354922057604,0
11,0,1.0,2.663532754804255,0
15,0,1.0,3.1898980954642875,0
14,0,1.0,2.950212064914747,0
10,0,1.0,2.6464393446710153,0
10,0,1.0,2.4464393446710155,0
11,0,1.0,3.095795255000934,0
15,0,1.0,3.5068905956085183,0
15,1,1.0,3.640223928941851,0
11,0,1.0,3.0957952550009344,0
13,1,2.0,2.1619781796795534,0
13,0,1.0,3.180832987205441,0
6,0,1.0,2.2516291673878226,0
7,4,1.0,2.807354922057604,0
15,0,1.0,2.973557262275185,0
10,0,1.0,3.121928094887362,0
15,0,1.0,3.32323142879762,0
15,0,1.0,3.323231428797621,0
8,0,1.0,3.0,0
14,0,1.0,3.3248629576173574,0
10,1,1.0,3.121928094887362,0
12,0,1.0,3.084962500721156,0
10,0,1.2857142857142858,2.321928094887362,0
10,0,1.0,3.321928094887362,0
12,0,1.0,3.251629167387823,0
6,0,1.0,2.584962500721156,0
10,0,1.0,2.9219280948873623,0
10,0,1.0,2.9219280948873623,0
12,0,1.1,3.084962500721156,0
11,2,1.0,3.0957952550009344,0
8,0,1.0,3.0,0
12,0,1.1,3.0220552088742,0
9,0,1.0,2.94770277922009,0
7,0,1.0,2.807354922057604,0
15,0,1.0,3.2402239289418517,0
11,0,1.0,3.027169118440619,0
11,0,1.1111111111111112,2.5503407095463886,0
13,0,1.0,3.5465935642949384,0
13,0,1.0,3.180832987205441,0
10,3,1.0,3.121928094887362,0
12,2,1.0,3.4182958340544896,0
10,2,1.0,2.9219280948873623,0
13,2,1.0,3.238901256602631,0
10,0,1.125,2.5219280948873624,0
12,0,1.1,2.625814583693911,0
12,0,1.2222222222222223,2.688721875540867,0
10,0,1.0,2.9219280948873623,0
12,0,1.0,3.2516291673878226,0
6,0,1.0,2.584962500721156,0
15,4,1.0,3.7735572622751845,0
10,4,1.0,3.321928094887362,0
12,4,1.0,3.418295834054489,0
12,0,1.0,3.084962500721156,0
12,0,1.0,3.4182958340544896,0
10,2,1.0,2.8464393446710154,0
13,0,1.0,3.238901256602631,0
13,0,1.0,3.546593564294939,0
10,0,1.0,3.321928094887362,0
13,0,1.0,3.3927474104487847,0
6,0,1.0,2.584962500721156,0
9,0,1.0,3.169925001442312,0
13,0,1.0,2.873140679513133,0
11,0,1.0,3.0957952550009344,0
12,0,1.0,3.084962500721156,0
11,0,1.1111111111111112,2.9139770731827523,0
8,0,1.0,2.75,0
11,0,1.0,2.7321588913645702,0
7,0,1.0,2.807354922057604,0
6,0,1.0,1.9182958340544893,0
15,0,1.0,3.773557262275185,0
9,2,1.0,2.725480556997868,0
10,0,1.0,3.121928094887362,0
14,0,1.0,3.6644977792004623,0
15,0,1.0,3.240223928941852,0
8,0,1.0,2.75,0
10,0,1.0,3.121928094887362,0
15,0,1.0,3.1898980954642875,0
10,0,1.125,2.9219280948873623,0
11,0,1.0,3.277613436819116,0
11,0,1.0,2.663532754804255,0
7,0,1.0,2.807354922057604,0
14,0,1.0,3.3787834934861767,0
14,0,1.0,3.6644977792004623,0
12,0,1.0,3.2516291673878226,0
9,1,1.0,3.169925001442312,0
13,0,1.0,3.5465935642949384,0
14,0,1.0,3.6644977792004623,0
5,0,1.0,2.321928094887362,0
8,0,1.0,3.0,0
12,0,1.1,3.0849625007211556,0
6,3,1.0,2.251629167387823,0
12,0,1.0,3.2516291673878226,0
11,0,1.0,3.2776134368191165,0
12,0,1.0,2.8553885422075336,0
11,0,1.0,3.095795255000934,0
14,0,1.0,3.182005814760214,0
12,0,1.0,3.188721875540867,0
10,0,1.0,3.121928094887362,0
11,0,1.6666666666666667,2.299896391167891,0
10,4,1.0,3.121928094887362,0
8,0,1.0,3.0,0
11,0,1.0,2.6635327548042547,0
13,0,1.3333333333333333,3.0850551027564768,0
12,0,1.0,3.0849625007211556,0
8,0,1.0,3.0,0
15,0,1.0,3.1068905956085184,0
13,0,1.0,3.3927474104487847,0
8,0,1.0,2.75,0
9,0,1.0,2.94770277922009,0
7,0,1.0,2.807354922057604,0
10,0,1.125,2.9219280948873623,0
7,0,1.0,2.1280852788913944,0
10,0,1.0,2.9219280948873623,0
15,0,1.0,3.640223928941852,0
9,0,1.0,2.94770277922009,0
7,3,1.0,2.521640636343318,0
9,0,1.0,2.725480556997868,0
9,0,1.3333333333333333,2.5032583347756456,0
12,0,1.1,3.2516291673878226,0
8,3,1.0,2.75,0
12,0,1.0,3.418295834054489,0
14,0,1.0833333333333333,3.039148671903071,0
13,0,1.0,3.3927474104487847,0
10,0,1.0,3.121928094887362,0
9,0,1.0,2.725480556997868,0
11,0,1.1111111111111112,2.8453509366224368,0
12,0,1.0,3.0220552088742,0
10,4,1.0,2.9219280948873627,0
7,2,1.0,2.807354922057604,0
9,1,1.0,2.94770277922009,0
12,3,1.0,3.2516291673878226,0
13,0,1.0,3.238901256602631,0
13,0,1.0,3.238901256602631,0
11,2,1.0,3.2776134368191165,0
15,0,1.0,3.240223928941852,0
13,2,1.0,3.334679141051595,0
8,0,1.0,2.25,0
11,0,1.1111111111111112,2.5503407095463886,0
10,0,1.0,2.7219280948873625,0
7,0,1.0,2.5216406363433186,0
10,0,1.0,3.121928094887362,0
11,0,1.0,3.095795255000934,0
10,0,1.0,3.1219280948873624,0
12,0,1.1,3.2516291673878226,0
12,0,1.1,2.8553885422075336,0
12,0,1.0,3.0220552088742005,0
13,0,1.0,3.085055102756477,0
6,0,1.0,2.2516291673878226,0
7,0,1.0,2.5216406363433186,0
11,0,1.0,3.277613436819116,0
9,3,1.0,3.169925001442312,0
7,1,1.0,2.807354922057604,0
8,1,1.0,3.0,0
15,3,1.0769230769230769,3.189898095464287,0
7,0,1.0,2.5216406363433186,0
15,1,1.0,3.056564762130954,0
12,0,1.0,2.9182958340544896,0
10,0,1.0,3.121928094887362,0
10,0,1.0,3.121928094887362,0
15,0,1.0,3.323231428797621,0
15,1,1.0769230769230769,3.323231428797621,0
10,0,1.0,2.8464393446710154,0
15,0,1.0,3.3735572622751846,0
11,0,1.0,3.277613436819116,0
12,0,1.0,3.188721875540867,0
8,0,1.0,3.0,0
11,0,1.1111111111111112,2.7321588913645702,0
12,0,1.0,3.2516291673878226,0
10,0,1.0,2.7219280948873625,0
7,0,1.0,2.2359263506290326,0
8,0,1.0,2.75,0
11,0,1.0,3.0957952550009344,0
11,0,1.1111111111111112,2.5949066182439395,0
9,0,1.0,2.5032583347756456,0
11,0,1.0,3.2776134368191165,0
13,0,1.0,2.8731406795131336,0
14,0,1.0,2.8423709931771093,0
14,0,1.0833333333333333,2.9852281360342516,0
9,0,1.0,2.2810361125534233,0
7,0,1.0,2.5216406363433186,0
13,0,1.0,3.180832987205441,0
14,4,1.0,3.378783493486176,0
10,0,1.0,2.9219280948873623,0
12,0,1.0,3.0220552088742,0
14,0,1.0,3.521640636343319,0
14,0,1.1818181818181819,2.692380602454975,0
13,0,1.0,3.3927474104487847,0
13,0,1.0,3.180832987205441,0
8,0,1.0,2.75,0
10,3,1.0,3.321928094887362,0
9,0,1.0,3.169925001442312,0
14,0,1.0,3.3787834934861767,0
9,0,1.0,2.725480556997868,0
11,0,1.0,2.8453509366224368,0
12,1,1.1,3.0220552088742,0
9,0,1.0,2.9477027792200903,0
14,0,1.0,3.3787834934861767,0
7,0,1.0,2.807354922057604,0
11,0,1.1111111111111112,2.845350936622437,0
12,9,1.1,2.918295834054489,0
11,0,1.1111111111111112,2.663532754804255,0
8,0,1.0,2.5,0
7,0,1.0,2.5216406363433186,0
11,0,1.0,3.0957952550009344,0
15,0,1.0,3.2402239289418517,0
14,0,1.0,3.09306920777189,0
11,0,1.0,3.2776134368191165,0
12,2,1.0,3.2516291673878226,0
10,3,1.0,2.9219280948873623,0
12,0,1.0,3.418295834054489,0
12,0,1.1,2.6887218755408666,0
13,0,1.0909090909090908,2.8150724101159437,0
12,0,1.0,3.084962500721156,0
7,0,1.0,2.807354922057604,0
14,0,1.0,3.521640636343319,0
13,0,1.0,2.9312089489103235,0
7,4,1.0,2.521640636343318,0
12,2,1.0,3.2516291673878226,0
9,0,1.0,2.725480556997868,0
6,0,1.0,2.584962500721156,0
11,0,1.1111111111111112,2.9139770731827523,0
11,0,1.0,3.277613436819116,0
10,0,1.0,3.321928094887362,0
14,0,1.0,3.2359263506290334,0
14,0,1.0,3.6644977792004623,0
6,0,1.0,2.584962500721156,0
13,0,1.0,2.71929452566698,0
12,0,1.1,2.9182958340544896,0
13,2,1.0,3.3927474104487847,0
10,0,1.0,2.8464393446710154,0
15,8,1.0,3.640223928941852,0
11,0,1.0,3.277613436819116,0
15,0,1.0,3.1395722619867223,0
11,0,1.0,2.9139770731827523,0
15,0,1.0,3.4565647621309536,0
11,0,1.0,3.095795255000934,0
14,0,1.0,3.3248629576173574,0
15,0,1.0769230769230769,3.373557262275185,0
7,3,1.0,2.807354922057604,0
11,0,1.0,2.663532754804255,0
10,0,1.0,3.321928094887362,0
9,0,1.0,2.94770277922009,0
11,2,1.0,3.459431618637298,0
12,0,1.1,2.584962500721156,0
15,0,1.0,3.0565647621309537,0
15,0,1.0,3.3735572622751846,0
14,2,1.0,3.039148671903071,0
11,0,1.0,3.277613436819116,0
7,0,1.0,2.807354922057604,0
15,0,1.1666666666666667,3.2402239289418517,0
10,0,1.0,2.9219280948873623,0
13,1,1.0,3.546593564294939,0
13,0,1.0,3.0269868333592873,0
10,0,1.0,3.321928094887362,0
2,0,1.0,1.0,0
10,0,1.0,2.9219280948873623,1
10,0,1.0,2.8464393446710154,0
7,0,1.0,1.9502120649147465,0
15,4,1.0769230769230769,3.640223928941851,0
6,0,1.0,2.584962500721156,0
15,0,1.0,3.6402239289418516,0
7,0,1.0,2.807354922057604,0
14,0,1.0,3.521640636343319,0
15,1,1.75,2.6892464285091577,0
12,0,1.0,3.251629167387823,0
9,0,1.0,2.94770277922009,0
9,0,1.0,2.725480556997868,0
15,1,1.0,3.5068905956085183,0
11,0,1.25,2.663532754804255,0
15,2,1.0,3.3232314287976203,0
13,0,1.0,3.5465935642949384,0
15,0,1.0,3.640223928941851,0
15,1,1.0,3.4565647621309536,0
7,0,1.0,2.2359263506290326,0
13,0,1.0,3.238901256602631,0
12,0,1.0,3.2516291673878226,0
15,0,1.0,3.506890595608518,0
11,0,1.0,3.459431618637298,0
15,0,1.0,3.1898980954642875,0
11,0,1.0,3.0957952550009344,0
8,0,1.0,2.5,0
14,0,1.0833333333333333,3.3787834934861767,0
15,0,1.0,3.3232314287976203,0
9,0,1.0,3.169925001442312,0
13,0,1.0,2.7773627950641693,1
14,0,1.0,3.378783493486176,0
7,0,1.0,2.5216406363433186,0
15,3,1.0,3.456564762130954,0
8,2,1.0,2.75,0
9,0,1.0,2.94770277922009,0
11,0,1.1111111111111112,2.9139770731827523,1
13,0,1.0,3.238901256602631,0
9,0,1.0,2.94770277922009,0
13,0,1.2,3.0269868333592873,0
10,0,1.0,2.6464393446710153,0
12,0,1.0,3.4182958340544896,0
13,0,1.0,3.5465935642949384,0
7,0,1.0,2.521640636343318,0
11,0,1.0,2.9139770731827523,0
12,0,1.0,3.084962500721156,0
15,0,1.0,3.640223928941851,0
11,3,1.0,3.2776134368191165,0
13,0,1.0,2.931208948910323,0
12,0,1.0,3.188721875540867,0
11,0,1.1111111111111112,3.095795255000934,0
13,4,1.0909090909090908,3.085055102756477,0
9,0,1.0,2.94770277922009,0
11,0,1.0,2.9139770731827523,0
13,0,1.0909090909090908,2.6235166412180155,0
9,0,1.0,3.169925001442312,0
12,2,1.0,2.8553885422075336,0
9,0,1.0,2.94770277922009,0
12,0,1.0,3.0849625007211556,0
15,0,1.0,3.640223928941851,0
12,0,1.0,3.418295834054489,0
7,4,1.0,2.2359263506290326,0
11,0,1.0,3.277613436819116,0
14,4,1.0,3.3787834934861767,0
12,0,1.2222222222222223,3.084962500721156,0
14,4,1.3,3.09306920777189,0
12,0,1.0,3.2516291673878226,0
5,1,1.0,2.321928094887362,0
10,0,1.0,2.6464393446710157,0
14,0,1.0,3.521640636343319,0
7,0,1.0,2.5216406363433186,0
9,0,1.0,2.725480556997868,0
12,4,1.0,3.584962500721156,0
9,2,1.0,2.5032583347756456,0
14,0,1.0,3.521640636343319,0
8,0,1.0,2.75,0
11,0,1.0,3.0957952550009344,0
8,3,1.0,3.0,0
8,0,1.0,3.0,0
15,0,1.0769230769230769,3.1898980954642866,0
12,0,1.0,3.251629167387823,0
6,2,1.0,2.584962500721156,0
15,0,1.0,3.3735572622751846,0
8,0,1.0,2.75,0
12,0,1.0,3.2516291673878226,0
9,0,1.0,2.725480556997868,0
12,0,1.0,3.0220552088742,0
10,1,1.125,2.6464393446710153,0
12,0,1.1,3.084962500721156,0
10,0,1.0,3.121928094887362,0
14,0,1.0,3.521640636343319,0
14,0,1.0,3.182005814760214,0
15,0,1.1666666666666667,2.9232314287976204,0
14,0,1.0,3.521640636343319,0
11,4,1.1111111111111112,3.027169118440619,0
8,0,1.0,3.0,0
11,0,1.1111111111111112,2.663532754804255,0
13,0,1.0,3.180832987205441,0
12,0,1.0,3.084962500721156,0
9,0,1.0,2.94770277922009,0
12,0,1.0,3.2516291673878226,0
11,0,1.0,3.2776134368191165,0
15,3,1.0,3.773557262275185,0
10,0,1.0,3.121928094887362,0
12,2,1.0,3.418295834054489,0
9,0,1.0,2.94770277922009,0
13,0,1.0,3.180832987205441,0
13,0,1.0,3.334679141051595,0
12,0,1.0,2.918295834054489,0
14,0,1.0,3.6644977792004623,0
15,1,2.3333333333333335,2.5055872616982606,0
10,0,1.0,3.121928094887362,0
10,0,1.0,3.121928094887362,0
13,0,1.0,3.3927474104487847,0
11,0,1.0,3.0957952550009344,0
11,0,1.0,3.2776134368191165,0
15,0,1.0,3.2729055953200556,0
13,0,1.0,3.238901256602631,0
8,0,1.0,2.4056390622295662,0
9,0,1.0,3.169925001442312,0
7,0,1.0,2.521640636343318,0
8,0,1.0,2.4056390622295662,0
7,2,1.0,2.5216406363433186,0
13,0,1.0,3.334679141051595,0
13,1,1.0909090909090908,2.873140679513133,0
7,0,1.0,2.807354922057604,0
8,0,1.0,2.75,0
10,0,1.0,2.721928094887362,0
8,0,1.0,3.0,0
9,0,1.0,3.169925001442312,0
8,0,1.0,2.75,0
14,1,1.0,3.3787834934861767,0
14,2,1.0,3.2359263506290326,0
12,1,1.0,3.2516291673878226,0
10,0,1.0,3.321928094887362,0
14,0,1.0833333333333333,3.182005814760214,0
13,0,1.0,3.5465935642949384,0
14,0,1.0,3.3787834934861767,0
12,0,1.0,3.0220552088742,0
10,0,1.0,3.121928094887362,0
10,0,1.0,3.1219280948873624,0
7,0,1.0,2.5216406363433186,0
13,0,1.0,3.0850551027564768,0
14,0,1.0,3.3787834934861767,0
13,0,1.0,3.3927474104487847,0
11,3,1.0,3.0957952550009344,0
12,3,1.0,3.418295834054489,0
11,0,1.0,3.095795255000934,0
15,2,1.0,3.7735572622751845,0
9,2,1.0,2.725480556997868,0
12,0,1.0,3.084962500721156,0
7,3,1.0,2.807354922057604,0
11,0,1.0,3.095795255000934,0
10,0,1.0,2.9219280948873623,0
12,0,1.0,3.2516291673878226,0
13,2,1.0909090909090908,3.180832987205441,0
11,0,1.0,3.2776134368191165,0
12,0,1.0,3.0220552088742,0
11,0,1.0,3.095795255000934,0
14,3,1.0,3.6644977792004623,0
11,0,1.0,3.459431618637298,0
13,0,1.0,3.180832987205441,0
11,0,1.0,3.277613436819116,0
11,0,1.0,3.277613436819116,0
6,0,1.0,2.2516291673878226,0
9,0,1.0,2.94770277922009,0
10,2,1.125,2.921928094887362,0
7,0,1.0,2.807354922057604,0
15,0,1.0,3.5068905956085183,0
12,0,1.0,3.418295834054489,0
12,0,1.0,3.418295834054489,0
9,0,1.0,3.169925001442312,0
8,0,1.4,2.25,0
14,0,1.0,3.521640636343319,0
11,0,1.0,3.0957952550009344,0
13,0,1.0,3.085055102756477,0
12,2,1.0,3.2516291673878226,0
6,0,1.0,2.584962500721156,0
13,0,1.0,3.238901256602631,0
14,0,1.0833333333333333,2.521640636343318,0
8,4,1.0,2.75,0
14,0,1.1818181818181819,3.2359263506290334,0
7,0,1.0,2.807354922057604,0
9,4,1.0,2.9477027792200903,0
7,0,1.0,2.1280852788913944,0
14,0,1.0,3.2359263506290334,0
4,0,1.0,1.5,0
11,0,1.0,2.8453509366224368,0
14,0,1.0833333333333333,3.182005814760214,0
15,0,1.0,3.1395722619867223,0
10,0,1.0,2.5219280948873624,0
9,0,1.0,2.94770277922009,0
14,0,1.0,3.039148671903071,0
13,0,1.0,2.873140679513133,0
9,0,1.0,2.94770277922009,1
14,0,1.0,3.6644977792004623,0
11,2,1.0,3.2776134368191165,0
10,0,1.0,3.121928094887362,0
13,0,1.0,3.0269868333592873,0
15,0,1.0,3.456564762130954,0
13,0,1.0,3.3927474104487847,0
11,0,1.0,3.2776134368191165,0
11,0,1.0,2.913977073182752,0
14,4,1.0,3.521640636343319,0
9,0,1.1428571428571428,2.2810361125534233,0
7,1,1.0,2.5216406363433186,0
12,2,1.0,3.2516291673878226,0
13,0,1.0,3.5465935642949384,0
15,0,1.0,3.4565647621309536,0
12,0,1.0,3.084962500721156,0
13,0,1.0,3.0269868333592873,0
5,0,1.0,1.9219280948873623,0
9,3,1.0,2.725480556997868,0
10,0,1.0,3.121928094887362,0
10,0,1.125,2.7219280948873625,0
10,0,1.125,2.6464393446710153,0
7,1,1.0,2.807354922057604,0
11,0,1.1111111111111112,2.8453509366224368,0
13,0,1.0,3.3927474104487847,0
11,0,1.0,3.277613436819116,0
9,0,1.0,2.94770277922009,0
6,0,1.0,2.2516291673878226,0
13,0,1.0909090909090908,2.873140679513133,0
11,0,1.0,3.0957952550009344,0
8,0,1.0,2.75,0
9,0,1.0,2.94770277922009,0
12,0,1.0,2.918295834054489,0
14,4,1.0,3.521640636343319,0
14,3,1.0,3.521640636343319,0
13,0,1.0,2.873140679513133,0
12,0,1.1,3.084962500721156,0
9,0,1.0,2.725480556997868,0
13,0,1.0,3.238901256602631,0
12,0,1.0,3.084962500721156,0
14,0,1.0,3.521640636343319,0
9,0,1.0,3.169925001442312,0
14,0,1.0,3.128085278891395,0
7,0,1.0,2.2359263506290326,0
13,0,1.0,3.238901256602631,0
9,2,1.3333333333333333,2.5032583347756456,0
11,0,1.0,3.0957952550009344,0
13,0,1.0,3.3927474104487847,0
15,3,1.0,3.456564762130953,0
9,9,1.1428571428571428,2.4193819456463714,0
7,0,1.0,2.2359263506290326,0
15,0,1.0,3.640223928941851,0
15,2,1.0,3.640223928941852,0
9,2,1.0,2.94770277922009,0
12,0,1.0,3.2516291673878226,0
7,0,1.0,2.5216406363433186,1
14,0,1.0,3.2359263506290334,0
13,0,1.0,3.7004397181410926,0
12,2,1.0,3.2516291673878226,0
13,0,1.2,3.085055102756477,0
11,0,1.0,2.9139770731827523,0
10,0,1.0,2.8464393446710154,0
12,0,1.1,3.2516291673878226,0
12,2,1.0,3.418295834054489,0
12,2,1.0,3.084962500721156,0
7,0,1.0,2.5216406363433186,0
10,2,1.0,3.321928094887362,0
13,0,1.0,3.238901256602631,0
8,0,1.0,2.75,0
6,3,1.0,2.584962500721156,0
13,0,1.0,3.5465935642949384,0
14,1,1.0,3.2359263506290334,0
12,2,1.0,3.418295834054489,0
10,0,1.0,2.721928094887362,0
6,0,1.0,2.584962500721156,0
15,0,1.0,3.5068905956085183,0
9,2,1.0,3.169925001442312,0
12,2,1.0,3.188721875540867,0
12,0,1.0,3.2516291673878226,0
14,2,1.0,3.521640636343319,0
10,0,1.0,2.9219280948873623,0
10,0,1.0,2.9219280948873623,0
15,0,1.0,3.2729055953200556,0
12,0,1.0,2.792481250360578,0
13,0,1.0,3.3927474104487847,0
10,0,1.125,2.721928094887362,0
12,0,1.0,3.084962500721156,0
12,0,1.0,3.188721875540867,0
11,0,1.1111111111111112,2.5503407095463886,0
10,0,1.0,2.9219280948873623,0
10,3,1.0,3.121928094887362,0
8,0,1.0,2.75,0
12,0,1.0,2.855388542207534,0
11,0,1.0,2.663532754804255,0
8,0,1.0,3.0,0
9,0,1.0,2.94770277922009,0
12,0,1.0,3.418295834054489,0
13,0,1.0,2.873140679513133,0
15,0,1.0,3.6402239289418516,0
10,2,1.0,2.721928094887362,0
13,0,1.2,3.085055102756477,0
9,0,1.0,3.169925001442312,0
13,0,1.0,3.180832987205441,0
13,1,1.0,3.334679141051595,0
15,0,1.0,3.3735572622751855,0
13,0,1.2,2.9689185639620974,0
10,0,1.0,3.121928094887362,0
12,0,1.0,2.8553885422075336,0
14,0,1.0,3.3248629576173574,0
13,0,1.0,3.3927474104487847,0
9,0,1.0,2.6416041678685933,0
13,0,1.0,3.334679141051595,0
13,0,1.0,3.5465935642949384,0
13,0,1.0,2.931208948910323,0
8,4,1.1666666666666667,2.1556390622295662,0
12,0,1.0,3.188721875540867,0
10,0,1.0,3.121928094887362,0
8,1,1.0,2.4056390622295662,0
11,0,1.0,2.845350936622437,0
5,0,1.0,1.9219280948873623,0
10,0,1.0,3.321928094887362,0
7,0,1.0,2.521640636343318,0
11,0,1.0,3.277613436819116,0
12,0,1.0,3.418295834054489,0
6,0,1.0,2.584962500721156,0
15,0,1.0769230769230769,3.189898095464287,0
12,0,1.0,3.188721875540867,0
14,0,1.0,3.378783493486176,0
9,9,1.0,2.5032583347756456,0
9,0,1.1428571428571428,2.503258334775646,0
15,4,1.0769230769230769,3.323231428797621,0
13,0,1.0909090909090908,3.238901256602631,0
15,0,1.0,3.1395722619867223,0
11,0,1.0,2.8453509366224368,0
13,0,1.0,3.238901256602631,0
13,0,1.0,3.5465935642949384,0
14,0,1.0,3.039148671903071,0
13,0,1.0,3.180832987205441,0
14,0,1.0,3.378783493486176,0
15,0,1.1666666666666667,2.866247897312731,0
15,3,1.0,3.906890595608518,0
9,0,1.0,2.725480556997868,0
9,0,1.0,2.94770277922009,0
15,0,1.0,3.506890595608518,0
13,0,1.0,3.238901256602631,0
8,0,1.0,2.1556390622295662,0
12,0,1.1,2.7516291673878226,0
7,0,1.0,2.807354922057604,0
13,0,1.0,2.6535442970305687,0
8,0,1.0,2.75,0
9,4,1.0,3.169925001442312,0
9,0,1.0,2.94770277922009,0
10,0,1.0,3.321928094887362,0
5,0,1.0,2.321928094887362,0
15,0,1.0769230769230769,3.5068905956085183,0
14,0,1.0,3.09306920777189,0
13,0,1.0909090909090908,3.085055102756477,0
11,0,1.0,3.095795255000934,0
12,0,1.0,2.9182958340544896,0
14,1,1.0,3.378783493486176,0
12,0,1.0,3.0220552088742005,0
12,0,1.0,3.2516291673878226,0
12,0,1.375,2.584962500721156,0
8,0,1.0,2.75,0
14,0,1.0,3.521640636343319,0
13,0,1.2,2.7192945256669794,0
13,0,1.0,3.3927474104487847,0
8,0,1.0,3.0,0
15,0,1.0,3.189898095464287,0
13,0,1.0,2.7773627950641693,0
13,0,1.0,3.3927474104487847,0
8,0,1.0,2.4056390622295662,0
15,11,1.0,2.973557262275185,0
12,0,1.0,3.188721875540867,0
8,0,1.0,3.0,0
15,8,1.0,3.506890595608519,0
9,2,1.0,3.169925001442312,0
10,1,1.0,2.9219280948873623,0
15,2,1.0,3.3232314287976203,0
6,0,1.0,2.584962500721156,0
12,0,1.1,2.355388542207534,0
11,0,1.0,3.0957952550009344,0
13,0,1.0909090909090908,3.085055102756477,0
11,0,1.0,2.9139770731827523,0
6,0,1.0,2.584962500721156,0
12,0,1.0,3.584962500721156,0
7,0,1.0,2.807354922057604,0
11,0,1.0,3.459431618637298,0
8,0,1.0,2.4056390622295662,0
9,0,1.0,2.725480556997868,0
14,4,1.0,3.378783493486176,0
9,1,1.0,2.94770277922009,0
12,0,1.0,2.9182958340544896,0
13,0,1.0909090909090908,2.931208948910323,0
14,4,1.0,3.2359263506290326,0
9,0,1.0,2.94770277922009,0
10,0,1.0,2.9219280948873623,0
10,0,1.0,3.321928094887362,0
11,4,1.0,3.095795255000934,0
11,0,1.0,3.027169118440619,0
11,4,1.1111111111111112,2.9139770731827523,0
10,3,1.0,3.1219280948873624,0
8,0,1.0,2.75,0
13,0,1.0,3.238901256602631,0
12,8,1.0,2.584962500721156,0
9,3,1.1428571428571428,2.6416041678685938,0
11,1,1.0,3.0957952550009344,0
10,0,1.0,3.121928094887362,0
11,4,1.0,3.0957952550009344,0
9,0,1.0,2.503258334775646,0
14,0,1.0,3.521640636343319,0
15,0,1.0,3.32323142879762,0
15,0,1.1666666666666667,2.840223928941852,0
12,0,1.0,3.2516291673878226,0
11,0,1.0,3.277613436819116,0
15,3,1.0,3.106890595608518,0
9,0,1.0,2.94770277922009,0
11,0,1.0,3.0957952550009344,0
14,2,1.0,3.378783493486176,0
12,0,1.2222222222222223,2.251629167387823,0
8,0,1.0,2.75,0
12,0,1.1,3.0849625007211556,0
8,0,1.0,2.75,0
15,0,1.0,3.456564762130954,0
14,2,1.0,3.2359263506290326,0
9,0,1.0,3.169925001442312,0
12,2,1.0,3.584962500721156,0
11,0,1.0,3.459431618637298,0
14,0,1.0,3.182005814760214,0
11,4,1.0,3.2776134368191165,0
7,0,1.0,2.5216406363433186,0
10,0,1.0,3.121928094887362,0
15,1,1.0769230769230769,3.4565647621309536,0
10,0,1.2857142857142858,2.1609640474436813,0
12,4,1.0,3.4182958340544896,0
13,0,1.0,3.0269868333592873,0
10,4,1.0,2.9219280948873623,0
11,0,1.0,3.095795255000934,0
9,0,1.1428571428571428,2.725480556997868,0
12,1,1.0,3.0220552088742005,0
11,1,1.0,3.0957952550009344,0
15,0,1.0,3.6402239289418516,0
14,0,1.0,2.78845045730829,0
13,0,1.0,3.3927474104487847,0
8,2,1.0,2.75,0
11,0,1.0,3.0957952550009344,0
15,4,1.0769230769230769,3.3735572622751855,0
6,1,1.0,2.584962500721156,0
15,0,1.0,3.3232314287976203,0
11,0,1.0,3.2776134368191165,0
10,0,1.0,2.9219280948873623,0
7,1,1.0,1.8423709931771084,0
12,0,1.0,3.2516291673878226,0
12,0,1.0,3.0220552088742005,0
15,0,1.0,3.1898980954642866,1
6,0,1.25,1.9182958340544893,0
11,3,1.0,3.459431618637298,0
12,1,1.1,3.0220552088742,0
8,0,1.0,2.75,0
15,0,1.0,3.2402239289418517,0
12,4,1.0,3.418295834054489,0
13,0,1.0909090909090908,2.8731406795131336,0
12,0,1.0,3.584962500721156,0
4,0,1.0,2.0,0
13,0,1.0,3.3927474104487847,0
8,0,1.0,3.0,0
11,0,1.0,2.8453509366224368,0
8,0,1.0,3.0,0
15,5,1.0,3.373557262275185,0
14,0,1.0833333333333333,3.039148671903071,0
14,0,1.0,3.2359263506290334,0
10,0,1.0,2.8464393446710154,0
15,3,1.0769230769230769,3.4565647621309536,0
6,0,1.0,2.584962500721156,0
11,1,1.0,3.027169118440619,0
15,3,1.0,3.5068905956085183,0
12,0,1.0,3.0849625007211556,0
15,0,1.0,3.3735572622751855,0
14,0,1.0,3.6644977792004623,0
13,2,1.0,3.3927474104487847,0
8,0,1.0,2.75,0
8,0,1.1666666666666667,2.25,0
7,0,1.0,2.807354922057604,0
9,0,1.6,2.2810361125534238,0
6,0,1.0,2.584962500721156,0
14,0,1.0,3.3787834934861767,0
12,0,1.1,3.084962500721156,0
6,0,1.0,2.2516291673878226,0
9,0,1.0,2.94770277922009,0
15,1,1.0,3.506890595608518,0
14,0,1.0,3.2359263506290334,0
11,0,1.0,3.095795255000934,0
13,2,1.0909090909090908,3.0269868333592873,0
15,0,1.0,3.5068905956085183,0
10,0,1.0,2.8464393446710154,0
14,0,1.1818181818181819,2.692380602454975,0
12,0,1.1,3.2516291673878226,0
9,0,1.0,2.9477027792200903,0
6,0,1.0,2.584962500721156,0
12,0,1.0,3.2516291673878226,0
10,0,1.0,3.321928094887362,0
14,0,1.0,3.2359263506290334,0
8,0,1.0,2.75,0
10,0,1.0,3.321928094887362,0
8,0,1.1666666666666667,2.1556390622295662,0
13,0,1.0909090909090908,3.238901256602631,0
8,0,1.0,2.5,0
13,0,1.0,3.3927474104487847,0
10,0,1.0,3.121928094887362,0
9,0,1.0,2.725480556997868,0
10,0,1.0,2.6464393446710153,0
15,0,1.0,3.3232314287976203,0
10,0,1.0,2.9219280948873623,0
12,0,1.0,3.418295834054489,0
13,1,1.0,3.3927474104487847,0
13,0,1.0,3.5465935642949384,0
7,0,1.0,2.807354922057604,0
13,0,1.0,2.873140679513133,0
10,1,1.0,2.9219280948873623,0
13,0,1.3333333333333333,2.5654483718208256,0
14,0,1.0,3.521640636343319,0
12,0,1.0,3.2516291673878226,0
13,0,1.0,3.5465935642949384,0
11,0,1.0,3.459431618637298,0
12,0,1.0,3.0220552088742,0
15,0,1.0,3.5068905956085183,0
10,0,1.0,2.9219280948873623,0
12,0,1.0,2.918295834054489,0
15,1,1.0,3.1898980954642875,0
10,0,1.0,2.7219280948873625,0
12,0,1.1,3.0849625007211556,0
11,0,1.0,2.9139770731827523,0
15,0,1.0,3.7735572622751845,0
12,2,1.0,3.2516291673878226,0
9,2,1.0,2.94770277922009,0
8,1,1.0,2.75,0
11,0,1.0,3.095795255000934,0
11,0,1.1111111111111112,2.5503407095463886,0
10,4,1.0,3.1219280948873624,0
13,0,1.0,3.1808329872054406,0
6,0,1.0,2.2516291673878226,0
8,0,1.0,2.75,0
13,0,1.0,3.238901256602631,0
12,0,1.0,3.084962500721156,0
7,2,1.0,2.807354922057604,0
9,0,1.0,2.94770277922009,0
14,1,1.0,3.6644977792004623,0
7,0,1.0,2.5216406363433186,0
12,0,1.0,2.918295834054489,0
8,0,1.0,3.0,0
11,4,1.0,3.277613436819116,0
13,0,1.0,3.3927474104487847,0
15,0,1.0769230769230769,2.7898980954642867,0
10,0,1.0,2.9219280948873623,0
11,1,1.0,3.277613436819116,0
9,0,1.0,2.9477027792200903,0
11,0,1.0,3.0957952550009344,0
9,0,1.0,2.725480556997868,0
11,0,1.0,2.845350936622437,0
11,0,1.0,2.4040097573248604,0
11,0,1.0,3.095795255000934,0
7,0,1.0,2.521640636343318,0
8,0,1.0,3.0,0
13,0,1.0,3.3927474104487847,0
12,0,1.0,3.0220552088742,1
9,0,1.0,3.169925001442312,0
12,0,1.0,3.2516291673878226,0
12,0,1.0,3.084962500721156,0
8,0,1.0,3.0,0
11,0,1.0,3.277613436819116,0
14,0,1.0,3.521640636343319,0
10,0,1.0,3.1219280948873624,0
10,0,1.0,2.7219280948873625,0
5,0,1.0,1.9219280948873623,0
9,0,1.0,2.725480556997868,0
13,3,1.0,3.3927474104487847,0
12,0,1.0,3.418295834054489,0
14,0,1.1818181818181819,2.9852281360342516,0
9,0,1.0,2.9477027792200903,0
12,0,1.375,2.625814583693911,0
12,0,1.0,2.8553885422075336,0
12,4,1.0,3.188721875540867,0
12,0,1.0,2.918295834054489,0
7,0,1.0,2.807354922057604,0
15,0,1.0,3.189898095464287,0
9,2,1.0,2.94770277922009,0
12,0,1.0,3.584962500721156,0
8,0,1.0,2.5,0
10,2,1.0,3.1219280948873624,0
6,0,1.0,2.584962500721156,0
13,0,1.0,3.3927474104487847,0
7,0,1.0,2.807354922057604,0
13,0,1.0,3.334679141051595,0
13,0,1.0,3.180832987205441,0
14,0,1.0833333333333333,3.182005814760214,0
12,0,1.0,3.0220552088742,0
8,0,1.0,3.0,0
15,0,1.0,3.6402239289418516,0
12,4,1.0,3.2516291673878226,0
13,0,1.0,3.0269868333592873,0
10,0,1.0,3.121928094887362,0
12,3,1.0,3.418295834054489,0
7,2,1.0,2.807354922057604,0
15,0,1.0769230769230769,3.0565647621309537,0
14,0,1.0833333333333333,2.950212064914748,0
8,0,1.0,2.75,0
7,0,1.2,2.2359263506290326,0
11,0,1.25,2.5503407095463886,0
10,0,1.0,2.9219280948873623,0
10,0,1.0,2.9219280948873623,0
8,1,1.0,2.75,0
15,1,1.0,3.506890595608519,0
9,2,1.1428571428571428,2.5032583347756456,0
10,1,1.0,2.9219280948873623,0
12,0,1.0,3.2516291673878226,0
9,0,1.0,2.725480556997868,0
12,2,1.0,3.418295834054489,0
8,0,1.0,2.75,0
11,0,1.0,3.2776134368191165,0
11,0,1.0,2.9139770731827523,0
11,0,1.0,2.8453509366224368,0
15,0,1.0769230769230769,3.32323142879762,0
12,0,1.0,3.084962500721156,0
7,0,1.0,2.807354922057604,0
9,0,1.0,2.725480556997868,0
9,0,1.0,2.725480556997868,0
11,0,1.0,2.9139770731827523,0
10,0,1.0,2.721928094887362,0
10,0,1.0,2.721928094887362,0
10,0,1.0,2.9219280948873623,0
10,1,1.0,2.721928094887362,0
9,0,1.0,3.169925001442312,0
11,0,1.0,3.027169118440619,0
13,0,1.0,3.180832987205441,0
13,0,1.0,3.3927474104487847,0
13,0,1.0,3.5465935642949384,0
10,0,1.0,3.121928094887362,0
15,3,1.0,3.640223928941851,0
9,0,1.1428571428571428,2.113283334294875,0
6,0,1.0,2.584962500721156,0
13,0,1.0,3.085055102756477,0
10,0,1.0,2.9219280948873623,0
8,0,1.0,3.0,0
12,0,1.0,2.8553885422075336,0
14,0,1.0,3.182005814760214,0
10,0,1.0,2.8464393446710154,0
15,2,1.0,3.506890595608518,0
12,0,1.0,3.2516291673878226,0
12,0,1.0,3.2516291673878226,0
11,4,1.0,3.095795255000934,0
11,0,1.0,3.459431618637298,0
10,0,1.0,2.9219280948873623,0
11,0,1.25,2.9139770731827523,0
14,0,1.0,3.3248629576173574,0
8,1,1.0,2.75,0
15,0,1.0769230769230769,3.640223928941851,0
12,0,1.1,2.617492461184755,0
14,0,1.0,3.378783493486176,0
11,0,1.0,3.0957952550009344,0
11,2,1.4285714285714286,2.7321588913645702,0
15,0,1.0,3.4565647621309536,0
13,0,1.0,3.3927474104487847,0
11,0,1.0,3.277613436819116,0
10,0,1.0,3.121928094887362,0
8,1,1.0,2.75,0
11,0,1.0,3.2776134368191165,0
13,0,1.0,3.334679141051595,0
13,4,1.0909090909090908,3.238901256602631,0
8,4,1.0,2.5,0
10,0,1.0,3.121928094887362,1
9,0,1.0,2.725480556997868,0
9,3,1.0,3.169925001442312,0
9,0,1.0,2.725480556997868,1
10,0,1.0,2.6464393446710157,0
15,2,1.0,3.32323142879762,0
10,0,1.0,3.121928094887362,0
8,0,1.0,2.75,0
13,2,1.0,3.334679141051595,0
9,0,1.0,2.4193819456463714,0
13,0,1.0,3.238901256602631,0
12,0,1.0,2.918295834054489,0
7,0,1.0,2.2359263506290326,0
9,0,1.0,2.503258334775646,0
8,0,1.4,2.25,0
11,2,1.0,3.277613436819116,0
11,0,1.1111111111111112,2.913977073182752,0
10,0,1.0,3.321928094887362,0
15,0,1.0,3.3735572622751846,0
12,0,1.0,3.0849625007211556,0
10,0,1.0,3.121928094887362,0
8,2,1.0,3.0,0
9,0,1.0,2.94770277922009,0
11,0,1.0,3.095795255000934,0
9,0,1.0,3.169925001442312,0
14,0,1.0,3.378783493486176,0
14,0,1.0,3.378783493486176,0
12,0,1.0,3.2516291673878226,0
11,2,1.0,3.277613436819116,0
10,0,1.0,2.9219280948873623,0
15,0,1.1666666666666667,2.5559130951758244,0
14,2,1.0,3.6644977792004623,0
10,0,1.0,3.121928094887362,0
12,0,1.1,3.2516291673878226,0
12,2,1.0,3.0220552088742,0
14,0,1.0833333333333333,3.039148671903071,0
10,0,1.0,3.121928094887362,0
15,0,1.0,3.506890595608518,0
15,0,1.0,3.189898095464287,1
7,3,1.0,2.807354922057604,0
12,0,1.2222222222222223,2.688721875540867,0
9,0,1.0,2.6416041678685933,0
9,0,1.0,3.169925001442312,0
11,6,1.4285714285714286,2.222191575506678,0
12,0,1.0,3.0220552088742,0
8,0,1.0,2.5,0
7,0,1.0,2.807354922057604,0
15,1,1.0,3.906890595608518,0
12,0,1.0,3.0220552088742,0
14,0,1.0,3.2359263506290334,0
9,0,1.0,2.725480556997868,0
12,0,1.0,3.418295834054489,0
12,0,1.0,2.688721875540867,0
9,0,1.0,2.725480556997868,0
9,4,1.0,2.725480556997868,0
13,0,1.0,2.873140679513133,0
13,0,1.0,3.238901256602631,0
15,0,1.0,3.6402239289418516,1
5,0,1.0,2.321928094887362,0
9,0,1.0,3.169925001442312,0
12,4,1.1,3.2516291673878226,0
9,0,1.0,3.169925001442312,0
12,0,1.0,3.418295834054489,0
11,0,1.0,3.095795255000934,0
12,0,1.0,3.2516291673878226,0
12,0,1.0,3.084962500721156,0
11,0,1.0,2.481714572986073,0
9,4,1.0,3.169925001442312,0
10,0,1.0,3.321928094887362,0
13,0,1.7142857142857142,1.8919954870390203,0
14,0,1.0833333333333333,3.378783493486176,0
13,0,1.0,3.3927474104487847,0
8,1,1.0,3.0,0
7,1,1.0,2.5216406363433186,0
10,2,1.0,2.6464393446710157,0
12,0,1.1,2.688721875540867,0
11,4,1.0,3.2776134368191165,0
12,0,1.0,3.2516291673878226,0
6,0,1.0,2.584962500721156,0
13,0,1.0,2.8731406795131336,0
8,4,1.0,2.75,0
9,0,1.1428571428571428,2.725480556997868,0
10,1,1.0,3.321928094887362,0
14,0,1.0,3.182005814760214,0
6,0,1.0,2.2516291673878226,0
14,0,1.0,3.3248629576173574,0
11,0,1.0,2.413088436425758,0
14,1,1.0,3.182005814760214,0
12,0,1.0,2.792481250360578,0
8,3,1.0,2.5,0
14,0,1.0,3.521640636343319,0
12,0,1.0,3.084962500721156,0
13,0,1.0,3.238901256602631,0
13,0,1.0,3.3927474104487847,0
10,0,1.0,3.321928094887362,0
11,0,1.0,3.459431618637298,0
11,3,1.0,3.277613436819116,0
14,0,1.0,3.182005814760214,0
15,0,1.0,3.6402239289418516,0
12,1,1.0,3.418295834054489,0
12,0,1.0,2.8553885422075336,0
9,2,1.0,2.94770277922009,0
13,0,1.0,3.5465935642949384,0
12,0,1.0,2.688721875540867,0
12,0,1.0,3.0220552088742,0
13,1,1.0,3.238901256602631,0
11,0,1.0,2.5503407095463886,0
10,0,1.0,2.6464393446710153,0
15,3,1.0,3.373557262275185,0
9,0,1.0,2.725480556997868,0
13,0,1.0909090909090908,2.873140679513133,0
15,0,1.1666666666666667,2.8729055953200557,0
10,0,1.2857142857142858,2.4464393446710155,0
9,2,1.0,2.725480556997868,0
15,0,1.0,3.373557262275185,0
13,0,1.0,3.180832987205441,0
14,0,1.0,3.2359263506290334,0
11,0,1.0,3.277613436819116,0
7,0,1.0,2.5216406363433186,0
11,0,1.0,3.459431618637298,0
7,0,1.0,2.5216406363433186,0
8,0,1.0,2.75,0
9,1,1.0,3.169925001442312,0
10,0,1.0,2.7219280948873625,0
10,4,1.0,3.121928094887362,0
4,0,1.0,1.5,0
9,0,1.0,2.725480556997868,0
15,0,1.0,3.323231428797621,0
11,0,1.0,3.277613436819116,0
11,0,1.0,2.9139770731827523,0
9,0,1.0,3.169925001442312,0
13,0,1.0909090909090908,3.0269868333592873,0
11,0,1.0,3.277613436819116,0
9,0,1.0,2.5032583347756456,0
13,4,1.0909090909090908,3.238901256602631,0
9,3,1.0,2.9477027792200903,0
14,0,1.0,3.378783493486176,0
11,0,1.0,2.845350936622437,0
11,0,1.0,3.277613436819116,0
10,2,1.0,2.9219280948873623,0
12,0,1.0,3.2516291673878226,0
12,0,1.0,3.0220552088742,0
15,2,1.0,3.640223928941851,0
11,0,1.0,3.0957952550009344,0
11,8,1.0,3.2776134368191165,0
5,1,1.0,2.321928094887362,0
12,0,1.0,2.688721875540867,0
10,0,1.0,3.121928094887362,0
11,0,1.0,3.2776134368191165,0
12,0,1.0,3.084962500721156,0
10,2,1.0,3.321928094887362,0
10,1,1.125,2.6464393446710153,0
7,2,1.0,2.521640636343318,0
10,0,1.0,3.121928094887362,0
12,0,1.0,3.084962500721156,0
15,0,1.0769230769230769,3.1898980954642875,0
14,0,1.0,3.182005814760214,0
15,1,1.0,3.189898095464287,0
7,0,1.0,2.807354922057604,0
7,1,1.2,2.235926350629032,0
12,0,1.1,2.8553885422075336,0
10,0,1.0,3.121928094887362,0
10,0,1.0,3.121928094887362,0
15,0,1.0769230769230769,2.872905595320056,0
11,0,1.0,2.9139770731827523,0
12,0,1.1,3.0849625007211556,0
15,1,1.0,3.373557262275185,0
8,4,1.0,2.75,0
9,1,1.0,3.169925001442312,0
13,4,1.0909090909090908,3.238901256602631,0
15,2,1.0,3.640223928941851,0
6,0,1.0,2.2516291673878226,0
9,0,1.0,3.169925001442312,0
14,0,1.0,3.3248629576173574,0
9,0,1.0,3.169925001442312,0
13,0,1.0,3.3927474104487847,0
13,0,1.0909090909090908,3.180832987205441,0
12,0,1.0,2.9182958340544896,0
12,0,1.0,3.2516291673878226,0
10,0,1.0,2.9219280948873623,0
8,0,1.0,2.5,0
12,0,1.0,3.2516291673878226,0
15,0,1.2727272727272727,2.8662478973127308,0
10,0,1.0,2.8464393446710154,0
14,0,1.0,3.3248629576173574,0
11,2,1.0,3.277613436819116,0
11,0,1.0,3.277613436819116,0
15,0,1.0,3.506890595608518,0
12,0,1.0,3.418295834054489,0
12,0,1.2222222222222223,2.9182958340544896,0
15,0,1.0,3.056564762130954,0
11,0,1.0,3.0957952550009344,0
12,0,1.0,3.084962500721156,0
7,0,1.0,2.807354922057604,0
10,0,1.0,2.846439344671015,0
15,0,1.0,3.3232314287976203,0
9,0,1.0,3.169925001442312,0
10,0,1.0,2.9219280948873623,0
12,2,1.0,3.084962500721156,0
15,2,1.0,3.5068905956085183,0
13,0,1.0909090909090908,3.0269868333592873,0
11,0,1.1111111111111112,2.5503407095463886,0
13,0,1.0,3.238901256602631,0
9,0,1.0,2.725480556997868,0
14,0,1.0833333333333333,2.78845045730829,0
7,3,1.0,2.521640636343318,0
15,1,1.0,3.640223928941851,0
12,0,1.0,3.084962500721156,0
15,0,1.0,3.189898095464287,0
11,0,1.0,3.0957952550009344,0
9,0,1.0,2.94770277922009,0
12,0,1.0,3.084962500721156,0
14,0,1.0,3.3787834934861767,0
10,0,1.0,2.8464393446710154,0
9,5,1.0,2.94770277922009,0
12,0,1.0,3.2516291673878226,0
12,0,1.0,3.2516291673878226,0
15,0,1.0769230769230769,3.2402239289418517,0
14,0,1.3,3.09306920777189,0
11,1,1.0,3.095795255000934,0
5,1,1.0,2.321928094887362,0
15,0,1.0,3.640223928941851,1
10,0,1.2857142857142858,1.7709505944546688,0
14,0,1.0,3.521640636343319,0
10,0,1.0,3.121928094887362,0
13,0,1.0,3.238901256602631,0
6,0,1.0,2.584962500721156,0
5,0,1.0,2.321928094887362,0
6,3,1.0,1.9182958340544893,0
8,0,1.0,2.75,0
10,0,1.0,3.121928094887362,0
8,0,1.0,2.75,0
8,0,1.0,2.5,0
10,2,1.0,3.121928094887362,0
12,0,1.0,2.918295834054489,0
11,2,1.0,3.095795255000934,0
14,0,1.0,3.182005814760214,0
12,0,1.0,3.188721875540867,0
13,0,1.2,2.71929452566698,0
11,2,1.0,3.0957952550009344,0
13,4,1.0,3.5465935642949384,0
7,0,1.0,2.807354922057604,0
15,4,1.0,3.906890595608518,0
9,3,1.0,2.725480556997868,0
10,0,1.0,2.9219280948873623,0
11,0,1.0,3.0957952550009344,0
10,0,1.0,2.9219280948873623,0
8,0,1.4,2.0,0
12,0,1.1,3.0220552088742,0
10,0,1.0,2.9219280948873623,0
9,0,1.1428571428571428,2.197159723424149,0
11,1,1.0,3.277613436819116,0
15,2,1.0,3.2402239289418517,0
12,1,1.0,3.0849625007211556,0
8,0,1.0,2.75,0
14,0,1.0,3.3787834934861767,0
7,0,1.0,2.521640636343318,0
9,0,1.0,2.725480556997868,0
11,0,1.1111111111111112,2.9139770731827523,0
8,4,1.0,2.75,0
8,2,1.0,3.0,0
15,4,1.0,3.3735572622751846,0
13,0,1.0909090909090908,3.238901256602631,0
10,0,1.0,2.9219280948873623,0
10,0,1.125,2.6464393446710157,0
14,0,1.0,3.521640636343319,0
13,0,1.0,3.0269868333592873,0
8,0,1.0,2.5,0
15,0,1.0,3.3735572622751855,0
15,0,1.0,3.4565647621309536,0
11,0,1.0,2.845350936622437,0
14,0,1.0833333333333333,3.3787834934861767,0
7,3,1.0,2.521640636343318,0
11,0,1.1111111111111112,2.9139770731827523,0
10,0,1.0,2.6464393446710153,0
13,0,1.0,2.8731406795131336,0
7,0,1.0,2.5216406363433186,0
10,0,1.0,2.6464393446710153,0
9,4,1.0,2.725480556997868,0
13,0,1.0,2.8150724101159437,0
13,0,1.0,3.0269868333592873,0
9,2,1.0,2.94770277922009,0
12,0,1.0,3.418295834054489,0
12,0,1.1,3.2516291673878226,0
13,0,1.0,3.3927474104487847,0
12,0,1.0,3.0220552088742,0
8,0,1.0,2.4056390622295662,0
14,0,1.0,3.09306920777189,0
7,0,1.0,2.807354922057604,0
11,0,1.0,3.095795255000934,0
10,0,1.0,3.121928094887362,0
13,0,1.0,3.0269868333592873,0
14,1,1.0,3.6644977792004623,0
10,0,1.0,2.9219280948873623,0
7,0,1.0,2.5216406363433186,0
11,0,1.0,3.095795255000934,0
15,0,1.0769230769230769,2.999581230646064,0
11,0,1.0,3.277613436819116,0
6,0,1.0,2.584962500721156,1
7,1,1.0,2.807354922057604,0
13,0,1.0,3.3927474104487847,0
8,1,1.0,3.0,0
10,0,1.0,2.6464393446710153,0
3,0,1.0,1.584962500721156,0
10,0,1.0,3.321928094887362,0
13,0,1.0909090909090908,3.0269868333592873,0
12,2,1.0,3.584962500721156,0
11,0,1.0,2.663532754804255,0
14,1,1.0,3.52164063634332,0
8,2,1.0,3.0,0
14,0,1.0833333333333333,3.182005814760214,0
14,0,1.0833333333333333,3.378783493486176,0
15,8,1.0,3.1898980954642875,0
12,0,1.0,3.188721875540867,0
10,3,1.0,3.121928094887362,0
10,2,1.0,2.9219280948873623,0
15,1,1.0,3.2402239289418517,0
9,0,1.0,2.4193819456463714,0
12,3,1.1,3.2516291673878226,0
14,3,1.0,3.2359263506290326,0
12,0,1.0,3.584962500721156,0
10,0,1.0,2.6464393446710153,0
12,4,1.0,3.084962500721156,0
8,0,1.0,3.0,0
15,0,1.0,3.5068905956085183,0
9,2,1.0,2.725480556997868,0
12,0,1.0,3.418295834054489,0
13,0,1.0,3.238901256602631,0
8,0,1.0,3.0,0
15,0,1.0769230769230769,3.2402239289418517,0
11,0,1.0,3.095795255000934,0
13,0,1.0,2.8150724101159437,0
14,0,1.0,3.182005814760214,0
8,3,1.0,3.0,0
9,1,1.0,2.94770277922009,0
10,0,1.0,3.121928094887362,0
8,2,1.0,2.75,0
14,0,1.0,3.3248629576173574,0
13,1,1.0,3.3927474104487847,0
7,0,1.0,2.5216406363433186,0
15,0,1.0,3.640223928941852,0
15,1,1.0769230769230769,3.373557262275185,0
11,0,1.0,2.9139770731827523,0
14,0,1.0833333333333333,2.835237745312118,0
11,0,1.0,3.0957952550009344,0
6,0,1.0,2.584962500721156,0
11,0,1.0,2.9139770731827523,0
11,1,1.0,2.663532754804255,0
8,0,1.0,3.0,0
12,0,1.0,3.2516291673878226,0
12,0,1.0,3.418295834054489,0
11,4,1.0,3.459431618637298,0
12,0,1.0,3.188721875540867,0
13,0,1.0,3.0269868333592873,0
15,0,1.0,3.6402239289418516,0
11,0,1.0,3.277613436819116,0
14,0,1.0,3.182005814760214,0
15,0,1.0,3.456564762130954,0
10,0,1.0,2.9219280948873623,0
7,0,1.0,2.2359263506290326,0
7,2,1.0,2.5216406363433186,0
15,3,1.0,3.640223928941851,0
8,1,1.0,2.75,0
10,0,1.0,2.9219280948873623,0
15,2,1.0,3.1898980954642866,0
11,1,1.0,3.277613436819116,0
15,3,1.0,3.5898980954642865,0
12,0,1.0,3.584962500721156,0
11,0,1.0,2.7321588913645707,0
5,0,1.3333333333333333,1.5219280948873621,0
10,0,1.0,2.9219280948873623,0
12,0,1.0,3.2516291673878226,0
11,0,1.25,2.59490661824394,0
10,0,1.0,2.9219280948873623,0
8,0,1.0,2.75,0
13,0,1.0,3.7004397181410926,0
10,0,1.0,3.321928094887362,0
15,0,1.0,3.4565647621309536,0
7,0,1.0,2.521640636343318,0
13,0,1.2,2.7773627950641693,0
13,0,1.0,3.085055102756477,0
9,0,1.0,2.725480556997868,0
15,4,1.0,3.640223928941851,0
12,2,1.0,3.2516291673878226,0
14,0,1.0,3.182005814760214,0
10,0,1.0,3.121928094887362,0
11,0,1.0,3.277613436819116,0
9,0,1.0,2.94770277922009,0
12,0,1.0,3.084962500721156,0
11,0,1.0,3.277613436819116,0
9,0,1.0,2.94770277922009,0
14,0,1.0,2.950212064914747,0
15,0,1.0769230769230769,3.323231428797621,0
15,0,1.0769230769230769,2.8662478973127308,0
10,0,1.0,2.9219280948873623,0
15,0,1.1666666666666667,3.0565647621309537,0
14,0,1.0,3.182005814760214,0
12,0,1.0,2.6258145836939115,0
10,0,1.0,2.721928094887362,0
15,0,1.1666666666666667,2.9559130951758243,0
15,0,1.0769230769230769,3.323231428797621,0
5,0,1.0,2.321928094887362,0
9,0,1.0,2.94770277922009,0
12,0,1.1,3.188721875540867,0
13,0,1.7142857142857142,2.4696704873718613,0
9,0,1.0,3.169925001442312,0
12,0,1.0,3.418295834054489,0
8,0,1.0,2.75,0
9,9,1.0,2.725480556997868,0
13,0,1.0,2.931208948910323,0
12,0,1.0,3.584962500721156,0
13,0,1.0,3.3927474104487847,0
11,2,1.0,3.277613436819116,0
13,0,1.0,3.085055102756477,0
9,0,1.0,3.169925001442312,0
11,0,1.0,2.9139770731827523,0
13,0,1.0,3.238901256602631,0
6,0,1.0,2.2516291673878226,0
14,0,1.0,3.3248629576173574,0
14,0,1.0,3.2359263506290334,0
14,0,1.0,3.128085278891395,0
6,0,1.0,2.2516291673878226,0
7,0,1.0,2.807354922057604,0
14,0,1.0,3.2359263506290326,0
11,4,1.0,3.0957952550009344,0
12,0,1.0,2.8553885422075336,0
15,0,1.0769230769230769,3.0565647621309537,0
13,0,1.0,3.0269868333592873,0
9,0,1.0,3.169925001442312,0
10,0,1.0,2.7219280948873625,0
14,1,1.0,3.521640636343319,0
15,0,1.0,3.373557262275185,0
14,0,1.0,3.521640636343319,0
14,0,1.0,3.2359263506290334,0
12,0,1.0,3.2516291673878226,0
9,0,1.0,2.725480556997868,0
8,3,1.1666666666666667,2.4056390622295662,0
10,0,1.0,2.9219280948873623,0
15,0,1.0,3.32323142879762,0
10,0,1.125,2.3709505944546687,0
12,0,1.0,2.688721875540867,0
15,0,1.5555555555555556,2.463458298648303,0
11,0,1.0,2.9139770731827523,0
11,1,1.0,3.0957952550009344,0
10,0,1.0,2.4464393446710155,0
10,0,1.0,2.6464393446710157,0
11,0,1.0,3.2776134368191165,0
7,0,1.5,1.1488348542809166,0
9,0,1.0,2.725480556997868,0
11,0,1.0,3.027169118440619,0
12,0,1.0,3.2516291673878226,0
12,0,1.0,3.084962500721156,0
8,3,1.0,3.0,0
9,0,1.0,2.94770277922009,0
10,0,1.0,2.9219280948873623,1
14,0,1.0,3.521640636343319,0
15,0,1.2727272727272727,2.973557262275185,0
11,0,1.1111111111111112,2.663532754804255,0
8,1,1.0,2.75,0
15,2,1.0,3.6402239289418516,0
12,0,1.0,3.418295834054489,0
9,0,1.0,2.503258334775646,0
11,4,1.0,3.277613436819116,0
11,0,1.0,3.027169118440619,0
15,2,1.0,3.773557262275185,0
14,0,1.0,3.3787834934861767,0
12,0,1.1,2.8553885422075336,0
7,0,1.0,2.807354922057604,0
14,0,1.0833333333333333,3.182005814760214,0
13,0,1.0909090909090908,2.873140679513133,0
15,2,1.0,3.640223928941851,0
8,0,1.0,3.0,0
13,0,1.0909090909090908,3.238901256602631,0
12,0,1.0,2.918295834054489,0
13,0,1.0,3.3927474104487847,0
12,2,1.0,3.584962500721156,0
12,0,1.0,3.0220552088742,0
14,0,1.0,3.182005814760214,0
14,0,1.0,3.3787834934861767,0
10,0,1.0,2.9219280948873623,0
11,0,1.0,2.8453509366224368,0
10,0,1.0,3.1219280948873624,0
11,0,1.1111111111111112,2.663532754804255,0
13,2,1.0,3.3927474104487847,0
11,0,1.1111111111111112,2.5949066182439395,0
10,2,1.0,3.321928094887362,0
9,0,1.0,2.94770277922009,0
10,0,1.0,3.121928094887362,0
12,0,1.0,3.4182958340544896,0
11,0,1.0,2.8453509366224368,0
7,0,1.0,2.5216406363433186,0
15,0,1.0,3.1068905956085184,0
9,0,1.0,2.725480556997868,0
10,3,1.0,2.8464393446710154,0
14,4,1.0,3.521640636343319,1
12,3,1.0,3.084962500721156,0
12,0,1.0,3.084962500721156,0
11,0,1.0,3.095795255000934,0
10,0,1.125,2.9219280948873623,0
9,0,1.1428571428571428,2.4193819456463714,0
12,3,1.0,3.084962500721156,0
11,0,1.0,3.277613436819116,0
9,0,1.3333333333333333,2.2810361125534238,0
14,0,1.0,3.3248629576173574,0
9,1,1.0,2.94770277922009,0
14,0,1.0,3.039148671903071,0
11,3,1.0,3.027169118440619,0
11,0,1.0,3.277613436819116,0
7,0,1.0,2.807354922057604,0
12,0,1.0,3.4182958340544896,0
11,0,1.0,2.845350936622437,0
6,0,1.0,2.2516291673878226,0
9,0,1.0,3.169925001442312,0
14,0,1.0,3.521640636343319,0
11,4,1.0,3.0957952550009344,0
12,0,1.0,2.8553885422075336,0
11,0,1.0,3.2776134368191165,0
9,0,1.0,2.725480556997868,0
10,1,1.0,3.321928094887362,0
12,0,1.0,3.084962500721156,0
14,0,1.0833333333333333,2.7534343861887853,0
10,0,1.0,3.121928094887362,0
10,2,1.0,3.121928094887362,0
6,0,1.0,2.584962500721156,0
15,0,1.1666666666666667,3.373557262275185,0
11,0,1.0,3.0957952550009344,0
12,0,1.0,2.9182958340544896,0
14,0,1.0,3.521640636343319,0
14,0,1.0,3.2359263506290334,0
10,0,1.0,3.321928094887362,0
10,0,1.0,3.121928094887362,0
15,0,1.1666666666666667,2.789898095464287,0
12,0,1.0,3.084962500721156,0
14,0,1.0,3.2359263506290326,0
9,0,1.0,2.725480556997868,0
14,0,1.0,3.521640636343319,0
11,0,1.0,2.9139770731827523,0
10,0,1.125,2.3709505944546687,0
15,2,1.0,3.189898095464287,0
7,0,1.0,2.807354922057604,0
14,0,1.0,3.039148671903071,0
14,0,1.0,3.3248629576173565,0
9,0,1.0,2.94770277922009,0
12,0,1.1,3.0849625007211556,0
11,0,1.0,2.913977073182752,0
10,0,1.0,3.121928094887362,0
13,2,1.0,3.3927474104487847,0
12,0,1.0,3.2516291673878226,0
12,0,1.0,3.4182958340544896,0
13,0,1.0,3.5465935642949384,0
8,0,1.1666666666666667,2.1556390622295662,0
13,0,1.0,3.3927474104487847,0
3,0,1.0,1.584962500721156,0
11,0,1.1111111111111112,2.9139770731827523,0
13,0,1.0,3.180832987205441,0
8,0,1.0,2.75,0
8,0,1.0,2.75,0
14,0,1.0,3.6644977792004623,0
15,1,1.0,3.32323142879762,0
12,3,1.0,3.418295834054489,0
9,0,1.0,3.169925001442312,0
10,0,1.0,3.321928094887362,0
9,0,1.0,2.4193819456463714,0
12,0,1.0,3.0849625007211556,1
8,0,1.0,3.0,0
7,0,1.0,2.521640636343318,0
15,2,1.0,3.640223928941852,0
13,2,1.0,3.7004397181410926,0
11,2,1.0,3.0957952550009344,0
12,2,1.0,3.418295834054489,0
5,0,1.0,1.9219280948873623,0
10,0,1.0,3.121928094887362,0
13,0,1.0,3.3927474104487847,0
15,0,1.0769230769230769,2.872905595320056,0
6,0,1.0,2.584962500721156,0
12,1,1.2222222222222223,2.584962500721156,0
9,1,1.0,2.9477027792200903,0
10,0,1.0,2.4464393446710155,0
12,0,1.0,3.084962500721156,0
9,0,1.0,3.169925001442312,0
10,0,1.0,2.9219280948873623,0
7,0,1.2,2.128085278891394,0
15,0,1.0,3.323231428797621,0
12,3,1.0,3.584962500721156,0
8,0,1.0,3.0,0
13,0,1.0,3.180832987205441,0
11,0,1.0,3.277613436819116,0
12,0,1.0,2.8553885422075336,0
11,2,1.0,3.277613436819116,0
14,0,1.0,2.8962915290459286,0
12,0,1.0,3.0849625007211556,0
11,0,1.0,2.913977073182752,0
10,2,1.0,3.321928094887362,0
11,4,1.0,3.459431618637298,0
10,0,1.0,2.8464393446710154,0
11,0,1.0,3.027169118440619,0
8,0,1.0,2.75,0
15,0,1.0,3.3232314287976203,0
11,0,1.0,3.095795255000934,0
11,0,1.0,2.845350936622437,0
8,0,1.0,2.75,0
15,0,1.0,3.3735572622751846,0
12,0,1.0,3.188721875540867,0
8,0,1.0,2.75,0
10,0,1.0,3.121928094887362,0
12,0,1.0,3.0220552088742005,0
15,4,1.0,3.906890595608518,0
12,0,1.0,2.8553885422075336,0
3,0,1.0,1.584962500721156,0
11,0,1.0,3.2776134368191165,0
12,0,1.0,3.084962500721156,0
15,2,1.0,3.5068905956085183,0
12,0,1.0,2.8553885422075336,0
12,0,1.0,3.0220552088742,0
10,0,1.125,2.9219280948873623,0
13,0,1.0,3.5465935642949384,0
7,0,1.0,2.5216406363433186,0
9,0,1.0,2.725480556997868,0
12,0,1.1,3.0220552088742,0
12,0,1.0,3.2516291673878226,0
15,2,1.0,3.373557262275185,0
15,0,1.0,3.6402239289418516,0
14,0,1.1818181818181819,2.8423709931771084,0
9,0,1.0,3.169925001442312,0
11,0,1.0,3.277613436819116,0
9,0,1.0,2.725480556997868,0
15,0,1.0769230769230769,3.506890595608518,0
10,0,1.0,3.121928094887362,0
8,0,1.0,2.75,0
15,0,1.0,3.1068905956085184,0
9,2,1.0,2.94770277922009,0
12,0,1.0,3.418295834054489,0
7,0,1.0,2.807354922057604,0
10,0,1.0,2.9219280948873623,0
15,0,1.0,3.5068905956085192,0
10,0,1.0,2.721928094887362,0
13,3,1.0,3.3927474104487847,0
11,2,1.1111111111111112,3.0957952550009344,0
10,0,1.0,3.321928094887362,1
11,0,1.1111111111111112,2.9139770731827523,0
14,0,1.0,3.3787834934861767,0
12,0,1.0,3.418295834054489,0
15,8,1.0,3.640223928941852,0
13,1,1.0,3.7004397181410926,0
10,0,1.0,2.321928094887362,0
13,0,1.0,3.3927474104487847,0
14,0,1.0,3.182005814760214,0
10,3,1.0,3.321928094887362,0
15,2,1.0,3.506890595608518,0
14,0,1.0,3.521640636343319,0
13,2,1.0,2.8731406795131336,0
13,0,1.0,3.180832987205441,0
3,1,1.0,1.584962500721156,0
12,2,1.0,3.418295834054489,0
15,0,1.0,3.5068905956085183,0
10,0,1.0,2.6464393446710153,0
9,0,1.0,3.169925001442312,0
12,0,1.0,3.084962500721156,0
10,0,1.125,2.3709505944546687,0
15,0,1.0,3.3232314287976203,0
13,0,1.0,2.8731406795131336,0
13,0,1.0,3.3927474104487847,0
13,2,1.0909090909090908,2.7773627950641693,0
4,0,1.0,2.0,0
11,0,1.0,3.459431618637298,0
13,0,1.0,3.3927474104487847,0
12,0,1.1,2.751629167387823,0
10,0,1.0,2.6464393446710153,0
6,0,1.25,1.9182958340544893,0
14,0,1.0,3.6644977792004623,0
6,0,1.0,2.584962500721156,0
8,0,1.0,2.5,0
13,0,1.0909090909090908,3.238901256602631,0
11,0,1.0,3.095795255000934,0
13,0,1.0,2.8150724101159437,0
5,0,1.0,2.321928094887362,0
8,2,1.0,3.0,0
4,0,1.0,2.0,0
13,2,1.0,3.3927474104487847,0
15,0,1.0,3.373557262275185,0
11,0,1.0,3.459431618637298,0
8,0,1.0,2.75,0
13,2,1.0,3.3927474104487847,0
13,0,1.0,3.238901256602631,0
14,8,1.0,3.521640636343319,0
11,0,1.0,3.0957952550009344,0
13,0,1.0,2.8731406795131336,0
10,2,1.0,3.121928094887362,0
11,0,1.0,2.5949066182439395,0
14,1,1.0,3.6644977792004623,0
13,2,1.0,3.5465935642949384,0
6,0,1.0,2.584962500721156,0
9,0,1.0,2.94770277922009,0
13,2,1.0,3.238901256602631,0
14,0,1.0,3.6644977792004623,0
13,0,1.0,3.546593564294939,0
12,0,1.0,3.084962500721156,0
8,3,1.0,2.75,0
15,0,1.0,3.139572261986723,0
13,0,1.0909090909090908,3.0269868333592873,0
14,0,1.0,3.039148671903071,0
12,2,1.0,3.2516291673878226,0
13,0,1.0,3.0269868333592873,0
14,0,1.1818181818181819,2.950212064914748,0
11,0,1.0,3.095795255000934,0
11,0,1.1111111111111112,2.9139770731827523,0
9,0,1.0,3.169925001442312,0
14,0,1.0833333333333333,3.3787834934861767,0
14,0,1.0,3.4677201004745006,0
13,2,1.0,3.5465935642949384,0
15,9,1.0769230769230769,3.4565647621309536,0
6,0,1.0,2.2516291673878226,0
15,3,1.0,3.7735572622751845,0
8,0,1.0,2.75,0
12,2,1.0,3.4182958340544896,0
9,0,1.0,2.725480556997868,0
12,2,1.0,3.418295834054489,0
15,1,1.0769230769230769,2.8662478973127308,0
11,0,1.1111111111111112,2.9139770731827523,0
12,0,1.1,2.751629167387823,0
15,1,1.0,3.5898980954642865,0
9,0,1.0,2.4193819456463714,0
10,0,1.0,2.9219280948873623,0
14,0,1.0,3.3248629576173574,0
8,3,1.0,3.0,0
10,0,1.0,3.1219280948873624,0
7,0,1.0,2.521640636343318,0
14,0,1.0,3.2359263506290326,0
10,0,1.125,2.9219280948873623,0
8,0,1.0,2.75,0
12,0,1.0,3.418295834054489,0
15,0,1.0,3.5068905956085183,0
4,0,1.0,1.5,0
4,0,1.0,2.0,0
10,0,1.0,2.9219280948873623,0
12,2,1.0,3.188721875540867,0
15,1,1.0,3.640223928941852,0
12,0,1.0,3.084962500721156,0
13,4,1.0,3.3927474104487847,0
15,0,1.0,3.3735572622751855,0
9,2,1.0,3.169925001442312,0
15,0,1.0,3.4565647621309536,0
7,0,1.0,2.521640636343318,0
12,0,1.0,3.418295834054489,0
13,2,1.0909090909090908,3.238901256602631,0
8,1,1.0,3.0,0
8,0,1.0,3.0,0
12,9,1.1,2.751629167387823,0
10,0,1.0,3.121928094887362,0
10,0,1.0,2.9219280948873623,0
7,0,1.0,2.5216406363433186,0
14,0,1.0,3.3248629576173574,0
13,0,1.0,3.3927474104487847,0
13,0,1.0909090909090908,2.8150724101159437,0
11,0,1.0,3.277613436819116,0
6,3,1.0,2.584962500721156,0
8,0,1.0,3.0,0
8,0,1.0,3.0,0
11,1,1.0,2.913977073182752,0
9,4,1.0,2.94770277922009,0
13,3,1.0,3.5465935642949384,0
8,2,1.0,2.75,0
13,0,1.0,3.238901256602631,0
10,0,1.0,2.8464393446710154,0
15,5,1.0,3.506890595608518,0
10,0,1.0,2.6464393446710153,0
7,0,1.0,2.2359263506290326,0
10,0,1.0,2.8464393446710154,0
10,0,1.0,3.121928094887362,0
15,0,1.0,3.4565647621309536,0
9,0,1.0,2.94770277922009,0
13,0,1.0,3.085055102756477,0
7,1,1.0,2.807354922057604,0
7,0,1.0,2.807354922057604,0
10,0,1.0,3.121928094887362,0
14,0,1.0,3.182005814760214,0
13,0,1.0,3.3927474104487847,0
6,0,1.0,2.584962500721156,0
9,0,1.0,2.6416041678685933,0
11,0,1.0,3.095795255000934,0
5,1,1.0,2.321928094887362,0
6,1,1.0,2.584962500721156,0
15,0,1.0,3.5068905956085183,0
12,4,1.0,3.188721875540867,0
14,8,1.0,3.521640636343319,0
7,0,1.0,2.5216406363433186,0
14,0,1.0,3.3248629576173574,0
11,0,1.0,3.2776134368191165,0
8,0,1.0,3.0,0
8,0,1.0,3.0,0
12,0,1.0,3.0849625007211556,0
14,2,1.0833333333333333,3.3787834934861767,0
13,0,1.0,3.180832987205441,0
10,1,1.0,2.9219280948873623,0
11,0,1.0,3.027169118440619,0
15,2,1.0,3.3735572622751855,0
12,1,1.0,3.2516291673878226,0
15,0,1.0,3.373557262275185,0
15,0,1.0,3.189898095464287,0
12,0,1.0,2.8553885422075336,0
6,0,1.0,1.9182958340544896,0
8,0,1.0,3.0,0
11,0,1.0,2.8453509366224368,0
9,0,1.0,3.169925001442312,0
8,0,1.0,2.75,0
11,0,1.0,2.6635327548042547,0
10,2,1.0,2.9219280948873623,0
11,0,1.0,3.0957952550009344,0
9,0,1.0,2.94770277922009,0
11,0,1.0,3.459431618637298,0
9,0,1.0,3.169925001442312,0
15,0,1.0,3.3232314287976203,0
12,3,1.0,3.084962500721156,0
8,0,1.0,3.0,0
9,2,1.0,2.94770277922009,0
13,0,1.0,3.238901256602631,0
9,0,1.0,2.94770277922009,0
13,0,1.0,3.334679141051595,0
15,2,1.0,3.7735572622751845,0
14,0,1.0,2.9852281360342516,0
12,0,1.0,2.8553885422075336,0
15,0,1.0,3.506890595608518,0
9,0,1.0,3.169925001442312,0
15,2,1.0,3.3232314287976203,0
10,0,1.0,3.121928094887362,0
7,0,1.0,2.5216406363433186,0
7,0,1.0,2.5216406363433186,0
12,0,1.0,3.2516291673878226,0
12,1,1.0,3.2516291673878226,0
13,0,1.0,3.180832987205441,0
15,0,1.0,3.3735572622751855,0
7,1,1.2,2.128085278891394,0
10,0,1.0,2.721928094887362,0
15,4,1.0,3.640223928941851,0
12,0,1.0,3.2516291673878226,0
12,3,1.1,2.8553885422075336,0
12,0,1.0,3.0220552088742,0
10,0,1.0,2.9219280948873623,0
10,0,1.0,3.321928094887362,0
10,0,1.0,3.121928094887362,0
12,0,1.5714285714285714,2.5220552088742,0
10,0,1.125,2.9219280948873623,0
13,0,1.0,3.238901256602631,0
11,0,1.0,2.8453509366224368,0
12,2,1.0,3.084962500721156,0
7,0,1.0,2.807354922057604,0
15,0,1.0,3.2729055953200556,0
10,0,1.0,2.5219280948873624,0
9,3,1.0,3.169925001442312,0
7,0,1.0,2.521640636343318,0
11,0,1.0,2.9139770731827523,0
12,0,1.0,3.084962500721156,0
11,0,1.4285714285714286,2.004886164091843,0
13,0,1.0909090909090908,3.0269868333592873,0
10,0,1.0,3.321928094887362,0
11,0,1.0,3.2776134368191165,0
9,2,1.0,3.169925001442312,0
14,0,1.0,3.378783493486176,0
15,0,1.0,3.189898095464287,0
11,0,1.1111111111111112,2.6635327548042547,0
11,0,1.0,3.0957952550009344,0
10,0,1.125,2.6464393446710153,0
15,3,1.1666666666666667,3.3735572622751846,0
13,0,1.0,3.180832987205441,0
15,2,1.0,3.006238928653389,0
12,0,1.0,3.2516291673878226,0
11,0,1.0,3.2776134368191165,0
10,4,1.0,3.121928094887362,0
15,0,1.0769230769230769,3.1395722619867223,0
9,0,1.0,3.169925001442312,0
11,2,1.0,3.2776134368191165,0
10,0,1.0,2.9219280948873623,0
15,0,1.0,3.506890595608518,0
15,0,1.0,3.5068905956085183,0
6,0,1.0,2.2516291673878226,0
10,3,1.0,3.121928094887362,0
15,0,1.0769230769230769,3.1898980954642875,0
14,3,1.0,3.2359263506290334,0
15,0,1.0769230769230769,3.3232314287976203,0
15,0,1.0,3.773557262275185,0
15,0,1.0,3.2729055953200556,0
9,2,1.0,3.169925001442312,0
8,1,1.1666666666666667,2.0,0
15,0,1.0769230769230769,3.5068905956085183,0
12,2,1.0,3.2516291673878226,0
15,0,1.0,3.6402239289418516,0
8,0,1.0,2.75,0
7,0,1.0,2.521640636343318,0
15,0,1.0,3.6402239289418516,0
14,0,1.0,3.182005814760214,0
13,0,1.0,3.238901256602631,0
9,0,1.0,3.169925001442312,0
8,0,1.0,2.5,0
11,0,1.1111111111111112,2.9139770731827523,0
10,0,1.0,2.8464393446710154,0
13,0,1.0909090909090908,2.9312089489103235,0
14,0,1.0,3.182005814760214,0
10,0,1.0,2.9219280948873623,0
8,0,1.0,2.75,0
12,0,1.0,3.418295834054489,0
9,0,1.0,2.94770277922009,0
13,1,1.0,3.7004397181410926,0
9,0,1.0,3.169925001442312,0
9,1,1.0,2.94770277922009,0
9,0,1.0,3.169925001442312,0
14,0,1.0,3.3248629576173574,0
14,0,1.0833333333333333,3.182005814760214,0
12,2,1.0,3.584962500721156,0
6,0,1.25,1.9182958340544893,0
8,3,1.0,2.75,0
15,0,1.0,3.32323142879762,0
13,0,1.0909090909090908,3.180832987205441,0
13,0,1.0,3.238901256602631,0
10,3,1.0,3.321928094887362,0
13,1,1.0,3.5465935642949384,0
10,2,1.125,2.6464393446710157,0
12,0,1.2222222222222223,2.8553885422075336,0
13,0,1.0,3.085055102756477,0
13,2,1.0,3.5465935642949384,0
10,0,1.0,2.446439344671015,0
12,0,1.0,2.8553885422075336,0
12,3,1.0,3.584962500721156,0
13,1,1.0,3.3927474104487847,0
13,0,1.0,3.3927474104487847,0
12,0,1.0,3.418295834054489,0
13,2,1.2,2.5654483718208256,0
6,0,1.0,2.584962500721156,0
8,0,1.0,3.0,0
15,0,1.0,3.5068905956085183,0
14,0,1.0,3.378783493486176,0
12,0,1.0,3.0220552088742,0
12,0,1.1,2.918295834054489,0
9,0,1.0,2.6416041678685933,0
9,0,1.0,2.6416041678685933,0
10,0,1.0,2.8464393446710154,0
9,1,1.0,2.94770277922009,0
12,0,1.0,2.9182958340544896,0
9,0,1.0,2.94770277922009,0
11,0,1.1111111111111112,2.9139770731827523,0
12,0,1.0,2.8553885422075336,0
10,0,1.0,2.6464393446710153,0
14,0,1.0,3.3787834934861767,0
12,0,1.0,2.8553885422075336,0
11,2,1.1111111111111112,2.9139770731827523,0
11,0,1.0,2.9139770731827523,0
11,0,1.0,3.0957952550009344,0
14,0,1.0,2.8073549220576037,0
12,2,1.0,3.188721875540867,0
11,0,1.0,3.0957952550009344,0
12,0,1.0,3.418295834054489,0
11,2,1.0,3.095795255000934,0
13,0,1.0,3.180832987205441,0
13,2,1.2,3.238901256602631,0
10,0,1.0,3.121928094887362,0
10,0,1.5,2.1219280948873624,0
15,6,1.0,3.773557262275185,0
7,0,1.0,2.5216406363433186,0
8,0,1.0,2.25,0
13,3,1.0909090909090908,3.238901256602631,0
5,0,1.0,2.321928094887362,0
11,0,1.0,3.027169118440619,0
13,1,1.0,3.3927474104487847,0
10,0,1.0,3.121928094887362,0
15,0,1.0,3.32323142879762,1
14,1,1.0,3.3248629576173574,0
13,0,1.0,3.0269868333592873,0
14,0,1.0833333333333333,3.039148671903071,0
10,0,1.0,2.7219280948873625,0
14,0,1.0,3.378783493486176,0
9,3,1.0,2.725480556997868,0
8,2,1.0,2.75,0
12,0,1.0,3.0849625007211556,0
13,0,1.0909090909090908,2.7773627950641693,0
10,2,1.0,3.121928094887362,0
6,0,1.0,2.2516291673878226,0
9,0,1.0,2.1971597234241496,0
10,4,1.0,3.121928094887362,0
13,0,1.0,2.8731406795131336,0
15,0,1.1666666666666667,3.373557262275185,0
13,0,1.0909090909090908,2.968918563962097,0
8,0,1.0,3.0,0
14,0,1.0,3.521640636343319,0
9,0,1.0,2.725480556997868,0
9,0,1.0,3.169925001442312,0
15,2,1.0,3.5068905956085183,0
8,0,1.0,2.5,0
7,3,1.0,2.807354922057604,0
15,0,1.0769230769230769,3.189898095464287,0
15,0,1.0,3.323231428797621,0
10,1,1.0,2.9219280948873623,0
9,2,1.0,2.94770277922009,0
10,0,1.0,3.321928094887362,0
14,2,1.0,3.6644977792004623,0
10,0,1.0,2.6464393446710153,0
9,0,1.0,2.94770277922009,0
11,0,1.0,3.027169118440619,0
10,0,1.0,3.321928094887362,0
14,0,1.0,3.039148671903071,0
7,0,1.0,2.807354922057604,0
10,0,1.0,2.6464393446710153,0
12,2,1.0,3.418295834054489,0
10,0,1.0,3.321928094887362,0
10,0,1.0,3.1219280948873624,0
13,1,1.0,3.085055102756477,0
9,0,1.0,2.94770277922009,0
11,0,1.0,3.0957952550009344,0
15,0,1.0,3.5068905956085183,0
10,0,1.0,3.121928094887362,0
6,3,1.0,2.584962500721156,0
15,1,1.0769230769230769,3.506890595608518,0
10,0,1.0,3.321928094887362,0
11,2,1.0,3.027169118440619,0
12,2,1.2222222222222223,2.918295834054489,0
11,0,1.0,3.2776134368191165,1
14,0,1.0833333333333333,3.378783493486176,0
15,2,1.0,3.7735572622751845,0
8,0,1.0,2.4056390622295662,0
8,0,1.0,3.0,0
15,0,1.0769230769230769,3.1898980954642875,0
15,0,1.0769230769230769,3.1068905956085184,0
10,0,1.0,3.121928094887362,0
13,0,1.0,3.238901256602631,0
11,0,1.0,2.7321588913645702,0
14,0,1.0833333333333333,3.0930692077718898,0
10,0,1.0,2.7219280948873625,0
12,4,1.0,3.2516291673878226,0
11,1,1.0,3.2776134368191165,0
12,0,1.1,2.8553885422075336,0
9,2,1.0,3.169925001442312,0
10,0,1.0,2.9219280948873623,0
14,3,1.0,3.09306920777189,0
15,2,1.0,3.106890595608519,0
6,0,1.0,2.584962500721156,0
9,0,1.0,3.169925001442312,0
13,0,1.0,3.180832987205441,0
5,0,1.0,2.321928094887362,0
10,0,1.5,1.9609640474436814,0
13,0,1.3333333333333333,2.8731406795131336,0
12,0,1.0,3.188721875540867,0
10,1,1.0,3.121928094887362,0
9,4,1.0,2.725480556997868,0
15,0,1.0,3.506890595608518,0
6,0,1.0,2.2516291673878226,0
8,0,1.0,3.0,0
14,0,1.0833333333333333,2.7534343861887844,0
13,0,1.0,3.238901256602631,0
14,0,1.0833333333333333,3.2359263506290334,0
6,0,1.0,2.584962500721156,0
9,0,1.0,2.725480556997868,0
14,0,1.0,3.6644977792004623,0
9,0,1.0,2.725480556997868,0
8,0,1.0,2.75,0
15,0,1.0,3.4565647621309536,0
11,0,1.0,3.0957952550009344,0
10,0,1.0,3.121928094887362,0
6,0,1.0,2.584962500721156,0
10,0,1.0,3.121928094887362,0
9,2,1.0,2.94770277922009,0
10,0,1.0,2.6464393446710153,0
11,0,1.0,3.027169118440619,0
12,0,1.0,3.2516291673878226,0
10,0,1.0,2.321928094887362,0
14,0,1.0,3.3248629576173574,0
11,0,1.0,3.2776134368191165,0
14,0,1.0,3.3248629576173574,0
11,2,1.0,3.2776134368191165,0
13,2,1.0,3.334679141051595,0
10,3,1.0,3.321928094887362,0
10,0,1.0,2.721928094887362,0
8,0,1.0,3.0,0
13,0,1.0,2.873140679513133,0
15,0,1.0,3.3735572622751846,0
12,0,1.0,3.084962500721156,0
12,0,1.0,3.2516291673878226,0
12,2,1.0,3.418295834054489,0
10,0,1.0,3.121928094887362,0
13,0,1.0,3.180832987205441,0
14,0,1.0,3.039148671903071,0
14,0,1.0,3.3787834934861767,0
13,0,1.0,3.0850551027564768,0
15,1,1.0,3.4565647621309536,0
10,0,1.0,2.8464393446710154,0
13,1,1.0,3.180832987205441,0
10,1,1.125,2.6464393446710153,0
10,2,1.0,3.121928094887362,0
10,2,1.0,3.321928094887362,0
14,0,1.0,3.039148671903071,0
7,0,1.0,2.5216406363433186,0
12,2,1.0,3.584962500721156,0
15,0,1.0769230769230769,3.3232314287976212,0
11,0,1.0,2.913977073182752,0
14,0,1.0,3.521640636343319,0
10,0,1.0,2.721928094887362,0
11,1,1.25,2.368522527728207,0
13,0,1.0909090909090908,3.238901256602631,0
12,0,1.0,3.2516291673878226,0
12,3,1.0,3.084962500721156,0
10,0,1.0,3.121928094887362,0
9,0,1.0,2.725480556997868,0
10,0,1.125,2.6464393446710153,0
9,0,1.0,3.169925001442312,0
15,0,1.0,3.4565647621309536,0
10,0,1.0,2.6464393446710153,0
14,0,1.0,3.521640636343319,0
9,4,1.0,2.94770277922009,0
11,0,1.0,3.095795255000934,0
9,0,1.0,2.6416041678685933,0
8,0,1.0,3.0,0
7,1,1.0,2.807354922057604,0
15,1,1.0,3.506890595608518,0
9,0,1.0,2.725480556997868,0
10,0,1.0,3.121928094887362,0
12,0,1.0,2.8553885422075336,0
12,0,1.0,3.2516291673878226,0
12,0,1.0,3.2516291673878226,0
9,0,1.0,3.169925001442312,0
15,2,1.0,3.640223928941852,0
11,0,1.0,3.459431618637298,0
10,0,1.0,2.921928094887362,0
14,0,1.0,3.3787834934861767,0
15,0,1.0769230769230769,3.189898095464288,0
12,0,1.1,2.918295834054489,0
13,0,1.0,3.238901256602631,0
14,0,1.0,3.6644977792004623,0
9,0,1.1428571428571428,2.4193819456463714,0
11,0,1.0,2.8453509366224368,0
9,0,1.0,2.94770277922009,0
15,2,1.0769230769230769,3.139572261986723,0
13,0,1.0,3.5465935642949384,0
13,0,1.0,3.546593564294939,0
10,0,1.0,2.3709505944546683,0
13,1,1.2,2.7773627950641693,0
13,0,1.0,3.1808329872054415,0
11,0,1.1111111111111112,2.8453509366224368,0
12,0,1.0,3.2516291673878226,0
11,0,1.0,3.277613436819116,0
15,0,1.0,3.6402239289418516,0
9,0,1.0,3.169925001442312,0
7,0,1.0,2.521640636343318,0
11,1,1.0,2.913977073182752,0
14,0,1.0,3.521640636343319,0
8,0,1.0,3.0,0
15,1,1.0,3.3232314287976203,0
13,0,1.0909090909090908,2.931208948910323,0
15,2,1.0,3.1898980954642866,0
12,1,1.0,3.2516291673878226,0
14,2,1.1818181818181819,2.7534343861887853,0
12,0,1.0,3.084962500721156,0
12,1,1.0,3.2516291673878226,0
15,1,1.0,3.106890595608518,0
8,3,1.0,3.0,0
14,0,1.0,2.950212064914747,0
8,0,1.0,3.0,0
11,0,1.1111111111111112,2.5949066182439395,0
14,0,1.0,3.378783493486176,0
11,1,1.0,3.277613436819116,0
11,0,1.0,2.9139770731827523,0
12,0,1.0,2.918295834054489,0
10,0,1.0,3.121928094887362,0
11,0,1.0,3.095795255000934,1
8,2,1.0,2.75,0
12,0,1.1,3.0849625007211556,0
11,0,1.0,3.095795255000934,0
7,0,1.0,2.2359263506290326,0
14,0,1.0,3.521640636343319,0
9,0,1.0,3.169925001442312,0
14,3,1.0,3.521640636343319,0
13,0,1.0,3.180832987205441,0
11,0,1.0,3.0957952550009344,0
15,0,1.0769230769230769,3.373557262275185,0
11,0,1.0,3.277613436819116,0
14,0,1.0833333333333333,3.182005814760214,0
11,0,1.0,3.459431618637298,0
14,0,1.0,3.182005814760214,1
12,2,1.0,3.418295834054489,0
12,4,1.0,3.188721875540867,0
15,0,1.0,3.323231428797621,0
6,0,1.0,1.9182958340544893,0
6,0,1.0,2.251629167387823,0
6,0,1.0,1.9182958340544896,0
14,0,1.0,3.3787834934861767,0
15,0,1.0,3.1898980954642866,0
11,0,1.0,3.277613436819116,0
7,0,1.0,2.807354922057604,0
9,0,1.0,2.725480556997868,0
11,0,1.0,3.277613436819116,0
8,4,1.1666666666666667,2.25,0
12,0,1.0,2.918295834054489,0
11,1,1.0,3.277613436819116,0
12,0,1.0,3.0220552088742,0
10,0,1.0,3.121928094887362,0
15,0,1.0,3.1898980954642875,0
11,0,1.0,2.59490661824394,0
11,0,1.0,2.663532754804255,0
11,0,1.0,2.913977073182752,0
9,2,1.0,2.725480556997868,0
7,0,1.0,2.807354922057604,0
10,0,1.0,2.9219280948873623,0
9,0,1.1428571428571428,2.4193819456463714,0
15,0,1.0,3.5068905956085183,0
13,1,1.0,3.5465935642949384,0
5,0,1.0,1.5219280948873621,0
10,0,1.0,3.121928094887362,0
11,0,1.0,2.8453509366224368,0
9,0,1.0,2.725480556997868,0
8,0,1.0,2.75,0
11,2,1.0,3.277613436819116,0
10,0,1.0,2.846439344671015,0
15,0,1.1666666666666667,2.7395722619867224,0
10,0,1.0,3.121928094887362,0
12,0,1.0,3.2516291673878226,0
13,0,1.0,3.3927474104487847,0
14,0,1.0,3.3248629576173574,0
6,2,1.0,2.2516291673878226,0
15,0,1.0769230769230769,3.189898095464287,0
15,0,1.0,3.773557262275185,0
14,1,1.0,3.378783493486176,0
13,0,1.0909090909090908,3.0269868333592873,0
7,0,1.0,2.1280852788913944,0
7,0,1.0,2.5216406363433186,0
10,0,1.0,2.6464393446710157,0
7,0,1.0,2.521640636343318,0
12,0,1.1,3.188721875540867,0
11,0,1.0,3.0957952550009344,0
6,0,1.0,2.584962500721156,0
10,0,1.0,2.9219280948873623,0
11,0,1.0,3.459431618637298,0
13,0,1.0909090909090908,3.085055102756477,0
12,0,1.0,3.584962500721156,0
13,3,1.0,3.392747410448785,0
10,0,1.0,2.7219280948873625,0
7,0,1.0,2.5216406363433186,0
9,1,1.0,2.5032583347756456,0
11,0,1.0,2.8453509366224368,0
14,1,1.0,3.521640636343319,0
12,0,1.0,3.0220552088742,0
15,0,1.0,3.1068905956085184,0
13,0,1.0,3.0269868333592873,0
15,0,1.1666666666666667,3.0062389286533895,0
12,0,1.0,3.084962500721156,0
9,0,1.0,2.725480556997868,0
12,0,1.0,3.084962500721156,1
10,0,1.0,3.321928094887362,0
15,0,1.0769230769230769,3.506890595608518,0
15,2,1.0,3.32323142879762,0
11,0,1.0,3.459431618637298,0
15,0,1.2727272727272727,2.7395722619867224,0
8,0,1.0,2.75,0
14,0,1.0,3.521640636343319,0
11,0,1.0,3.027169118440619,0
11,0,1.0,3.0957952550009344,0
11,0,1.0,3.277613436819116,0
12,0,1.0,3.2516291673878226,0
9,1,1.0,2.94770277922009,0
14,1,1.0,3.378783493486176,0
15,0,1.0769230769230769,3.1068905956085184,0
7,0,1.0,2.5216406363433186,0
15,0,1.0,3.5068905956085183,0
13,0,1.0,3.238901256602631,0
7,3,1.0,2.807354922057604,0
7,3,1.0,2.807354922057604,0
14,0,1.0,2.9852281360342525,0
14,0,1.0,2.950212064914747,0
12,0,1.1,3.0220552088742,0
11,0,1.0,3.0957952550009344,0
14,0,1.0,3.521640636343319,0
11,0,1.0,2.7321588913645707,0
9,0,1.0,2.9477027792200903,0
14,0,1.0,3.6644977792004623,0
15,0,1.0,3.640223928941852,0
13,0,1.0909090909090908,3.0850551027564768,0
14,1,1.0,3.378783493486176,0
10,0,1.0,3.121928094887362,0
13,0,1.0,3.546593564294939,0
9,0,1.0,2.725480556997868,0
11,0,1.0,2.8453509366224368,0
13,0,1.0,3.238901256602631,0
8,0,1.0,2.75,0
13,0,1.2,2.7773627950641697,0
7,0,1.0,2.5216406363433186,0
8,0,1.0,2.5,0
8,1,1.1666666666666667,2.5,0
10,6,1.5,2.321928094887362,0
15,0,1.0,3.1068905956085184,0
9,0,1.0,2.94770277922009,0
11,0,1.0,3.0957952550009344,1
15,0,1.0,3.00623892865339,0
11,0,1.0,2.845350936622437,0
14,0,1.0833333333333333,3.039148671903071,0
13,0,1.0909090909090908,2.6535442970305683,0
11,0,1.0,3.0957952550009344,0
13,0,1.0,3.0269868333592873,0
13,0,1.0,3.0850551027564768,0
15,0,1.0,3.006238928653389,0
8,0,1.0,2.5,0
10,0,1.0,3.121928094887362,0
14,0,1.0,3.3248629576173565,0
9,3,1.0,3.169925001442312,0
6,1,1.0,2.2516291673878226,0
11,2,1.1111111111111112,2.663532754804255,0
7,0,1.0,2.807354922057604,0
11,0,1.0,3.027169118440619,0
11,1,1.0,3.027169118440619,0
11,0,1.0,3.0957952550009344,0
12,0,1.0,3.418295834054489,0
13,0,1.0,3.238901256602631,0
14,0,1.0,3.4677201004745006,0
11,0,1.0,2.9139770731827523,0
12,0,1.5714285714285714,2.584962500721156,0
9,0,1.0,2.94770277922009,0
8,0,1.0,2.5,0
12,0,1.0,3.2516291673878226,0
11,0,1.0,2.7321588913645702,0
10,4,1.125,2.9219280948873627,0
11,0,1.0,3.277613436819116,0
14,2,1.0,3.09306920777189,0
12,0,1.0,2.918295834054489,0
11,0,1.0,3.027169118440619,0
7,0,1.5,1.4488156357251847,0
13,1,1.0,3.5465935642949384,0
12,0,1.1,2.688721875540867,0
12,0,1.0,3.084962500721156,0
9,0,1.0,2.725480556997868,0
15,0,1.0,3.5068905956085183,0
15,0,1.0,3.4565647621309536,0
12,0,1.0,3.2516291673878226,0
13,3,1.0,3.5465935642949384,0
8,0,1.0,2.75,0
14,0,1.0833333333333333,3.182005814760214,0
13,1,1.0,3.238901256602631,0
12,0,1.0,2.584962500721156,0
15,0,1.0769230769230769,3.323231428797621,0
15,1,1.0,3.3232314287976203,0
15,0,1.0,3.4565647621309536,0
12,0,1.0,2.8553885422075336,0
6,0,1.0,2.584962500721156,0
7,0,1.0,2.5216406363433186,0
10,0,1.0,2.6464393446710153,0
9,0,1.0,2.94770277922009,0
12,0,1.0,3.2516291673878226,0
9,0,1.0,2.4193819456463714,0
11,0,1.0,2.7321588913645702,0
12,0,1.0,3.2516291673878226,0
6,4,1.0,2.584962500721156,0
8,0,1.0,3.0,0
9,4,1.1428571428571428,2.503258334775646,0
12,0,1.0,3.188721875540867,0
11,2,1.0,3.459431618637298,0
9,0,1.0,2.94770277922009,0
12,0,1.0,3.418295834054489,0
11,0,1.0,2.7321588913645702,0
9,0,1.0,2.94770277922009,0
13,1,1.0909090909090908,2.8150724101159437,0
9,0,1.0,2.6416041678685933,0
9,0,1.0,2.4193819456463714,0
6,2,1.0,2.2516291673878226,0
11,0,1.0,3.2776134368191165,0
13,0,1.0909090909090908,2.6235166412180155,0
6,0,1.0,2.584962500721156,0
13,0,1.0,2.873140679513133,0
8,0,1.4,1.75,0
10,1,1.0,2.9219280948873623,0
11,0,1.0,3.2776134368191165,0
11,2,1.0,3.095795255000934,0
11,0,1.0,3.027169118440619,0
14,0,1.0,3.521640636343319,0
10,0,1.0,3.121928094887362,0
9,1,1.0,2.725480556997868,0
11,0,1.0,3.277613436819116,0
9,4,1.0,2.94770277922009,0
10,0,1.0,3.121928094887362,0
13,0,1.0,3.5465935642949384,0
15,0,1.0,3.373557262275185,0
14,0,1.0,3.521640636343319,0
14,0,1.0,3.182005814760214,0
11,3,1.0,3.2776134368191165,0
10,0,1.2857142857142858,2.321928094887362,0
11,1,1.0,3.459431618637298,0
14,0,1.0,3.378783493486176,0
15,0,1.0769230769230769,3.3735572622751846,0
11,0,1.1111111111111112,2.845350936622437,0
10,0,1.0,3.121928094887362,0
15,0,1.0,3.3735572622751846,0
10,0,1.125,2.321928094887362,0
12,2,1.0,3.2516291673878226,0
12,0,1.0,3.2516291673878226,0
12,4,1.0,3.0220552088742005,0
14,0,1.0,3.521640636343319,0
8,2,1.1666666666666667,2.5,0
13,2,1.0,3.3927474104487847,0
13,0,1.0,3.0269868333592873,0
15,0,1.0,3.640223928941852,0
13,4,1.0,3.238901256602631,0
8,1,1.0,3.0,0
6,0,1.0,2.584962500721156,0
7,4,1.0,2.807354922057604,0
15,0,1.0,3.1395722619867223,0
15,0,1.0,3.3232314287976203,0
14,1,1.0,3.521640636343319,0
14,0,1.0833333333333333,3.128085278891395,0
13,0,1.0,3.238901256602631,0
10,0,1.0,2.9219280948873623,0
13,0,1.0,2.9312089489103235,0
10,0,1.125,2.6464393446710153,0
7,0,1.0,2.5216406363433186,0
10,0,1.0,2.7219280948873625,0
10,0,1.0,3.121928094887362,0
9,0,1.0,2.725480556997868,0
14,0,1.0833333333333333,3.2359263506290334,0
10,0,1.0,3.321928094887362,0
15,0,1.0,3.5068905956085183,0
12,0,1.1,2.751629167387823,0
10,0,1.0,2.6464393446710153,0
10,0,1.0,2.9219280948873623,0
6,0,1.0,2.584962500721156,0
15,0,1.0,3.2402239289418517,0
11,0,1.0,3.095795255000934,0
15,2,1.0,3.5068905956085192,0
14,4,1.0,3.182005814760214,0
14,0,1.0,3.6644977792004623,0
8,0,1.0,2.5,0
9,0,1.0,2.725480556997868,0
14,0,1.0,3.039148671903071,0
13,0,1.0,3.0269868333592873,0
6,0,1.0,2.584962500721156,0
12,4,1.0,3.418295834054489,0
7,0,1.0,2.2359263506290326,0
8,0,1.0,2.5,0
14,0,1.0,3.521640636343319,0
11,1,1.0,3.2776134368191165,0
11,0,1.0,3.277613436819116,0
9,5,1.0,2.725480556997868,0
10,2,1.0,2.8464393446710154,0
12,2,1.0,3.2516291673878226,0
8,0,1.0,3.0,0
15,2,1.0,3.4565647621309536,0
13,0,1.0,2.873140679513133,0
12,0,1.0,3.084962500721156,0
14,0,1.0,3.521640636343319,0
9,0,1.0,2.94770277922009,0
11,0,1.0,2.6635327548042547,0
6,0,1.0,2.584962500721156,0
14,0,1.0,3.521640636343319,0
10,1,1.0,3.321928094887362,0
5,0,1.0,2.321928094887362,0
13,0,1.0909090909090908,2.9312089489103235,0
10,4,1.0,3.121928094887362,0
15,4,1.0,3.5068905956085183,0
12,0,1.1,2.625814583693911,0
11,4,1.0,3.277613436819116,0
11,0,1.0,2.9139770731827523,0
15,0,1.0,3.6402239289418516,0
10,0,1.0,3.121928094887362,0
15,0,1.0769230769230769,3.0565647621309537,0
9,0,1.0,2.94770277922009,0
7,0,1.0,2.5216406363433186,0
13,0,1.0909090909090908,2.7192945256669794,0
14,0,1.0,3.521640636343319,0
12,0,1.1,3.0220552088742,0
10,0,1.0,3.121928094887362,0
12,0,1.1,2.8553885422075336,0
8,0,1.0,2.75,0
15,1,1.0,3.373557262275185,0
12,0,1.0,3.2516291673878226,0
6,0,1.0,2.584962500721156,0
9,0,1.0,2.6416041678685933,0
14,0,1.0,3.3248629576173574,0
13,0,1.0,2.7773627950641693,0
12,4,1.1,3.251629167387823,0
10,0,1.0,2.9219280948873623,0
10,5,1.0,3.121928094887362,0
12,0,1.0,3.584962500721156,0
12,0,1.0,3.0220552088742,0
11,0,1.0,3.095795255000934,0
12,0,1.0,3.0220552088742,0
13,1,1.0909090909090908,3.238901256602631,0
13,2,1.0,3.5465935642949384,0
11,4,1.0,3.277613436819116,0
10,3,1.0,3.121928094887362,0
14,0,1.0,3.521640636343319,0
14,0,1.0833333333333333,3.039148671903071,0
13,0,1.0,3.3927474104487847,0
8,0,1.0,2.75,0
10,0,1.125,2.721928094887362,0
11,0,1.0,3.0957952550009344,0
9,0,1.0,2.94770277922009,0
12,3,1.0,3.2516291673878226,0
11,0,1.0,2.9139770731827523,0
10,0,1.125,2.5219280948873624,0
7,1,1.0,2.2359263506290326,0
15,0,1.0,3.456564762130953,0
11,2,1.0,3.2776134368191165,0
11,2,1.0,3.277613436819116,0
7,0,1.0,2.521640636343318,0
6,2,1.0,2.584962500721156,0
14,0,1.0833333333333333,3.039148671903071,0
15,0,1.0,3.373557262275185,0
12,0,1.0,3.2516291673878226,0
8,0,1.0,2.5,0
14,4,1.4444444444444444,3.09306920777189,0
7,1,1.0,2.807354922057604,0
10,3,1.0,3.321928094887362,0
9,2,1.0,3.169925001442312,0
13,0,1.0,3.238901256602631,0
14,0,1.0,3.09306920777189,0
10,0,1.0,3.121928094887362,0
11,0,1.0,2.6635327548042547,0
7,0,1.0,2.5216406363433186,0
15,1,1.0,3.32323142879762,0
9,2,1.0,2.94770277922009,0
15,0,1.0769230769230769,3.323231428797621,0
10,0,1.0,2.9219280948873623,0
12,0,1.0,3.2516291673878226,0
14,2,1.0,3.039148671903071,0
14,0,1.0,3.3787834934861767,0
14,0,1.0,3.378783493486176,0
14,0,1.0,3.09306920777189,0
15,0,1.0,3.506890595608518,0
9,0,1.0,2.94770277922009,0
8,0,1.0,2.75,0
13,0,1.0,3.546593564294939,0
11,0,1.0,3.095795255000934,0
15,0,1.0,3.373557262275185,0
15,0,1.0,3.506890595608518,0
9,2,1.1428571428571428,2.0588138903312014,0
15,4,1.0,3.5068905956085183,0
14,0,1.0,3.4677201004745006,0
9,0,1.0,2.5032583347756456,0
11,6,1.1111111111111112,3.027169118440619,0
13,0,1.3333333333333333,2.6612262562697895,0
15,0,1.0,3.4565647621309536,0
13,0,1.0,3.0269868333592873,0
14,0,1.0,3.182005814760214,0
6,0,1.0,2.584962500721156,0
13,2,1.0,3.3927474104487847,0
13,0,1.0,3.3927474104487847,0
6,0,1.0,2.584962500721156,0
7,2,1.0,2.2359263506290326,0
8,2,1.0,2.75,0
15,0,1.0,3.32323142879762,0
11,0,1.0,3.0957952550009344,0
14,0,1.0,3.521640636343319,0
15,1,1.0,3.32323142879762,0
9,0,1.0,2.94770277922009,0
13,0,1.0909090909090908,3.3927474104487847,0
11,0,1.0,2.9139770731827523,0
10,0,1.0,2.7219280948873625,0
9,0,1.1428571428571428,2.197159723424149,0
10,4,1.0,2.4464393446710155,0
13,0,1.0,3.238901256602631,0
14,0,1.0,3.039148671903071,0
8,1,1.0,2.5,0
12,0,1.0,3.2516291673878226,0
13,0,1.0,3.5465935642949384,0
11,0,1.0,3.095795255000934,0
15,0,1.0,3.1395722619867223,1
14,0,1.0833333333333333,3.3248629576173574,0
13,1,1.0,3.238901256602631,0
13,0,1.2,2.931208948910323,0
15,0,1.0,2.789898095464287,0
14,0,1.0,3.3787834934861767,0
13,2,1.0,3.392747410448785,0
14,0,1.0,3.2359263506290326,0
9,0,1.3333333333333333,2.0588138903312014,0
13,0,1.0,3.238901256602631,0
9,3,1.0,3.169925001442312,0
8,0,1.0,2.75,0
7,0,1.0,2.5216406363433186,0
8,2,1.0,3.0,0
14,0,1.0,3.3248629576173574,0
15,0,1.0,3.4565647621309536,0
11,0,1.1111111111111112,2.663532754804255,0
11,0,1.0,3.2776134368191165,0
15,0,1.0,3.373557262275185,0
12,0,1.1,2.8553885422075336,0
7,0,1.0,2.1280852788913944,0
15,1,1.0,3.373557262275185,0
12,0,1.0,3.0849625007211556,0
6,1,1.0,2.584962500721156,0
7,0,1.0,2.5216406363433186,0
10,1,1.0,2.9219280948873623,0
15,0,1.0,3.006238928653389,0
11,0,1.0,2.9139770731827523,0
8,0,1.0,2.75,0
14,0,1.0833333333333333,2.950212064914748,0
14,0,1.0,3.4677201004745006,0
8,2,1.0,2.75,0
15,1,1.0,3.0565647621309537,0
12,0,1.0,3.4182958340544896,0
12,0,1.0,3.418295834054489,0
11,0,1.0,2.845350936622437,0
15,0,1.0,3.3735572622751846,0
15,0,1.0,3.1898980954642875,0
10,0,1.125,2.4464393446710155,0
11,0,1.0,2.9139770731827523,0
12,0,1.0,2.8553885422075336,0
14,4,1.0,3.521640636343319,0
8,0,1.1666666666666667,2.25,0
10,0,1.125,2.6464393446710153,0
13,0,1.0,3.180832987205441,0
12,0,1.0,3.251629167387823,0
5,1,1.0,2.321928094887362,0
10,0,1.0,3.321928094887362,0
14,2,1.0,3.521640636343319,0
11,0,1.0,2.845350936622437,0
15,0,1.0769230769230769,3.1898980954642875,0
15,0,1.0,3.373557262275185,0
13,0,1.0,3.0850551027564768,0
10,0,1.0,3.321928094887362,0
7,0,1.0,2.5216406363433186,0
11,0,1.0,3.2776134368191165,0
11,0,1.0,3.277613436819116,0
12,0,1.0,3.2516291673878226,0
10,0,1.0,2.9219280948873623,0
8,1,1.0,3.0,0
4,0,1.0,2.0,0
12,0,1.1,2.918295834054489,0
15,0,1.0,3.373557262275185,0
15,0,1.0769230769230769,3.0565647621309537,0
8,0,1.0,3.0,0
12,0,1.0,3.418295834054489,0
14,0,1.0,3.182005814760214,0
10,0,1.0,2.9219280948873623,0
15,0,1.0,3.640223928941851,0
6,0,1.0,2.584962500721156,0
15,4,1.0,3.2402239289418517,0
14,0,1.0,2.807354922057604,0
11,0,1.0,2.7321588913645702,0
7,0,1.0,2.2359263506290326,0
13,0,1.0,3.180832987205441,0
11,0,1.1111111111111112,3.095795255000934,0
13,0,1.0,3.3927474104487847,0
15,0,1.0,3.1898980954642875,0
15,1,1.0,3.1395722619867223,0
7,1,1.0,2.807354922057604,0
11,0,1.0,3.0957952550009344,0
6,0,1.0,2.584962500721156,0
4,2,1.0,2.0,0
14,0,1.0,3.09306920777189,0
8,0,1.0,2.25,0
12,0,1.0,3.418295834054489,0
10,0,1.0,2.9219280948873623,0
13,2,1.0,3.238901256602631,0
7,0,1.0,2.2359263506290326,0
11,0,1.0,3.2776134368191165,0
7,0,1.0,2.5216406363433186,0
13,0,1.0,3.3927474104487847,0
12,1,1.0,3.2516291673878226,0
11,0,1.0,3.277613436819116,0
14,0,1.0833333333333333,3.52164063634332,0
15,0,1.0769230769230769,3.106890595608518,0
8,0,1.0,2.5,0
8,0,1.0,2.75,0
10,3,1.0,2.9219280948873623,0
11,0,1.0,3.095795255000934,0
11,0,1.0,3.459431618637298,0
11,1,1.0,3.459431618637298,0
7,0,1.0,2.807354922057604,0
15,0,1.0,3.640223928941852,0
13,0,1.0,3.3927474104487847,0
14,0,1.0,3.521640636343319,0
12,0,1.0,2.751629167387823,0
10,1,1.0,3.121928094887362,0
11,0,1.0,3.277613436819116,0
14,0,1.0,3.6644977792004623,0
7,0,1.0,2.807354922057604,0
14,0,1.0,3.182005814760214,0
10,0,1.0,3.121928094887362,0
6,0,1.0,2.584962500721156,0
15,0,1.0,3.0565647621309537,0
9,0,1.0,2.725480556997868,0
10,0,1.0,2.9219280948873623,0
11,0,1.0,2.913977073182752,0
11,0,1.0,2.845350936622437,0
13,0,1.0909090909090908,2.8150724101159437,0
10,0,1.0,3.121928094887362,0
10,0,1.0,2.8464393446710154,0
12,0,1.0,3.084962500721156,0
9,2,1.0,3.169925001442312,0
14,0,1.0,3.4677201004745006,0
13,0,1.0,3.3927474104487847,0
15,0,1.0769230769230769,3.106890595608519,0
14,0,1.1818181818181819,3.182005814760214,0
10,0,1.0,2.9219280948873623,0
13,0,1.0,3.238901256602631,0
8,0,1.0,3.0,0
11,0,1.0,3.2776134368191165,0
14,0,1.0,3.521640636343319,0
13,3,1.0,3.238901256602631,0
12,0,1.0,3.2516291673878226,0
13,0,1.0,3.0269868333592873,0
6,0,1.0,2.584962500721156,0
11,0,1.0,3.277613436819116,0
12,0,1.0,3.0849625007211556,0
13,4,1.0,3.546593564294939,0
15,5,1.0,3.3232314287976203,0
7,0,1.0,2.521640636343318,0
10,0,1.0,2.9219280948873623,0
10,0,1.0,2.4464393446710155,0
13,0,1.0,3.0269868333592873,0
9,0,1.3333333333333333,2.5032583347756456,0
5,0,1.0,2.321928094887362,0
13,0,1.0,3.0850551027564768,0
11,0,1.25,2.550340709546388,0
10,3,1.0,3.321928094887362,0
15,0,1.0,3.506890595608519,0
15,0,1.0,2.5559130951758244,0
15,0,1.0,3.189898095464287,0
7,0,1.0,2.521640636343318,0
11,0,1.0,3.277613436819116,0
10,0,1.0,3.121928094887362,0
14,0,1.0,3.521640636343319,0
13,0,1.0,3.238901256602631,0
8,2,1.0,2.75,0
8,0,1.0,2.75,0
12,4,1.0,3.418295834054489,0
14,0,1.0833333333333333,3.3248629576173574,0
13,2,1.0,3.334679141051595,0
14,0,1.0833333333333333,3.182005814760214,0
14,0,1.1818181818181819,3.2359263506290334,0
11,0,1.0,2.663532754804255,0
12,3,1.0,3.084962500721156,0
10,0,1.0,2.9219280948873623,0
12,0,1.0,3.418295834054489,0
9,0,1.0,2.94770277922009,0
13,0,1.0909090909090908,3.180832987205441,1
9,0,1.1428571428571428,2.197159723424149,0
11,0,1.0,3.277613436819116,0
8,0,1.0,2.4056390622295662,0
14,0,1.0,3.521640636343319,0
11,0,1.0,2.8453509366224368,0
9,2,1.3333333333333333,2.2810361125534233,0
13,1,1.0,3.180832987205441,0
7,0,1.0,2.5216406363433186,0
13,0,1.0909090909090908,3.180832987205441,0
9,0,1.0,2.725480556997868,0
15,3,1.0,3.506890595608518,0
9,0,1.1428571428571428,2.725480556997868,0
15,2,1.0,3.0565647621309537,0
12,0,1.0,3.2516291673878226,0
14,2,1.0,3.039148671903071,0
11,0,1.0,3.277613436819116,0
15,0,1.0769230769230769,3.3735572622751846,0
12,0,1.0,3.2516291673878226,0
8,0,1.0,2.75,0
10,0,1.0,3.1219280948873624,0
11,0,1.0,2.7321588913645702,0
13,0,1.3333333333333333,2.7192945256669794,0
15,0,1.0769230769230769,3.1898980954642875,0
9,0,1.1428571428571428,2.725480556997868,0
11,0,1.0,3.0957952550009344,0
9,1,2.0,1.7527152789797045,0
15,0,1.0,3.506890595608518,0
8,0,1.0,2.1556390622295662,0
9,0,1.0,2.725480556997868,0
11,0,1.0,2.8453509366224368,0
14,0,1.0,3.378783493486176,0
11,2,1.1111111111111112,2.663532754804255,0
9,0,1.0,3.169925001442312,0
11,2,1.0,2.9139770731827523,0
9,0,1.0,2.725480556997868,0
15,8,1.0,3.3735572622751855,0
13,0,1.0,3.238901256602631,0
8,0,1.0,2.75,0
6,0,1.0,2.584962500721156,0
13,0,1.0,3.5465935642949384,0
15,0,1.0,3.373557262275185,0
11,0,1.0,3.277613436819116,0
7,0,1.0,2.2359263506290326,0
12,0,1.1,3.0849625007211556,0
8,1,1.0,3.0,0
9,0,1.0,2.94770277922009,0
15,0,1.1666666666666667,2.682588730501833,0
11,0,1.0,3.095795255000934,0
7,0,1.0,2.807354922057604,0
13,0,1.0,3.3927474104487847,0
15,0,1.0,3.640223928941851,0
11,0,1.0,3.0957952550009344,0
12,0,1.0,2.855388542207534,0
10,0,1.0,2.846439344671015,0
12,0,1.0,3.084962500721156,0
14,2,1.0,3.378783493486176,0
12,0,1.0,3.084962500721156,0
13,1,1.0,3.3927474104487847,0
9,0,1.0,2.6416041678685933,0
15,1,1.0,3.189898095464287,0
6,0,1.0,2.584962500721156,0
9,0,1.0,2.94770277922009,0
9,0,1.0,2.725480556997868,0
15,0,1.0,3.106890595608518,0
9,0,1.0,2.197159723424149,0
13,0,1.0,2.9689185639620974,0
12,0,1.1,2.5849625007211565,0
15,0,1.0769230769230769,3.189898095464287,0
6,0,1.0,1.9182958340544896,0
8,0,1.0,2.75,0
12,0,1.0,3.2516291673878226,0
7,0,1.0,2.807354922057604,0
11,4,1.0,3.2776134368191165,0
9,0,1.0,2.725480556997868,0
15,1,1.0,3.2402239289418517,0
14,0,1.0,3.521640636343319,0
10,0,1.125,2.321928094887362,0
11,0,1.0,3.027169118440619,0
13,4,1.0,3.3927474104487847,0
12,1,1.0,3.2516291673878226,0
4,0,1.0,2.0,0
9,0,1.0,2.6416041678685933,0
13,2,1.0909090909090908,3.180832987205441,0
12,0,1.0,3.2516291673878226,0
14,0,1.0,3.182005814760214,0
7,4,1.0,2.521640636343318,0
15,5,1.0,3.640223928941851,0
14,0,1.0833333333333333,3.3787834934861767,0
15,0,1.0,3.2402239289418517,0
9,0,1.0,2.94770277922009,0
15,0,1.1666666666666667,2.973557262275185,0
15,0,1.0,3.506890595608518,0
7,0,1.0,2.807354922057604,0
11,0,1.0,2.8453509366224368,0
10,0,1.0,2.8464393446710154,0
12,0,1.0,3.0849625007211556,0
10,0,1.0,3.121928094887362,0
12,0,1.0,3.418295834054489,0
14,0,1.0833333333333333,3.182005814760214,0
15,0,1.0,3.640223928941852,0
12,0,1.0,3.2516291673878226,0
10,0,1.0,3.321928094887362,0
11,0,1.0,2.7321588913645702,0
10,0,1.0,3.121928094887362,0
9,0,1.0,2.197159723424149,0
11,0,1.0,3.095795255000934,0
11,0,1.0,2.9139770731827523,0
8,0,1.0,3.0,1
13,0,1.0909090909090908,3.0269868333592873,0
13,0,1.0909090909090908,2.5654483718208256,0
9,0,1.0,2.503258334775646,0
13,0,1.0,3.238901256602631,0
9,0,1.0,2.725480556997868,0
13,2,1.0,3.5465935642949384,0
12,0,1.0,3.584962500721156,0
7,0,1.0,2.5216406363433186,0
14,2,1.0,3.521640636343319,0
12,0,1.0,3.084962500721156,0
10,0,1.125,2.9219280948873623,0
14,3,1.1818181818181819,3.3787834934861767,0
10,0,1.0,3.1219280948873624,0
11,0,1.0,3.459431618637298,0
9,0,1.0,3.169925001442312,0
14,2,1.0,3.521640636343319,0
14,0,1.0,3.3787834934861767,0
15,0,1.0,3.3735572622751855,0
9,2,1.0,2.94770277922009,0
13,0,1.0,2.873140679513133,0
6,1,1.0,2.251629167387823,0
13,0,1.0,3.180832987205441,0
12,0,1.0,3.2516291673878226,0
10,0,1.125,2.9219280948873623,0
6,3,1.0,2.584962500721156,0
11,1,1.0,3.277613436819116,0
10,0,1.0,2.9219280948873623,0
9,0,1.0,2.94770277922009,0
11,0,1.25,2.663532754804255,0
12,0,1.0,3.0220552088742005,0
8,3,1.1666666666666667,2.4056390622295662,0
12,4,1.0,3.2516291673878226,0
11,0,1.0,3.095795255000934,0
10,1,1.0,2.9219280948873623,0
10,0,1.0,2.921928094887362,0
11,0,1.0,2.8453509366224368,0
15,0,1.0,3.006238928653389,0
9,0,1.0,3.169925001442312,0
12,0,1.0,3.0220552088742005,0
10,0,1.0,3.121928094887362,0
15,3,1.0,3.506890595608519,0
8,4,1.1666666666666667,2.5,0
4,0,1.0,2.0,0
9,0,1.0,2.6416041678685933,0
15,2,1.0,3.6402239289418516,0
5,0,1.0,1.9219280948873623,0
9,2,1.1428571428571428,2.058813890331201,0
7,1,1.0,2.807354922057604,0
10,1,1.0,3.321928094887362,0
11,2,1.0,3.277613436819116,0
12,0,1.0,2.855388542207534,0
13,0,1.0,3.3927474104487847,0
10,0,1.0,2.8464393446710154,0
15,0,1.0769230769230769,3.32323142879762,0
11,0,1.1111111111111112,3.0957952550009344,0
13,0,1.0,2.7773627950641693,0
9,1,1.0,2.725480556997868,0
8,0,1.0,3.0,0
15,0,1.0769230769230769,3.506890595608518,0
6,0,1.0,2.2516291673878226,0
7,0,1.0,2.807354922057604,0
14,0,1.0,3.521640636343319,0
12,0,1.1,3.2516291673878226,0
14,0,1.0833333333333333,2.9852281360342516,0
12,0,1.1,3.0220552088742005,0
14,0,1.0,3.182005814760214,0
13,0,1.0,3.0850551027564768,0
14,2,1.0,3.3787834934861767,0
15,0,1.0,3.32323142879762,0
14,0,1.0,3.521640636343319,0
10,0,1.0,2.9219280948873623,0
15,0,1.0,3.640223928941852,0
13,0,1.0,3.3927474104487847,0
8,0,1.0,2.75,0
13,1,1.0,3.180832987205441,0
14,0,1.0,2.610577243331642,0
7,0,1.0,2.807354922057604,0
13,0,1.0,2.9312089489103235,0
7,1,1.0,2.1280852788913944,0
12,0,1.0,3.084962500721156,0
11,1,1.0,2.663532754804255,0
8,1,1.0,3.0,0
7,2,1.0,2.807354922057604,0
9,0,1.1428571428571428,2.4193819456463714,0
12,0,1.0,2.918295834054489,0
8,0,1.0,2.5,0
6,0,1.0,2.251629167387823,0
10,0,1.0,3.121928094887362,0
6,0,1.0,2.2516291673878226,0
8,0,1.0,3.0,0
10,0,1.0,3.321928094887362,0
12,0,1.0,2.9182958340544896,0
7,0,1.0,2.5216406363433186,0
10,0,1.2857142857142858,2.1219280948873624,0
9,0,1.0,2.94770277922009,0
14,0,1.0833333333333333,2.950212064914747,0
12,4,1.0,3.2516291673878226,0
13,0,1.0,3.5465935642949384,0
12,8,1.0,3.2516291673878226,0
14,0,1.0,2.9852281360342516,0
12,0,1.0,3.2516291673878226,0
10,0,1.0,3.121928094887362,0
13,2,1.0,3.0269868333592873,0
13,2,1.0,3.7004397181410926,0
9,0,1.0,2.725480556997868,0
13,0,1.0,3.3927474104487847,0
15,0,1.0769230769230769,3.240223928941852,0
14,0,1.0,3.09306920777189,0
13,0,1.0,3.180832987205441,0
15,0,1.0,3.5068905956085183,0
11,1,1.0,2.6635327548042547,0
13,0,1.0,3.5465935642949384,0
15,0,1.0769230769230769,3.2402239289418517,0
12,4,1.0,3.418295834054489,0
10,2,1.0,3.121928094887362,0
15,0,1.0,3.240223928941852,0
10,0,1.0,3.1219280948873624,0
9,0,1.0,2.725480556997868,0
8,0,1.0,2.75,0
10,0,1.0,3.121928094887362,0
13,0,1.0,3.3927474104487847,0
10,1,1.0,2.4464393446710155,0
14,0,1.0,3.3248629576173574,0
13,0,1.0,3.3927474104487847,0
11,3,1.0,2.9139770731827523,0
10,0,1.0,3.321928094887362,0
10,0,1.0,3.121928094887362,0
12,0,1.0,3.2516291673878226,0
11,0,1.0,2.845350936622437,0
15,0,1.0,3.4565647621309536,0
12,0,1.0,3.2516291673878226,0
12,0,1.0,2.688721875540867,0
13,0,1.0,3.180832987205441,0
11,0,1.0,2.9139770731827523,0
11,0,1.0,2.663532754804255,0
10,0,1.0,2.9219280948873623,0
8,3,1.0,2.75,0
13,2,1.0,3.3927474104487847,0
15,3,1.0,3.506890595608518,0
12,0,1.0,2.8553885422075336,0
10,0,1.0,3.321928094887362,0
9,0,1.0,2.94770277922009,0
7,0,1.0,2.807354922057604,0
5,0,1.0,2.321928094887362,0
13,0,1.0,2.873140679513133,0
15,0,1.0,3.6402239289418516,0
9,3,1.0,3.169925001442312,0
9,4,1.0,2.94770277922009,0
11,0,1.0,3.0957952550009344,0
13,1,1.0,3.180832987205441,0
9,0,1.1428571428571428,2.4193819456463714,0
11,4,1.0,3.459431618637298,0
8,0,1.0,3.0,0
11,4,1.1111111111111112,2.845350936622437,0
10,4,1.0,2.9219280948873623,0
15,2,1.0,3.3232314287976203,0
14,0,1.0,3.3248629576173574,0
13,0,1.0,3.3927474104487847,0
9,0,1.1428571428571428,2.4193819456463714,0
9,0,1.0,2.9477027792200903,0
9,0,1.0,2.9477027792200903,0
15,0,1.0,3.106890595608519,0
12,0,1.0,3.418295834054489,0
13,0,1.0,3.3927474104487847,0
12,0,1.0,3.418295834054489,0
15,1,1.0,3.773557262275185,0
11,0,1.0,2.9139770731827523,0
14,0,1.0,3.039148671903071,0
9,4,1.0,2.725480556997868,0
9,0,1.0,2.6416041678685933,0
9,4,1.0,3.169925001442312,0
8,3,1.0,2.75,0
11,0,1.0,3.277613436819116,0
15,4,1.0,3.3232314287976203,0
8,2,1.0,2.75,0
7,0,1.0,2.2359263506290326,0
12,1,1.1,3.2516291673878226,0
15,0,1.0,3.373557262275185,0
10,4,1.0,3.121928094887362,0
11,0,1.0,2.8453509366224368,0
13,2,1.0,3.3927474104487847,0
12,0,1.0,2.8553885422075336,0
12,0,1.0,3.2516291673878226,0
12,0,1.0,3.2516291673878226,0
15,0,1.0,3.6402239289418516,0
8,2,1.0,2.75,0
10,0,1.0,2.9219280948873623,0
11,0,1.0,3.0957952550009344,0
10,2,1.0,3.321928094887362,0
8,0,1.0,2.75,0
9,0,1.0,2.94770277922009,0
12,0,1.0,3.418295834054489,0
12,0,1.0,3.2516291673878226,0
12,0,1.0,3.0220552088742,0
13,0,1.0909090909090908,3.238901256602631,0
15,0,1.4,2.4729055953200563,0
14,0,1.0,3.521640636343319,0
7,1,1.0,2.807354922057604,0
13,0,1.2,2.8150724101159437,0
13,0,1.0,3.238901256602631,0
15,0,1.0769230769230769,2.840223928941852,0
14,0,1.0,2.9852281360342516,0
8,0,1.0,2.75,0
15,1,1.0,3.2402239289418517,0
10,0,1.0,3.121928094887362,0
11,0,1.0,2.8453509366224368,0
8,0,1.0,2.5,0
15,0,1.0769230769230769,3.1898980954642866,0
14,1,1.0,3.3248629576173574,0
10,0,1.0,2.9219280948873623,0
12,0,1.0,3.0220552088742,0
13,1,1.7142857142857142,2.7773627950641693,0
14,0,1.0,3.3248629576173574,0
8,0,1.0,2.5,0
13,3,1.0,3.3927474104487847,0
11,1,1.0,3.027169118440619,0
7,0,1.0,2.5216406363433186,0
6,2,1.25,1.9182958340544893,0
12,0,1.0,3.418295834054489,0
10,4,1.0,3.321928094887362,0
15,0,1.0,3.3232314287976203,0
10,0,1.5,2.521928094887362,0
12,2,1.0,3.0220552088742,0
15,0,1.0769230769230769,3.3735572622751855,0
12,0,1.0,3.418295834054489,0
13,0,1.0,3.238901256602631,0
8,0,1.0,3.0,0
13,2,1.0,3.5465935642949384,0
8,0,1.0,2.75,0
6,0,1.0,2.584962500721156,0
13,0,1.0909090909090908,2.7773627950641697,0
12,0,1.1,2.751629167387823,0
11,0,1.1111111111111112,2.9139770731827523,0
9,0,1.0,2.94770277922009,0
10,0,1.125,2.321928094887362,0
7,0,1.0,2.807354922057604,0
6,0,1.0,2.584962500721156,0
6,0,1.0,2.251629167387823,0
11,0,1.0,3.2776134368191165,0
15,0,1.0,3.640223928941851,0
15,0,1.0,3.1395722619867223,0
14,0,1.0833333333333333,3.521640636343319,0
8,0,1.0,2.75,0
11,1,1.0,3.027169118440619,0
8,0,1.0,3.0,0
15,4,1.0,3.5068905956085183,0
10,0,1.0,2.6464393446710157,0
5,0,1.0,2.321928094887362,0
11,0,1.0,3.027169118440619,0
12,0,1.0,3.084962500721156,0
13,0,1.0,3.3927474104487847,0
13,0,1.0,3.3927474104487847,0
6,0,1.0,2.2516291673878226,0
12,1,1.0,2.688721875540867,0
10,0,1.0,2.9219280948873623,0
14,0,1.0,3.3787834934861767,0
13,0,1.0,3.180832987205441,0
14,0,1.0,3.3248629576173574,0
15,0,1.0,3.5068905956085183,0
13,0,1.0,3.180832987205441,0
11,0,1.0,3.0957952550009344,0
5,0,1.0,2.321928094887362,0
13,2,1.0,3.5465935642949384,0
7,0,1.0,2.5216406363433186,0
8,0,1.0,2.5,0
11,0,1.0,2.9139770731827523,0
15,0,1.2727272727272727,3.189898095464287,0
8,0,1.0,2.75,0
12,0,1.0,3.4182958340544896,0
15,0,1.0,3.323231428797621,1
7,0,1.0,2.521640636343318,0
14,0,1.0,3.182005814760214,0
10,2,1.0,2.9219280948873623,0
7,0,1.0,2.5216406363433186,0
8,0,1.0,3.0,0
10,0,1.0,2.8464393446710154,0
10,0,1.2857142857142858,2.5219280948873624,0
11,0,1.0,2.9139770731827523,0
11,0,1.0,3.0957952550009344,0
8,2,1.0,3.0,0
14,0,1.0,3.378783493486176,0
13,0,1.0,3.3927474104487847,0
13,0,1.0,3.085055102756477,0
9,0,1.0,2.725480556997868,0
12,0,1.0,3.084962500721156,0
8,0,1.0,2.5,0
6,0,1.0,2.2516291673878226,0
8,0,1.0,2.75,0
13,0,1.0,3.3927474104487847,0
11,0,1.0,2.8453509366224368,0
10,0,1.0,2.9219280948873623,0
15,0,1.0,3.323231428797621,0
10,3,1.0,2.9219280948873623,0
12,1,1.0,3.418295834054489,0
12,4,1.0,3.0220552088742,0
13,0,1.0,3.3927474104487847,0
13,0,1.0,3.3927474104487847,0
10,0,1.0,2.7219280948873625,0
10,0,1.0,2.9219280948873623,0
11,0,1.0,3.2776134368191165,0
13,0,1.0,3.180832987205441,0
10,0,1.125,2.5219280948873624,0
15,0,1.0,3.373557262275185,0
9,2,1.0,3.169925001442312,0
10,0,1.0,3.121928094887362,0
13,0,1.0,3.5465935642949384,0
13,0,1.0,3.7004397181410926,0
10,0,1.0,2.9219280948873623,0
9,0,1.0,2.6416041678685933,0
13,0,1.0,3.085055102756477,0
9,0,1.0,2.725480556997868,0
11,0,1.0,3.2776134368191165,0
15,1,1.0,3.373557262275185,0
10,0,1.0,2.9219280948873623,0
14,0,1.0,3.3787834934861767,0
8,0,1.4,2.25,0
11,0,1.0,3.2776134368191165,0
12,0,1.0,3.0220552088742005,0
12,0,1.2222222222222223,2.918295834054489,0
7,0,1.0,1.950212064914747,0
10,0,1.0,3.121928094887362,0
12,0,1.1,3.0849625007211556,0
7,1,1.0,2.807354922057604,0
14,0,1.0,3.2359263506290334,0
14,0,1.0,3.521640636343319,0
8,1,1.0,2.75,0
14,0,1.0,3.521640636343319,0
14,0,1.0,3.378783493486176,0
7,0,1.0,2.2359263506290326,0
12,0,1.0,3.4182958340544896,0
12,0,1.0,3.2516291673878226,0
14,0,1.0,3.3248629576173574,0
12,2,1.0,3.2516291673878226,0
12,2,1.0,3.2516291673878226,0
8,1,1.0,2.75,0
11,0,1.1111111111111112,3.095795255000934,0
12,0,1.0,3.418295834054489,0
13,0,1.0,3.0269868333592873,0
15,1,1.0,3.3735572622751846,0
12,0,1.0,3.2516291673878226,0
15,0,1.0,3.506890595608518,0
14,2,1.0,3.521640636343319,0
15,0,1.0769230769230769,3.1068905956085184,0
11,0,1.0,3.2776134368191165,0
7,0,1.2,2.2359263506290326,0
13,0,1.0,3.0269868333592873,0
8,0,1.0,2.5,0
8,0,1.0,2.75,0
11,1,1.1111111111111112,2.845350936622437,1
12,0,1.0,3.2516291673878226,1
5,0,1.0,2.321928094887362,0
11,0,1.1111111111111112,2.913977073182752,0
8,1,1.0,3.0,0
10,0,1.0,2.5219280948873624,0
8,0,1.0,2.5,0
11,0,1.0,2.845350936622437,0
14,0,1.0,3.521640636343319,0
14,0,1.0,3.3248629576173574,0
13,0,1.0,3.180832987205441,0
14,0,1.0,3.182005814760214,0
11,0,1.0,3.277613436819116,0
13,2,1.0,3.238901256602631,0
13,0,1.0,3.546593564294939,0
13,0,1.0,2.931208948910323,0
14,0,1.0,3.039148671903072,0
10,0,1.0,2.9219280948873623,0
11,1,1.0,3.0957952550009344,0
14,0,1.0,3.039148671903071,0
11,0,1.0,3.277613436819116,0
15,0,1.0,3.506890595608519,0
12,0,1.0,3.188721875540867,0
14,0,1.0833333333333333,3.2359263506290334,0
15,0,1.0769230769230769,2.973557262275185,0
12,0,1.1,2.7516291673878226,0
15,8,1.0,3.4565647621309536,0
12,0,1.0,3.4182958340544896,0
15,0,1.0,3.456564762130954,0
14,0,1.0,3.2359263506290334,0
15,1,1.0,3.373557262275185,0
6,2,1.0,2.584962500721156,0
12,0,1.0,3.584962500721156,0
15,0,1.0,3.3735572622751855,0
11,0,1.0,3.095795255000934,0
11,0,1.0,3.027169118440619,0
13,0,1.0909090909090908,3.238901256602631,0
8,0,1.0,3.0,0
12,2,1.0,3.2516291673878226,0
11,0,1.0,3.2776134368191165,0
11,0,1.0,3.277613436819116,0
8,0,1.0,2.75,0
15,0,1.0,3.773557262275185,0
8,0,1.0,2.5,0
11,0,1.0,3.459431618637298,0
7,0,1.0,2.521640636343318,0
8,0,1.0,3.0,0
9,0,1.0,2.725480556997868,0
8,0,1.0,2.75,0
14,0,1.0,3.6644977792004623,0
10,0,1.0,2.9219280948873623,0
12,0,1.0,3.2516291673878226,0
9,0,1.0,3.169925001442312,0
10,0,1.0,2.9219280948873623,0
13,0,1.0,3.5465935642949384,0
13,0,1.2,3.0269868333592873,0
11,0,1.0,2.9139770731827523,0
11,0,1.25,2.5503407095463886,0
11,0,1.0,3.277613436819116,0
13,0,1.0,3.180832987205441,0
13,0,1.0909090909090908,3.085055102756477,0
8,3,1.0,2.75,0
12,8,1.0,3.084962500721156,0
8,0,1.0,2.5,0
11,0,1.1111111111111112,2.663532754804255,0
8,0,1.0,2.75,0
12,0,1.1,3.0220552088742005,0
9,0,1.0,3.169925001442312,0
14,0,1.0,3.3787834934861767,0
9,0,1.0,2.4193819456463714,0
11,0,1.0,3.277613436819116,0
12,3,1.0,2.688721875540867,0
15,0,1.0,3.506890595608518,0
9,1,1.0,2.94770277922009,0
10,0,1.125,2.5219280948873624,0
11,0,1.0,3.027169118440619,0
13,0,1.0909090909090908,3.238901256602631,0
15,0,1.0,3.2402239289418517,0
14,0,1.0833333333333333,3.182005814760214,0
12,0,1.0,3.4182958340544896,0
14,0,1.0833333333333333,2.9852281360342525,0
10,3,1.0,3.321928094887362,0
13,0,1.0,3.238901256602631,0
14,0,1.0833333333333333,3.521640636343319,0
15,0,1.0769230769230769,3.106890595608518,0
11,0,1.0,3.459431618637298,0
14,0,1.0,3.2359263506290334,0
14,0,1.1818181818181819,2.8962915290459286,0
11,0,1.1111111111111112,2.845350936622437,0
12,0,1.0,3.418295834054489,0
15,3,1.0769230769230769,3.506890595608518,0
13,0,1.0,3.180832987205441,0
14,0,1.0,3.521640636343319,0
11,0,1.0,3.0957952550009344,0
13,0,1.0,3.0269868333592873,0
15,0,1.0,3.5068905956085183,0
11,3,1.1111111111111112,3.027169118440619,0
14,0,1.0,3.182005814760214,0
10,0,1.0,2.6464393446710157,0
9,0,1.0,2.6416041678685933,0
14,0,1.0833333333333333,3.039148671903071,0
15,0,1.0,2.7898980954642876,0
15,0,1.0,3.2729055953200556,0
15,0,1.0769230769230769,3.1898980954642875,0
9,2,1.0,2.9477027792200903,0
13,0,1.0,3.238901256602631,0
6,2,1.0,1.9182958340544896,0
11,5,1.0,3.277613436819116,0
15,1,1.0,3.640223928941851,0
15,0,1.0769230769230769,3.2402239289418517,0
11,0,1.0,3.0957952550009344,0
15,0,1.0,3.189898095464287,0
11,0,1.0,3.0957952550009344,0
13,1,1.0,3.238901256602631,0
9,0,1.0,2.9477027792200903,0
8,0,1.0,2.5,0
5,0,1.0,2.321928094887362,0
11,1,1.0,3.095795255000934,0
10,0,1.0,3.321928094887362,0
9,0,1.0,3.169925001442312,0
12,0,1.0,3.584962500721156,0
10,0,1.0,2.8464393446710154,0
9,0,1.0,2.5032583347756456,0
13,0,1.0,3.180832987205441,0
14,4,1.0833333333333333,3.3248629576173565,0
13,0,1.0,2.931208948910323,0
15,8,1.0,3.189898095464288,0
13,0,1.0,2.873140679513133,0
12,0,1.0,3.0220552088742,0
13,2,1.0,3.3927474104487847,0
9,2,1.0,3.169925001442312,0
11,0,1.0,3.095795255000934,0
11,0,1.0,2.8453509366224368,0
11,1,1.0,3.277613436819116,0
9,2,1.0,3.169925001442312,0
8,0,1.0,3.0,0
12,0,1.0,2.8553885422075336,0
12,1,1.0,3.2516291673878226,0
12,1,1.0,2.8553885422075336,0
12,0,1.0,3.0220552088742,0
15,1,1.1666666666666667,3.106890595608518,0
15,1,1.0,3.456564762130954,0
15,0,1.0,3.32323142879762,0
12,0,1.0,3.2516291673878226,0
11,0,1.0,3.277613436819116,0
7,0,1.0,2.807354922057604,0
13,0,1.0,3.180832987205441,0
13,2,1.2,2.8073904508767225,0
10,0,1.0,3.121928094887362,0
5,1,1.0,1.9219280948873623,0
10,1,1.0,3.321928094887362,0
11,0,1.0,3.2776134368191165,0
6,0,1.0,2.2516291673878226,0
10,0,1.0,2.9219280948873623,0
11,0,1.0,3.277613436819116,0
3,0,1.0,1.584962500721156,0
10,2,1.0,2.9219280948873623,0
11,4,1.0,3.2776134368191165,0
13,0,1.0,3.3927474104487847,0
12,0,1.0,3.2516291673878226,0
13,0,1.0,3.3927474104487847,0
10,0,1.0,2.5219280948873624,0
7,0,1.0,2.807354922057604,0
8,0,1.0,2.75,0
5,0,1.0,2.321928094887362,0
15,0,1.0,3.506890595608518,0
13,0,1.0,3.180832987205441,0
12,0,1.1,3.0849625007211556,0
10,0,1.0,3.121928094887362,0
15,0,1.0,2.9735572622751856,0
15,0,1.0,3.640223928941852,0
15,0,1.0769230769230769,2.815922063835166,0
13,0,1.0,3.180832987205441,0
7,0,1.0,2.521640636343318,0
10,0,1.0,2.9219280948873623,0
8,3,1.0,2.4056390622295662,0
13,0,1.0,3.180832987205441,0
13,2,1.0,3.7004397181410926,0
13,0,1.0,3.0269868333592873,0
12,0,1.0,3.084962500721156,0
10,0,1.0,3.321928094887362,0
11,3,1.0,3.277613436819116,0
10,0,1.0,2.921928094887362,0
9,0,1.0,2.197159723424149,0
14,0,1.0,3.182005814760214,0
12,0,1.0,3.2516291673878226,0
13,0,1.0,3.238901256602631,0
11,0,1.0,3.095795255000934,0
13,0,1.0,3.238901256602631,0
12,0,1.0,3.2516291673878226,0
15,0,1.0769230769230769,3.2402239289418517,0
10,2,1.0,3.121928094887362,0
13,0,1.0,3.180832987205441,0
15,0,1.2727272727272727,2.8729055953200557,0
11,0,1.0,3.277613436819116,0
15,3,1.0,3.373557262275185,0
9,0,1.0,3.169925001442312,0
14,1,1.0,3.4677201004745006,0
10,0,1.0,3.121928094887362,0
11,0,1.0,3.0957952550009344,0
15,2,1.0,3.5068905956085183,0
12,0,1.0,3.0849625007211556,0
7,0,1.0,2.1280852788913944,0
7,0,1.0,2.5216406363433186,0
12,0,1.0,3.418295834054489,0
10,2,1.5,2.1609640474436813,0
15,1,1.0,3.373557262275185,0
13,0,1.0,3.3927474104487847,0
14,0,1.0,3.182005814760214,0
8,0,1.0,2.75,0
15,0,1.0,3.773557262275185,0
12,0,1.1,3.084962500721156,0
15,0,1.0,3.2402239289418517,0
11,0,1.0,3.0957952550009344,0
15,0,1.0769230769230769,3.373557262275185,0
15,1,1.1666666666666667,3.006238928653389,0
6,0,1.0,2.584962500721156,0
13,0,1.0,3.0269868333592873,0
11,1,1.0,3.2776134368191165,0
12,0,1.0,3.2516291673878226,0
12,4,1.0,3.584962500721156,0
12,0,1.1,2.584962500721156,0
12,0,1.0,3.0220552088742,0
14,0,1.0,3.521640636343319,0
15,0,1.0,3.6402239289418516,0
8,0,1.0,2.75,0
14,0,1.0,3.521640636343319,0
11,0,1.0,3.0957952550009344,0
7,0,1.0,2.807354922057604,0
13,0,1.0,3.0269868333592873,0
9,2,1.0,3.169925001442312,0
12,0,1.0,3.084962500721156,0
15,0,1.0,3.1898980954642866,0
4,0,1.0,2.0,0
9,0,1.0,2.94770277922009,0
7,0,1.0,2.5216406363433186,0
15,8,1.0,3.5068905956085183,0
5,2,1.0,2.321928094887362,0
13,1,1.0,3.3927474104487847,0
10,0,1.0,2.5219280948873624,0
8,1,1.0,2.75,0
9,1,1.0,2.94770277922009,0
10,0,1.0,3.121928094887362,0
12,0,1.0,3.2516291673878226,0
13,0,1.0,3.3927474104487847,0
12,0,1.0,3.0849625007211556,0
8,0,1.0,3.0,0
14,0,1.0833333333333333,3.2359263506290334,0
11,0,1.0,2.9139770731827523,0
14,0,1.0,3.039148671903071,0
14,0,1.0,3.3248629576173574,0
9,0,1.0,3.169925001442312,0
14,0,1.0833333333333333,3.1820058147602133,0
11,0,1.0,2.9139770731827523,0
13,0,1.0,3.238901256602631,1
13,0,1.0,3.238901256602631,0
11,0,1.0,3.459431618637298,0
11,0,1.0,3.277613436819116,0
15,0,1.0769230769230769,3.106890595608519,0
10,0,2.25,1.8954618442383218,0
13,0,1.0,3.0269868333592873,0
6,0,1.0,2.584962500721156,0
8,0,1.0,2.75,0
13,0,1.0,3.085055102756477,0
11,0,1.0,3.459431618637298,0
9,0,1.0,2.725480556997868,0
9,0,1.0,2.94770277922009,0
12,1,1.0,3.2516291673878226,0
13,6,1.0,3.2389012566026314,0
3,0,1.0,1.584962500721156,0
14,0,1.0833333333333333,3.378783493486176,0
8,1,1.0,2.75,0
10,2,1.0,3.321928094887362,0
12,0,1.0,3.418295834054489,1
12,0,1.0,3.2516291673878226,0
14,0,1.0,3.09306920777189,0
13,0,1.0,3.238901256602631,0
10,0,1.125,2.721928094887362,0
13,0,1.2,2.5654483718208256,0
15,0,1.0769230769230769,3.1898980954642866,0
14,0,1.0,3.378783493486176,0
14,2,1.0,3.521640636343319,0
10,0,1.0,2.9219280948873623,0
12,0,1.0,3.2516291673878226,0
9,0,1.0,3.169925001442312,0
10,4,1.0,3.121928094887362,0
11,0,1.0,3.277613436819116,0
14,0,1.0,3.521640636343319,0
9,0,1.0,2.94770277922009,0
8,1,1.0,2.75,0
14,0,1.0,3.521640636343319,0
14,1,1.0,3.039148671903071,0
6,0,1.0,2.2516291673878226,0
11,0,1.0,3.459431618637298,0
9,0,1.0,2.94770277922009,0
10,0,1.0,2.9219280948873623,0
11,0,1.0,3.459431618637298,0
14,0,1.0,3.6644977792004623,0
10,3,1.0,3.321928094887362,0
12,0,1.0,3.188721875540867,0
15,0,1.0,3.640223928941852,0
11,0,1.0,3.277613436819116,0
9,0,1.0,3.169925001442312,0
12,0,1.1,2.8553885422075336,0
7,2,1.0,2.5216406363433186,0
14,0,1.0,3.039148671903071,0
14,0,1.0,3.8073549220576055,0
13,0,1.0,3.180832987205441,0
13,0,1.0,3.180832987205441,0
12,0,1.1,2.8553885422075336,0
14,0,1.0,3.3248629576173574,0
9,3,1.0,3.169925001442312,0
15,0,1.0769230769230769,3.240223928941852,0
9,2,1.0,3.169925001442312,0
7,2,1.0,2.521640636343318,0
15,0,1.0769230769230769,3.3735572622751846,0
13,0,1.0909090909090908,3.0269868333592873,0
7,0,1.0,2.5216406363433186,0
8,0,1.0,3.0,0
7,0,1.0,2.2359263506290326,0
14,0,1.0,3.521640636343319,0
14,0,1.0,3.182005814760214,0
13,0,1.0,3.238901256602631,0
11,0,1.0,2.913977073182752,0
12,0,1.0,3.084962500721156,0
11,0,1.0,3.027169118440619,0
15,0,1.0769230769230769,3.4565647621309536,0
14,0,1.0,3.521640636343319,0
8,0,1.0,2.75,0
15,0,1.0,3.32323142879762,0
11,2,1.0,3.2776134368191165,0
11,0,1.0,2.9139770731827523,0
15,0,1.0,3.640223928941852,0
12,0,1.1,3.0220552088742,0
8,0,1.0,2.5,0
15,1,1.0,3.1898980954642875,0
15,8,1.0,3.373557262275185,0
6,0,1.0,2.584962500721156,0
15,3,1.0,3.240223928941852,0
11,0,1.1111111111111112,3.095795255000934,0
11,0,1.0,3.2776134368191165,1
8,0,1.0,3.0,0
11,0,1.0,3.0957952550009344,0
8,0,1.0,2.75,0
6,2,1.0,2.584962500721156,0
14,0,1.3,2.950212064914747,0
13,3,1.0,3.5465935642949384,0
14,4,1.0,3.521640636343319,0
10,0,1.0,3.121928094887362,0
11,0,1.0,2.9139770731827523,0
13,0,1.0,3.238901256602631,0
9,0,1.0,2.94770277922009,0
12,0,1.0,3.4182958340544896,0
13,0,1.0,3.0269868333592873,0
13,0,1.0909090909090908,3.238901256602631,0
12,1,1.0,3.2516291673878226,0
10,0,1.0,3.321928094887362,0
15,8,1.0769230769230769,3.3232314287976212,0
12,0,1.0,2.918295834054489,0
8,0,1.0,2.75,0
9,0,1.0,2.94770277922009,0
11,0,1.1111111111111112,3.095795255000934,0
13,0,1.0,3.392747410448785,0
14,0,1.0,3.3248629576173574,0
11,2,1.0,3.2776134368191165,0
7,1,1.0,2.807354922057604,0
13,2,1.0,3.238901256602631,0
9,0,1.0,2.94770277922009,0
15,1,1.0,3.189898095464287,0
11,0,1.0,3.2776134368191165,0
12,0,1.0,3.418295834054489,0
14,0,1.0,3.09306920777189,0
6,0,1.0,2.251629167387823,0
15,2,1.0,3.506890595608518,0
14,0,1.0,3.3787834934861767,0
14,0,1.0,2.8423709931771084,0
9,0,1.0,2.503258334775646,0
11,0,1.0,3.2776134368191165,0
12,0,1.0,3.2516291673878226,0
10,0,1.0,3.121928094887362,0
15,0,1.1666666666666667,2.8159220638351665,0
13,0,1.0,3.3927474104487847,0
12,0,1.0,3.4182958340544896,0
13,0,1.0,3.3927474104487847,0
8,0,1.0,2.75,0
9,0,1.0,2.725480556997868,0
12,0,1.0,2.9182958340544896,0
15,0,1.0,2.872905595320056,0
10,1,1.0,2.6464393446710153,0
11,0,1.0,3.0957952550009344,0
10,0,1.0,3.1219280948873624,0
13,0,1.0,3.392747410448785,0
15,0,1.0,3.640223928941852,0
11,1,1.1111111111111112,2.663532754804255,0
13,0,1.0,3.238901256602631,0
11,0,1.0,2.9139770731827523,0
15,0,1.0,3.3232314287976203,0
12,0,1.1,2.8553885422075336,0
7,0,1.0,2.807354922057604,0
15,0,1.0769230769230769,3.640223928941851,0
13,0,1.0,3.238901256602631,0
14,0,1.0,3.3787834934861767,0
15,0,1.0,3.506890595608518,0
8,0,1.0,2.75,0
15,0,1.0,3.506890595608518,0
14,0,1.0833333333333333,3.039148671903071,0
10,0,1.0,3.321928094887362,0
15,1,1.0,3.106890595608518,0
13,0,1.0,3.238901256602631,0
15,1,1.0,3.4565647621309536,0
10,0,1.0,2.9219280948873623,0
11,0,1.4285714285714286,2.222191575506678,0
13,0,1.0,3.3927474104487847,0
9,4,1.0,2.94770277922009,0
14,0,1.0833333333333333,2.8073549220576046,0
13,0,1.0,3.238901256602631,0
10,0,1.0,3.1219280948873624,0
15,3,1.0,3.4565647621309536,0
12,0,1.0,3.2516291673878226,0
10,0,1.0,2.9219280948873623,0
9,4,1.0,2.94770277922009,0
7,0,1.0,2.5216406363433186,0
13,0,1.0,3.180832987205441,0
5,0,1.0,2.321928094887362,0
4,0,1.0,2.0,0
11,2,1.0,3.277613436819116,0
10,0,1.125,2.9219280948873623,0
8,3,1.0,2.5,0
6,1,1.0,2.2516291673878226,0
14,0,1.0,3.521640636343319,0
7,2,1.0,1.9502120649147465,0
14,4,1.0,3.378783493486176,0
13,0,1.2,3.0269868333592873,0
13,0,1.0909090909090908,3.3927474104487847,0
6,1,1.0,2.251629167387823,0
12,0,1.0,3.2516291673878226,0
14,0,1.0,3.378783493486176,0
13,2,1.0,3.3927474104487847,0
11,1,1.0,2.9139770731827523,0
10,0,1.0,2.9219280948873623,0
13,0,1.0,3.180832987205441,0
11,0,1.0,3.2776134368191165,0
10,0,1.0,2.6464393446710153,0
8,0,1.0,3.0,0
11,0,1.1111111111111112,2.8453509366224368,0
10,0,1.0,3.121928094887362,0
13,0,1.0,3.3927474104487847,0
11,0,1.0,2.8453509366224368,0
15,0,1.0,3.139572261986723,0
8,0,1.0,2.5,0
10,0,1.0,3.321928094887362,0
13,0,1.0909090909090908,3.0269868333592873,0
10,0,1.0,3.321928094887362,0
11,0,1.1111111111111112,2.9139770731827523,0
13,0,1.0,3.180832987205441,0
12,0,1.0,3.084962500721156,0
14,3,1.0833333333333333,3.1820058147602133,0
10,1,1.0,2.9219280948873623,0
8,0,1.0,2.75,0
14,0,1.0,3.3787834934861767,0
9,0,1.0,2.94770277922009,0
5,0,1.3333333333333333,1.3709505944546687,0
9,0,1.0,2.94770277922009,0
14,0,1.0,3.2359263506290334,0
11,0,1.0,3.459431618637298,0
12,0,1.0,3.2516291673878226,0
11,0,1.0,2.845350936622437,0
9,0,1.0,2.9477027792200903,0
8,0,1.0,2.75,0
14,0,1.0,3.4677201004745006,0
15,2,1.0,3.773557262275185,0
12,0,1.1,3.0220552088742,0
13,2,1.0,3.238901256602631,0
9,0,1.0,2.4193819456463714,0
15,2,1.0,3.0565647621309537,0
14,0,1.0,2.950212064914747,0
13,0,1.0909090909090908,3.085055102756477,0
7,4,1.0,2.5216406363433186,0
12,0,1.0,2.9182958340544896,0
8,0,1.0,2.75,0
11,2,1.0,3.0957952550009344,0
14,0,1.0,3.3248629576173574,0
10,0,1.0,2.8464393446710154,0
7,1,1.0,2.807354922057604,0
12,0,1.0,3.2516291673878226,0
14,0,1.0,3.521640636343319,0
12,0,1.0,3.2516291673878226,0
10,0,1.0,2.6464393446710153,0
10,0,1.0,2.446439344671016,0
15,0,1.0,3.5068905956085183,0
13,0,1.0,3.085055102756477,0
14,0,1.0,3.378783493486176,0
10,0,1.0,2.9219280948873623,0
15,1,1.0,3.906890595608518,0
11,0,1.0,2.913977073182752,0
11,0,1.0,3.277613436819116,0
8,2,1.0,2.75,0
9,0,1.0,2.94770277922009,0
9,2,1.0,3.169925001442312,0
10,0,1.0,2.9219280948873623,0
11,0,1.0,3.277613436819116,0
7,0,1.0,2.807354922057604,0
12,0,1.0,3.2516291673878226,0
11,0,1.25,2.5503407095463886,0
10,0,1.0,2.9219280948873623,0
8,0,1.0,2.75,0
11,0,1.0,3.277613436819116,0
13,0,1.0909090909090908,3.180832987205441,0
13,0,1.0,3.085055102756477,0
13,4,1.0,3.546593564294939,0
15,0,1.0,3.373557262275185,0
9,0,1.0,2.94770277922009,0
8,0,1.0,2.75,0
8,1,1.0,2.75,0
13,0,1.0,3.3927474104487847,0
13,0,1.0,3.238901256602631,0
11,2,1.1111111111111112,3.0957952550009344,0
12,0,1.0,3.2516291673878226,0
15,0,1.0,3.3735572622751855,0
9,0,1.0,2.94770277922009,0
13,0,1.0,3.0850551027564768,0
9,0,1.0,2.503258334775646,0
14,0,1.0833333333333333,3.182005814760214,0
12,0,1.0,3.084962500721156,0
14,0,1.0,3.2359263506290334,0
12,0,1.0,3.188721875540867,0
11,4,1.0,3.459431618637298,0
8,0,1.0,2.1556390622295662,0
14,0,1.0,3.2359263506290326,1
6,2,1.0,2.2516291673878226,0
12,0,1.0,3.2516291673878226,0
10,0,1.0,3.321928094887362,0
8,0,1.0,2.75,0
12,2,1.0,3.2516291673878226,0
7,0,1.0,2.807354922057604,0
4,0,1.0,2.0,0
10,0,1.0,3.1219280948873624,0
10,0,1.0,3.121928094887362,0
11,0,1.0,2.6635327548042547,0
13,0,1.0909090909090908,3.238901256602631,0
13,0,1.0,3.238901256602631,0
14,0,1.0833333333333333,3.182005814760214,0
15,2,1.0,3.7735572622751845,0
14,1,1.1818181818181819,3.3787834934861767,0
9,4,1.0,2.94770277922009,0
12,0,1.0,3.2516291673878226,0
12,0,1.0,3.084962500721156,0
11,0,1.0,3.459431618637298,0
13,0,1.0,3.180832987205441,0
15,0,1.1666666666666667,3.056564762130954,0
14,0,1.0,3.378783493486176,0
9,0,1.0,2.94770277922009,0
8,0,1.0,2.75,0
11,1,1.0,3.095795255000934,0
9,0,1.0,3.169925001442312,0
11,0,1.0,3.2776134368191165,0
11,0,1.0,2.913977073182752,0
9,2,1.0,2.94770277922009,0
10,0,1.0,2.9219280948873623,0
14,0,1.3,2.8073549220576037,0
13,0,1.0,3.238901256602631,1
11,0,1.0,3.0957952550009344,0
11,0,1.0,3.027169118440619,0
7,0,1.0,2.807354922057604,0
12,0,1.0,3.084962500721156,0
11,0,1.0,2.845350936622437,0
12,3,1.0,3.2516291673878226,0
12,0,1.0,3.0849625007211556,0
7,0,1.0,2.1280852788913944,0
9,0,1.0,2.94770277922009,0
13,0,1.0,3.180832987205441,0
6,0,1.0,2.2516291673878226,0
10,2,1.5,2.521928094887362,0
14,0,1.0,3.521640636343319,0
6,0,1.0,2.251629167387823,0
11,0,1.0,2.845350936622437,0
7,0,1.0,2.807354922057604,0
9,2,1.0,2.725480556997868,0
12,0,1.0,2.751629167387823,0
14,0,1.0,2.8962915290459277,0
10,0,1.125,2.4464393446710155,0
13,0,1.0,3.180832987205441,0
13,3,1.0,3.5465935642949384,0
8,0,1.0,3.0,0
11,0,1.0,2.845350936622437,0
14,0,1.0,3.3248629576173574,0
11,0,1.1111111111111112,2.8453509366224368,0
15,0,1.0,3.506890595608518,0
14,0,1.0,3.039148671903072,0
10,0,1.0,3.121928094887362,0
12,0,1.1,2.918295834054489,0
12,0,1.0,3.418295834054489,0
13,0,1.0,3.3927474104487847,0
14,5,1.0,3.3248629576173565,0
14,0,1.0,3.3787834934861767,0
8,1,1.0,3.0,0
13,0,1.0,3.085055102756477,0
14,0,1.0,3.521640636343319,0
8,0,1.0,2.75,0
12,0,1.2222222222222223,2.5220552088742005,0
8,0,1.0,2.75,0
14,0,1.0833333333333333,3.039148671903071,0
13,0,1.0,2.8731406795131336,0
11,1,1.0,2.913977073182752,0
12,0,1.0,3.418295834054489,0
14,4,1.0833333333333333,3.378783493486176,0
11,0,1.0,3.0957952550009344,0
15,0,1.0,3.773557262275185,0
11,0,1.0,2.663532754804255,0
5,0,1.0,2.321928094887362,0
13,0,1.0,3.0269868333592873,1
12,0,1.5714285714285714,2.084962500721156,0
8,1,1.0,2.75,0
10,0,1.0,3.321928094887362,0
10,0,1.0,2.521928094887362,0
10,0,1.0,3.121928094887362,0
8,0,1.0,2.75,0
14,0,1.0,2.9852281360342525,0
11,3,1.0,3.0957952550009344,0
11,0,1.1111111111111112,2.9139770731827523,0
14,0,1.0,3.182005814760214,0
10,0,1.0,2.8464393446710154,0
11,0,1.0,3.0957952550009344,0
13,0,1.2,3.0269868333592873,0
9,0,1.0,2.725480556997868,0
14,4,1.0,3.6644977792004623,0
11,0,1.0,3.095795255000934,0
11,0,1.0,3.0957952550009344,0
12,0,1.0,2.8553885422075336,0
14,0,1.0,3.521640636343319,0
10,0,1.0,3.321928094887362,0
14,0,1.0,3.2359263506290334,0
8,0,1.1666666666666667,2.5,0
15,1,1.0,3.189898095464287,0
15,2,1.0,3.4565647621309536,0
12,0,1.1,2.8553885422075336,0
10,0,1.0,3.121928094887362,0
8,2,1.0,3.0,0
10,0,1.0,2.9219280948873623,0
10,0,1.0,2.9219280948873623,0
15,0,1.0,3.4565647621309536,0
15,0,1.0,3.4565647621309536,0
13,1,1.0,3.392747410448785,0
15,0,1.0,3.773557262275185,0
7,0,1.0,2.5216406363433186,0
7,0,1.0,2.807354922057604,0
14,0,1.0833333333333333,3.09306920777189,0
9,0,1.0,2.4193819456463714,0
10,4,1.0,2.8464393446710154,0
6,0,1.0,1.9182958340544893,0
15,1,1.0,3.3735572622751846,0
10,0,1.0,2.9219280948873623,0
7,0,1.0,2.2359263506290326,0
14,0,1.0,3.378783493486176,0
12,0,1.1,2.7516291673878226,0
12,1,1.0,3.0220552088742,0
14,0,1.0,3.521640636343319,0
13,0,1.0,3.0269868333592873,0
7,0,1.0,2.807354922057604,0
10,0,1.0,2.6464393446710157,0
8,0,1.0,2.5,0
7,4,1.0,2.521640636343318,0
11,4,1.0,3.277613436819116,0
10,0,1.0,3.321928094887362,0
11,0,1.0,2.913977073182752,0
12,0,1.0,3.2516291673878226,1
8,0,1.1666666666666667,2.5,0
5,0,1.0,1.9219280948873623,0
12,0,1.0,3.084962500721156,0
15,2,1.0,3.456564762130953,0
7,0,1.0,2.807354922057604,0
12,0,1.0,3.084962500721156,0
12,0,1.0,3.584962500721156,0
13,0,1.0,3.3927474104487847,0
13,3,1.0,3.085055102756477,0
15,0,1.0,3.373557262275185,1
11,0,1.0,2.9139770731827523,0
15,0,1.0,3.4565647621309536,0
9,2,1.0,2.94770277922009,0
6,0,1.0,2.2516291673878226,0
9,0,1.0,2.6416041678685933,0
14,0,1.0,3.378783493486176,0
15,0,1.0,3.640223928941852,0
13,0,1.0,3.180832987205441,0
12,0,1.1,3.2516291673878226,0
15,0,1.0,3.323231428797621,0
11,0,1.0,3.0957952550009344,0
15,0,1.0,3.1898980954642875,0
11,0,1.0,3.2776134368191165,0
13,2,1.0,3.085055102756477,0
9,1,1.0,2.94770277922009,0
11,0,1.0,3.027169118440619,0
9,0,1.0,2.94770277922009,0
15,0,1.0,3.5068905956085183,0
15,1,1.0,3.373557262275185,0
8,2,1.0,3.0,0
10,0,1.0,2.6464393446710153,0
8,2,1.0,3.0,0
6,0,1.0,2.584962500721156,0
7,1,1.0,2.521640636343318,0
14,0,1.0,3.4677201004745006,0
7,0,1.0,2.807354922057604,0
8,0,1.0,3.0,0
13,0,1.0,3.5465935642949384,0
14,0,1.0,3.521640636343319,0
6,0,1.0,2.584962500721156,0
11,0,1.0,2.9139770731827523,0
15,0,1.0769230769230769,3.506890595608519,0
11,0,1.0,2.9139770731827523,0
9,4,1.0,3.169925001442312,0
10,0,1.0,2.7219280948873625,0
12,0,1.0,3.084962500721156,0
13,0,1.0,3.0269868333592873,1
11,0,1.1111111111111112,2.845350936622437,0
14,0,1.0833333333333333,3.182005814760214,0
14,0,1.0,3.09306920777189,0
13,0,1.0,2.8731406795131336,0
9,4,1.0,3.169925001442312,0
11,0,1.0,2.5503407095463886,0
7,0,1.0,2.807354922057604,0
10,0,1.0,3.321928094887362,0
11,0,1.0,3.277613436819116,0
9,0,1.0,2.94770277922009,0
9,0,1.0,2.725480556997868,0
7,4,1.0,2.521640636343318,0
15,0,1.0,3.106890595608519,0
8,0,1.0,2.75,0
12,0,1.1,2.625814583693911,0
14,0,1.0,3.182005814760214,0
7,0,1.0,2.2359263506290326,0
13,0,1.0,3.0269868333592873,0
14,0,1.0,3.521640636343319,0
15,0,1.0,3.640223928941851,0
10,0,1.0,2.9219280948873623,0
10,2,1.0,3.321928094887362,0
8,0,1.0,3.0,0
13,0,1.2,3.0850551027564768,0
11,0,1.0,3.459431618637298,0
14,0,1.0833333333333333,2.8962915290459286,0
10,2,1.0,2.9219280948873623,0
15,1,1.0769230769230769,3.506890595608518,0
14,5,1.0,3.378783493486176,0
13,0,1.0,3.3927474104487847,0
9,0,1.0,2.725480556997868,0
12,0,1.0,3.418295834054489,0
14,1,1.0,3.4677201004745006,0
12,0,1.0,3.418295834054489,0
14,0,1.0833333333333333,3.3248629576173574,0
15,0,1.0,3.3735572622751846,0
13,2,1.0,2.9312089489103235,0
8,0,1.0,2.5,0
9,0,1.0,2.94770277922009,0
11,0,1.0,3.095795255000934,0
14,0,1.0,3.378783493486176,0
14,0,1.0,3.3248629576173574,0
14,0,1.0833333333333333,3.2359263506290334,0
8,0,1.0,3.0,0
6,1,1.0,2.584962500721156,0
8,0,1.0,3.0,0
12,2,1.1,2.751629167387823,0
9,4,1.0,3.169925001442312,0
12,2,1.0,3.418295834054489,0
13,0,1.0,3.3927474104487847,0
12,0,1.0,2.792481250360578,0
14,0,1.0,3.521640636343319,0
10,0,1.0,3.121928094887362,0
12,0,1.0,2.8553885422075336,0
13,0,1.0909090909090908,2.8150724101159437,0
15,2,1.0,3.773557262275185,0
15,0,1.0,3.3735572622751846,0
12,0,1.0,3.2516291673878226,0
8,0,1.0,2.1556390622295662,0
10,0,1.0,2.9219280948873623,0
12,0,1.1,2.751629167387823,0
5,0,1.0,2.321928094887362,0
12,1,1.0,3.2516291673878226,0
14,0,1.0,3.2359263506290334,0
8,0,1.0,3.0,0
12,0,1.0,3.0220552088742,0
9,0,1.0,2.725480556997868,0
12,0,1.0,2.8553885422075336,0
8,2,1.0,3.0,0
15,0,1.0,3.189898095464287,0
15,0,1.0,3.0565647621309537,0
13,0,1.0,3.3927474104487847,0
15,0,1.0769230769230769,3.4565647621309536,0
13,0,1.0,3.3927474104487847,0
13,0,1.0,3.546593564294939,0
15,0,1.0,3.32323142879762,0
11,0,1.0,2.8453509366224368,0
7,0,1.0,2.807354922057604,0
10,0,1.0,3.121928094887362,0
8,0,1.1666666666666667,2.4056390622295662,0
9,0,1.0,2.725480556997868,0
8,1,1.0,2.75,1
15,0,1.0,3.1068905956085184,0
9,0,1.0,2.725480556997868,0
11,0,1.0,3.2776134368191165,0
12,0,1.0,2.8553885422075336,0
13,0,1.0,3.3927474104487847,0
9,0,1.0,2.197159723424149,0
10,0,1.125,2.721928094887362,0
11,0,1.0,3.095795255000934,0
15,0,1.0,3.323231428797621,0
15,0,1.0,3.3735572622751855,0
11,0,1.0,2.845350936622437,0
9,5,1.1428571428571428,2.4193819456463714,0
12,0,1.1,3.084962500721156,0
7,0,1.0,2.521640636343318,0
15,0,1.0,2.8402239289418514,0
9,0,1.0,2.725480556997868,0
8,0,1.0,3.0,0
9,0,1.0,2.503258334775646,0
11,3,1.25,2.663532754804255,0
12,1,1.1,2.8553885422075336,0
11,0,1.0,3.277613436819116,0
12,1,1.0,3.418295834054489,0
10,0,1.0,2.7219280948873625,0
15,0,1.0,3.373557262275185,0
11,0,1.0,3.2776134368191165,0
14,0,1.0,3.09306920777189,0
10,4,1.0,3.321928094887362,0
15,4,1.0,3.773557262275185,0
8,0,1.0,3.0,0
13,0,1.0,3.238901256602631,0
15,1,1.0,3.5068905956085183,0
14,1,1.0,3.4677201004745006,0
9,0,1.0,2.94770277922009,0
15,0,1.0,3.1068905956085184,0
9,1,1.0,3.169925001442312,0
12,0,1.1,2.8553885422075336,0
12,0,1.0,3.2516291673878226,0
12,0,1.0,2.751629167387823,0
11,0,1.0,3.0957952550009344,0
14,0,1.0,3.09306920777189,0
9,4,1.0,3.169925001442312,0
15,4,1.0,3.640223928941851,0
9,0,1.0,2.94770277922009,0
9,0,1.0,2.5032583347756456,0
7,0,1.0,2.5216406363433186,0
15,0,1.0769230769230769,2.840223928941852,0
12,0,1.0,3.418295834054489,0
14,0,1.0,3.2359263506290334,0
12,0,1.0,3.084962500721156,0
9,0,1.0,2.94770277922009,0
12,0,1.0,3.084962500721156,0
10,0,1.0,2.9219280948873623,0
9,1,1.0,2.94770277922009,0
13,0,1.0,3.0269868333592873,0
13,0,1.0,3.3927474104487847,0
9,0,1.0,2.725480556997868,0
15,3,1.0,3.5068905956085183,0
8,0,1.0,2.5,0
12,0,1.0,3.188721875540867,0
14,0,1.0,3.378783493486176,0
9,0,1.0,2.94770277922009,0
14,0,1.0,3.039148671903071,0
9,0,1.0,2.94770277922009,0
10,0,1.0,3.121928094887362,0
7,0,1.0,2.521640636343318,0
10,0,1.2857142857142858,2.0464393446710156,0
9,0,1.0,2.725480556997868,0
8,1,1.0,3.0,0
11,1,1.0,2.9139770731827523,0
13,0,1.0,3.0269868333592873,0
12,0,1.0,2.855388542207534,0
15,0,1.0,3.189898095464287,0
5,1,1.0,2.321928094887362,0
13,0,1.0,3.238901256602631,0
14,0,1.0,3.182005814760214,0
12,0,1.1,2.584962500721156,0
12,0,1.0,3.418295834054489,0
10,0,1.0,3.121928094887362,0
12,1,1.0,3.084962500721156,0
10,0,1.125,2.446439344671015,0
10,0,1.0,3.321928094887362,0
11,0,1.1111111111111112,2.8453509366224368,0
15,0,1.0,3.006238928653389,0
8,0,1.0,3.0,0
9,3,1.0,3.169925001442312,0
12,0,1.0,3.4182958340544896,0
9,0,1.0,2.2810361125534233,0
11,0,1.0,3.277613436819116,0
6,0,1.0,2.584962500721156,0
15,0,1.0769230769230769,3.2402239289418513,0
6,2,1.0,2.584962500721156,0
10,0,1.0,2.8464393446710154,0
11,2,1.0,3.277613436819116,0
14,0,1.0,2.9852281360342516,0
10,2,1.0,3.121928094887362,0
8,3,1.0,3.0,0
12,0,1.0,3.188721875540867,0
12,0,1.0,3.2516291673878226,0
11,0,1.0,3.027169118440619,0
14,0,1.0,3.378783493486176,0
8,0,1.0,3.0,0
14,0,1.0,3.521640636343319,0
10,0,1.0,3.321928094887362,0
8,0,1.0,2.5,0
12,0,1.2222222222222223,2.4508257945180882,0
6,0,1.0,2.584962500721156,0
13,0,1.0,3.238901256602631,0
11,5,1.0,3.0957952550009344,0
15,0,1.0,3.1898980954642875,0
15,0,1.0,3.456564762130954,0
14,0,1.0,3.521640636343319,0
10,0,1.0,2.6464393446710153,0
12,0,1.0,3.0220552088742,0
9,0,1.0,2.725480556997868,0
11,0,1.0,3.095795255000934,0
6,0,1.0,2.2516291673878226,0
11,0,1.0,3.0957952550009344,0
12,0,1.0,2.918295834054489,0
13,0,1.0,2.9689185639620974,0
11,0,1.0,3.0957952550009344,0
12,0,1.0,3.418295834054489,0
13,0,1.0,3.180832987205441,0
7,0,1.0,2.5216406363433186,0
7,0,1.0,2.521640636343318,0
14,0,1.0,3.3787834934861767,0
15,0,1.0,3.1898980954642875,0
10,0,1.0,2.5219280948873624,0
15,4,1.0,3.6402239289418516,0
10,0,1.0,3.121928094887362,0
14,0,1.0,3.521640636343319,0
8,0,1.0,2.4056390622295662,0
11,2,1.0,3.277613436819116,0
14,0,1.0833333333333333,3.182005814760214,0
12,0,1.0,3.4182958340544896,0
6,0,1.0,2.2516291673878226,0
15,0,1.0,3.373557262275185,0
13,0,1.0,3.0269868333592873,0
10,1,1.0,3.321928094887362,0
7,0,1.0,2.807354922057604,0
13,0,1.0,3.3927474104487847,0
6,0,1.0,2.584962500721156,0
10,0,1.0,2.9219280948873623,0
15,0,1.0769230769230769,3.0565647621309537,0
15,1,1.0,3.456564762130953,0
12,1,1.0,2.8553885422075336,0
10,0,1.0,2.8464393446710154,0
15,0,1.0,3.5068905956085183,0
13,0,1.0,3.085055102756477,0
11,5,1.0,3.459431618637298,0
12,0,1.0,3.2516291673878226,0
7,0,1.0,2.5216406363433186,0
9,4,1.0,2.94770277922009,0
15,0,1.2727272727272727,2.9232314287976204,0
14,0,1.0,3.182005814760214,0
13,4,1.0,3.7004397181410926,0
14,0,1.0833333333333333,2.9852281360342525,0
11,0,1.0,3.0957952550009344,0
8,3,1.1666666666666667,2.4056390622295662,0
11,0,1.0,3.0957952550009344,0
15,0,1.0,3.2402239289418517,0
7,0,1.0,2.1280852788913944,0
14,0,1.0,3.521640636343319,0
12,0,1.1,2.918295834054489,0
13,0,1.0,3.085055102756477,0
15,0,1.0,3.5068905956085183,0
11,0,1.0,3.2776134368191165,0
11,0,1.0,2.8453509366224368,0
14,1,1.0,3.039148671903071,0
6,0,1.0,2.251629167387823,0
15,4,1.0,3.773557262275185,0
9,4,1.0,2.6416041678685933,0
11,3,1.0,3.277613436819116,0
9,2,1.0,3.169925001442312,0
10,0,1.0,2.9219280948873623,0
8,0,1.0,2.75,0
11,0,1.0,2.6635327548042547,0
13,0,1.0,3.238901256602631,0
15,2,1.0,3.640223928941851,0
10,1,1.0,3.321928094887362,0
12,0,1.0,3.2516291673878226,0
13,0,1.0909090909090908,3.238901256602631,0
8,0,1.0,2.75,0
15,0,1.0769230769230769,3.2402239289418513,0
13,0,1.0,3.085055102756477,0
7,0,1.0,2.807354922057604,0
9,0,1.0,2.94770277922009,0
9,0,1.0,2.725480556997868,0
15,0,1.0,3.1068905956085184,0
14,0,1.0,3.2359263506290326,0
10,0,1.0,2.9219280948873623,0
12,0,1.0,3.2516291673878226,0
11,0,1.0,3.459431618637298,0
9,0,1.1428571428571428,2.725480556997868,0
9,0,1.0,2.94770277922009,0
13,0,1.0909090909090908,2.931208948910323,0
13,1,1.0909090909090908,2.8731406795131336,0
15,8,1.0,3.773557262275185,0
13,4,1.0,3.0269868333592873,0
11,4,1.0,3.459431618637298,0
11,2,1.0,3.2776134368191165,0
8,2,1.0,2.75,0
10,0,1.0,2.9219280948873623,0
12,0,1.0,2.8553885422075336,0
13,0,1.0,3.546593564294939,0
9,6,1.0,2.725480556997868,0
8,0,1.0,2.75,0
11,0,1.0,2.663532754804255,0
12,0,1.0,3.084962500721156,0
15,0,1.0,2.8662478973127308,0
14,0,1.0,2.950212064914747,0
15,4,1.0,3.5068905956085183,0
11,0,1.0,3.277613436819116,0
15,0,1.0,3.3232314287976203,0
13,0,1.0,3.3927474104487847,0
14,0,1.0,3.3787834934861767,0
12,0,1.0,3.0220552088742,0
9,1,1.0,3.169925001442312,0
14,4,1.0833333333333333,3.4677201004744997,0
13,0,1.0,3.0850551027564768,0
10,0,1.0,2.9219280948873623,0
14,0,1.0,3.521640636343319,0
11,0,1.0,2.845350936622437,0
13,0,1.0,3.0269868333592873,0
13,0,1.0,3.238901256602631,0
13,0,1.0,3.0269868333592873,0
15,2,1.0,3.773557262275185,0
9,0,1.0,2.94770277922009,1
10,0,1.0,3.121928094887362,0
7,0,1.0,2.807354922057604,0
8,0,1.0,2.4056390622295662,0
7,1,1.0,2.807354922057604,0
15,4,1.0769230769230769,3.1898980954642866,0
11,0,1.0,2.9139770731827523,0
15,0,1.0,3.373557262275185,0
10,0,1.0,3.121928094887362,0
11,0,1.0,2.845350936622437,0
8,0,1.0,2.4056390622295662,0
8,0,1.0,3.0,0
15,0,1.0,3.5068905956085183,0
6,0,1.0,2.584962500721156,0
15,0,1.0769230769230769,3.506890595608518,0
13,0,1.2,3.085055102756477,0
6,0,1.0,2.584962500721156,0
9,4,1.0,2.725480556997868,0
14,0,1.0,3.182005814760214,0
12,0,1.0,2.9182958340544896,0
15,1,1.0,3.6402239289418516,0
14,0,1.0,3.521640636343319,0
15,2,1.0,3.640223928941852,0
11,0,1.0,3.095795255000934,0
11,0,1.0,3.095795255000934,0
9,0,1.0,2.6416041678685933,0
12,0,1.0,3.584962500721156,0
11,0,1.0,3.459431618637298,0
5,2,1.0,2.321928094887362,0
11,5,1.0,3.277613436819116,0
15,2,1.0769230769230769,3.4565647621309536,0
13,0,1.0,3.5465935642949384,0
15,0,1.1666666666666667,2.8662478973127308,0
10,0,1.0,3.321928094887362,0
9,0,1.0,2.725480556997868,0
11,0,1.0,3.0957952550009344,0
8,0,1.0,2.5,0
7,0,1.0,2.2359263506290326,0
10,0,1.0,2.4464393446710155,0
14,0,1.0,3.182005814760214,1
14,2,1.0,3.521640636343319,0
13,0,1.0,3.3927474104487847,0
9,2,1.0,2.94770277922009,0
13,0,1.0,3.3927474104487847,0
6,1,1.0,1.9182958340544893,0
8,0,1.0,2.5,0
6,0,1.0,2.2516291673878226,0
12,2,1.0,3.418295834054489,0
10,0,1.0,3.321928094887362,0
10,1,1.0,2.8464393446710154,0
13,0,1.0,3.238901256602631,0
12,1,1.0,3.418295834054489,0
10,0,1.0,3.121928094887362,0
12,0,1.0,3.584962500721156,0
12,0,1.0,3.0849625007211556,0
11,0,1.0,3.277613436819116,0
12,0,1.0,3.418295834054489,0
14,0,1.0833333333333333,3.09306920777189,0
12,0,1.0,2.8553885422075336,0
15,6,1.0,3.3735572622751855,0
12,1,1.0,3.084962500721156,0
14,0,1.0,3.182005814760214,0
11,1,1.0,3.0957952550009344,0
9,0,1.0,3.169925001442312,0
12,0,1.0,2.625814583693911,0
15,0,1.0,3.456564762130953,0
12,2,1.0,3.418295834054489,0
9,2,1.0,2.94770277922009,0
11,0,1.0,3.027169118440619,0
15,0,1.0,3.189898095464287,0
15,3,1.0,3.773557262275185,0
15,0,1.0,3.5068905956085183,0
12,0,1.0,3.584962500721156,0
8,3,1.0,2.75,0
13,0,1.0,3.7004397181410926,0
6,0,1.0,2.2516291673878226,0
13,8,1.0,3.392747410448785,0
9,0,1.0,2.94770277922009,0
11,0,1.0,3.2776134368191165,0
10,0,1.0,3.121928094887362,0
14,0,1.0,2.950212064914747,0
15,0,1.0769230769230769,3.240223928941852,0
15,0,1.0,3.4565647621309536,0
14,0,1.0833333333333333,3.378783493486176,0
13,0,1.0,3.238901256602631,0
8,0,1.0,2.75,0
10,0,1.0,2.6464393446710153,0
9,0,1.0,2.94770277922009,0
9,0,1.0,2.94770277922009,0
15,0,1.0,3.1898980954642875,0
15,0,1.0,3.2402239289418517,0
15,0,1.0,3.2729055953200556,0
7,0,1.2,2.128085278891394,0
13,0,1.3333333333333333,2.6235166412180155,0
10,0,1.125,2.4464393446710155,0
6,0,1.0,2.584962500721156,0
5,2,1.0,2.321928094887362,0
10,0,1.0,3.321928094887362,0
11,0,1.0,3.0957952550009344,0
10,1,1.0,3.121928094887362,0
14,0,1.0833333333333333,3.039148671903071,0
12,2,1.0,3.0220552088742,0
8,0,1.0,2.75,0
10,0,1.2857142857142858,2.5219280948873624,0
15,0,1.0,3.106890595608519,0
10,0,1.125,2.321928094887362,0
11,0,1.0,2.9139770731827523,0
6,0,1.0,2.584962500721156,0
9,0,1.1428571428571428,2.6416041678685938,0
9,2,1.0,2.94770277922009,0
12,2,1.0,3.418295834054489,0
8,2,1.0,3.0,0
11,0,1.0,3.277613436819116,0
13,0,1.0,3.3927474104487847,0
15,0,1.0,3.5068905956085183,0
13,0,1.0,3.5465935642949384,0
12,2,1.0,3.418295834054489,0
8,0,1.0,3.0,0
13,0,1.0,3.5465935642949384,0
15,1,1.0,3.640223928941851,0
10,0,1.0,3.121928094887362,0
15,0,1.0,3.323231428797621,0
11,0,1.0,3.0957952550009344,0
13,0,1.0,3.5465935642949384,0
12,0,1.0,3.2516291673878226,0
10,0,1.0,3.121928094887362,0
15,8,1.1666666666666667,3.00623892865339,0
14,0,1.0,3.1820058147602133,0
12,0,1.0,3.0849625007211556,0
10,0,1.0,3.121928094887362,0
10,0,1.0,2.9219280948873623,0
14,2,1.0,3.378783493486176,0
8,0,1.0,3.0,1
15,2,1.0,3.373557262275185,0
11,0,1.0,3.277613436819116,0
12,0,1.0,3.2516291673878226,0
12,0,1.1,2.8553885422075336,0
14,0,1.0833333333333333,3.2359263506290334,0
13,4,1.0,3.238901256602631,0
12,0,1.1,2.8553885422075336,0
10,0,1.0,3.121928094887362,0
6,3,1.0,2.584962500721156,0
10,0,1.0,2.6464393446710153,0
10,0,1.0,2.6464393446710153,0
15,0,1.0,3.3232314287976203,0
15,0,1.0,3.5898980954642865,0
8,0,1.0,2.75,0
10,0,1.0,3.321928094887362,0
11,0,1.1111111111111112,2.9139770731827523,0
12,5,1.0,3.2516291673878226,0
15,1,1.0,3.189898095464287,0
8,0,1.0,3.0,0
9,2,1.0,3.169925001442312,0
12,0,1.0,2.8553885422075336,0
11,0,1.0,3.277613436819116,0
9,0,1.0,2.725480556997868,0
9,0,1.0,3.169925001442312,0
5,0,1.0,1.9219280948873623,0
15,0,1.0,3.5068905956085183,0
15,0,1.0,3.640223928941851,0
15,0,1.0769230769230769,3.189898095464287,0
10,2,1.125,2.9219280948873623,0
7,0,1.0,2.807354922057604,0
7,3,1.0,2.807354922057604,0
7,1,1.0,2.807354922057604,0
15,0,1.0,3.640223928941851,0
10,0,1.0,2.3219280948873626,0
11,0,1.0,3.459431618637298,0
15,0,1.0,3.32323142879762,0
11,0,1.1111111111111112,2.9139770731827523,0
12,0,1.0,3.2516291673878226,0
10,0,1.0,2.9219280948873623,0
11,0,1.0,3.095795255000934,0
12,0,1.0,3.418295834054489,0
12,0,1.0,3.2516291673878226,0
4,1,1.0,2.0,0
12,0,1.2222222222222223,2.4508257945180887,0
11,0,1.0,3.277613436819116,0
11,0,1.0,3.277613436819116,0
14,0,1.0,3.6644977792004623,0
14,0,1.0,3.521640636343319,0
10,0,1.0,3.121928094887362,0
10,0,1.0,2.9219280948873623,0
11,0,1.0,2.9139770731827523,0
7,1,1.0,2.5216406363433186,0
14,0,1.0,3.3787834934861767,0
13,0,1.0,3.3927474104487847,0
12,0,1.0,3.2516291673878226,0
13,0,1.0,3.0850551027564768,0
7,0,1.0,2.807354922057604,0
5,0,1.0,1.9219280948873623,0
13,0,1.0,3.5465935642949384,0
11,1,1.0,3.277613436819116,0
13,0,1.0,3.180832987205441,0
13,0,1.0,3.180832987205441,0
10,0,1.0,3.121928094887362,0
7,0,1.0,2.5216406363433186,0
13,2,1.0,3.7004397181410926,0
9,0,1.0,2.4193819456463714,0
12,0,1.0,3.418295834054489,0
12,0,1.0,3.418295834054489,0
12,0,1.0,3.2516291673878226,0
13,4,1.2,2.7773627950641693,0
12,0,1.0,3.188721875540867,0
9,0,1.0,2.725480556997868,0
10,0,1.0,3.121928094887362,0
15,1,1.0,3.1898980954642866,0
10,0,1.125,2.6464393446710153,0
15,2,1.0,3.240223928941852,0
11,0,1.0,3.0957952550009344,0
12,3,1.0,3.0220552088742,0
14,0,1.0,3.521640636343319,0
13,0,1.0,3.238901256602631,0
5,0,1.0,2.321928094887362,0
8,0,1.4,2.0,0
10,0,1.0,2.9219280948873623,0
9,0,1.0,2.725480556997868,0
11,0,1.0,3.095795255000934,0
10,0,1.0,2.446439344671015,0
12,0,1.0,3.0849625007211556,0
12,0,1.0,3.188721875540867,0
7,2,1.0,2.5216406363433186,0
6,0,1.0,2.2516291673878226,0
15,0,1.0,3.1395722619867223,0
6,0,1.0,2.584962500721156,0
11,0,1.1111111111111112,2.7321588913645707,0
9,0,1.0,2.94770277922009,0
12,0,1.0,3.418295834054489,0
6,0,1.0,2.2516291673878226,0
15,0,1.0,3.189898095464287,0
11,2,1.0,3.0957952550009344,0
8,2,1.0,3.0,0
8,2,1.0,2.75,0
11,0,1.0,2.9139770731827523,0
15,0,1.0,3.4565647621309536,0
12,0,1.0,2.792481250360578,0
9,0,1.0,2.6416041678685933,0
10,0,1.0,2.6464393446710157,0
14,0,1.0,2.8962915290459277,0
14,0,1.0,3.521640636343319,0
14,0,1.0,3.182005814760214,0
11,0,1.0,3.277613436819116,0
15,2,1.0,3.32323142879762,0
5,0,1.0,1.9219280948873623,0
14,0,1.0,3.6644977792004623,0
5,0,1.0,2.321928094887362,0
15,1,1.0,3.189898095464288,0
11,0,1.0,3.0957952550009344,0
8,0,1.0,2.75,0
12,0,1.0,2.688721875540867,0
8,2,1.0,2.75,0
9,0,1.0,2.725480556997868,0
8,0,1.0,2.5,0
13,3,1.0,3.238901256602631,0
15,0,1.1666666666666667,3.0565647621309537,0
13,0,1.2,2.6031579868726,0
7,2,1.0,2.521640636343318,0
10,0,1.0,3.121928094887362,0
9,3,1.0,3.169925001442312,0
14,0,1.0,3.182005814760214,0
13,0,1.2,2.133937566094917,0
11,0,1.1111111111111112,2.5949066182439395,0
9,0,1.0,2.94770277922009,0
11,0,1.0,3.0957952550009344,0
12,0,1.0,2.918295834054489,0
12,0,1.0,3.584962500721156,0
8,0,1.0,2.5,0
14,0,1.0,3.182005814760214,0
10,3,1.0,2.9219280948873623,0
11,0,1.0,3.0957952550009344,0
9,0,1.0,2.725480556997868,0
9,4,1.0,2.94770277922009,0
7,0,1.0,1.950212064914747,0
14,0,1.0833333333333333,3.3248629576173574,0
9,3,1.1428571428571428,2.5032583347756456,0
11,0,1.0,3.027169118440619,0
15,0,1.0,3.3735572622751846,0
12,0,1.0,3.188721875540867,0
10,0,1.0,3.321928094887362,0
8,0,1.0,2.5,0
10,0,1.0,2.1709505944546685,0
14,0,1.0833333333333333,2.9852281360342516,0
12,0,1.0,3.084962500721156,0
12,1,1.375,2.5849625007211556,0
10,0,1.0,2.9219280948873623,0
13,0,1.0,3.180832987205441,0
8,0,1.0,2.75,0
3,3,1.0,1.584962500721156,0
15,0,1.0,3.4565647621309536,0
12,0,1.0,3.2516291673878226,0
14,0,1.0,3.182005814760214,0
11,0,1.0,3.0957952550009344,0
14,0,1.0,3.182005814760214,0
13,2,1.0,3.238901256602631,0
13,0,1.0,3.546593564294939,0
14,0,1.3,3.039148671903071,0
15,0,1.0,3.323231428797621,0
10,0,1.0,2.9219280948873623,0
11,0,1.0,3.095795255000934,0
9,2,1.0,3.169925001442312,0
9,3,1.0,3.169925001442312,0
13,0,1.0,2.873140679513133,0
12,0,1.0,3.084962500721156,0
13,4,1.2,3.238901256602631,0
9,1,1.0,2.5032583347756456,0
12,0,1.0,3.2516291673878226,0
11,0,1.0,3.095795255000934,0
14,0,1.0,3.182005814760214,0
13,0,1.0,2.8731406795131336,0
11,1,1.1111111111111112,2.845350936622437,0
8,0,1.0,2.75,0
15,0,1.0,3.1898980954642875,0
9,0,1.0,3.169925001442312,0
12,0,1.0,3.2516291673878226,0
15,0,1.0769230769230769,3.3735572622751846,0
14,0,1.0,3.378783493486176,0
12,0,1.0,3.584962500721156,0
15,0,1.0,3.240223928941852,0
11,0,1.0,3.095795255000934,0
8,2,1.0,3.0,0
7,0,1.0,2.5216406363433186,0
9,0,1.0,2.5032583347756456,0
15,0,1.0,2.923231428797621,0
14,0,1.0,3.09306920777189,0
5,0,1.0,1.9219280948873623,0
14,0,1.0,3.182005814760214,0
12,0,1.375,2.918295834054489,0
10,2,1.0,2.9219280948873623,0
12,3,1.0,3.2516291673878226,0
15,0,1.0769230769230769,3.189898095464287,0
8,3,1.0,2.75,0
11,0,1.0,2.913977073182752,0
14,1,1.0,3.378783493486176,0
10,0,1.0,3.121928094887362,0
8,0,1.1666666666666667,2.25,0
12,0,1.0,3.188721875540867,0
15,1,1.0,3.3232314287976203,0
14,0,1.1818181818181819,2.950212064914748,0
12,3,1.0,3.0220552088742,0
14,0,1.0,3.09306920777189,0
8,1,1.0,2.75,0
13,1,1.0,3.3927474104487847,0
11,0,1.1111111111111112,2.845350936622437,0
10,0,1.0,3.1219280948873624,0
13,0,1.0909090909090908,3.180832987205441,0
12,0,1.0,3.418295834054489,0
15,0,1.0,3.3232314287976203,0
12,0,1.0,3.188721875540867,0
8,0,1.0,2.4056390622295662,0
9,0,1.0,2.94770277922009,0
8,0,1.0,2.75,0
10,0,1.0,3.121928094887362,0
6,0,1.0,2.584962500721156,0
9,1,1.0,2.6416041678685933,0
13,0,1.0,2.7773627950641697,0
11,0,1.0,2.9139770731827523,0
12,0,1.0,2.792481250360578,0
14,0,1.0833333333333333,3.3248629576173565,0
12,0,1.0,3.0220552088742005,0
14,0,1.0,3.182005814760214,0
8,0,1.0,2.75,0
13,0,1.0,2.8150724101159437,0
11,0,1.0,3.0957952550009344,0
8,0,1.0,2.5,0
10,0,1.0,3.321928094887362,0
10,2,1.0,3.121928094887362,0
11,0,1.0,3.095795255000934,0
12,2,1.0,3.0849625007211556,0
15,0,1.0,3.189898095464287,0
10,0,1.0,2.7219280948873625,0
13,0,1.0909090909090908,3.085055102756477,0
9,0,1.0,2.725480556997868,0
9,0,1.0,2.725480556997868,0
8,2,1.0,3.0,0
10,0,1.0,3.121928094887362,0
13,0,1.0,3.238901256602631,0
14,0,1.0,3.378783493486176,0
14,0,1.0833333333333333,3.52164063634332,0
9,0,1.0,2.6416041678685933,0
9,0,1.0,3.169925001442312,0
10,0,1.0,2.9219280948873623,0
11,0,1.0,3.095795255000934,0
13,2,1.0909090909090908,3.238901256602631,0
13,5,1.0,3.3927474104487847,0
8,4,1.0,2.25,0
6,0,1.0,2.2516291673878226,0
14,0,1.0,3.2359263506290334,0
8,0,1.0,3.0,0
13,0,1.0,3.3927474104487847,0
12,0,1.1,3.084962500721156,0
15,0,1.0769230769230769,3.3232314287976203,0
9,0,1.0,2.725480556997868,1
13,0,1.0,3.5465935642949384,0
13,2,1.0,3.180832987205441,0
12,2,1.0,3.418295834054489,0
9,1,1.0,3.169925001442312,0
8,0,1.1666666666666667,2.1556390622295662,0
15,4,1.0,3.2402239289418513,0
13,0,1.0,3.3927474104487847,0
13,0,1.0909090909090908,2.8731406795131336,0
15,0,1.0,3.506890595608518,0
13,0,1.0,3.3927474104487847,0
14,0,1.0,3.378783493486176,0
13,0,1.0,3.3927474104487847,0
12,0,1.0,2.751629167387823,0
15,0,1.0,3.323231428797621,0
7,0,1.0,2.5216406363433186,0
13,1,1.0,3.5465935642949384,0
11,0,1.0,2.8453509366224368,0
15,0,1.0,3.32323142879762,0
11,0,1.0,2.663532754804255,0
11,0,1.0,3.0957952550009344,0
15,0,1.0,3.5068905956085183,0
12,0,1.0,2.8553885422075336,0
12,0,1.0,3.2516291673878226,0
8,0,1.0,3.0,0
14,0,1.4444444444444444,2.5495234595978324,0
7,0,1.0,2.807354922057604,0
11,0,1.0,3.0957952550009344,0
10,4,1.0,3.321928094887362,0
11,1,1.0,3.459431618637298,0
10,1,1.0,3.321928094887362,0
15,0,1.0,3.0565647621309537,0
13,0,1.0,3.0269868333592873,0
11,0,1.0,3.2776134368191165,0
7,0,1.0,2.521640636343318,0
14,0,1.1818181818181819,3.2359263506290334,0
14,0,1.0,3.521640636343319,0
5,3,1.0,2.321928094887362,0
12,0,1.0,3.2516291673878226,0
9,0,1.0,2.725480556997868,0
14,2,1.0,3.3248629576173574,0
11,0,1.0,2.9139770731827523,0
15,1,1.0,3.640223928941851,0
14,0,1.0,3.3787834934861767,0
11,1,1.0,3.095795255000934,0
15,2,1.0,3.906890595608518,0
11,0,1.0,3.459431618637298,0
9,2,1.0,3.169925001442312,0
7,1,1.0,2.807354922057604,0
15,0,1.0,3.189898095464287,0
11,0,1.0,3.2776134368191165,0
14,0,1.0,3.378783493486176,0
13,0,1.0,3.3927474104487847,0
15,0,1.0,3.323231428797621,0
8,0,1.0,3.0,0
15,0,1.5555555555555556,2.7395722619867224,0
12,0,1.375,2.9182958340544896,0
9,0,1.0,2.94770277922009,0
13,0,1.0,3.3927474104487847,0
7,0,1.0,2.521640636343318,0
10,0,1.0,2.9219280948873623,0
10,0,1.0,3.121928094887362,0
8,0,1.0,3.0,0
11,0,1.0,2.845350936622437,0
12,0,1.0,3.584962500721156,0
14,0,1.0833333333333333,3.2359263506290326,0
12,0,1.0,3.418295834054489,0
7,0,1.0,2.2359263506290326,0
9,0,1.0,2.94770277922009,0
8,2,1.0,2.5,0
8,0,1.0,3.0,0
10,0,1.0,3.121928094887362,0
9,0,1.0,2.94770277922009,0
10,0,1.0,2.721928094887362,0
9,4,1.1428571428571428,2.6416041678685933,0
15,2,1.0,3.373557262275185,0
12,0,1.0,3.584962500721156,0
15,2,1.0,3.906890595608518,0
6,0,1.0,2.2516291673878226,0
7,0,1.0,2.5216406363433186,0
15,0,1.0,3.7735572622751845,0
15,4,1.0,3.5068905956085183,0
9,0,1.0,3.169925001442312,0
7,0,1.0,2.5216406363433186,0
8,0,1.0,2.5,0
12,0,1.0,2.751629167387823,0
14,0,1.0,3.3248629576173574,0
11,0,1.0,3.0957952550009344,0
11,2,1.0,3.277613436819116,0
8,0,1.0,2.75,0
9,1,1.0,2.6416041678685933,0
12,0,1.0,3.418295834054489,0
15,1,1.0,3.4565647621309536,0
11,0,1.0,2.9139770731827523,0
5,0,1.0,2.321928094887362,0
7,0,1.0,2.807354922057604,0
12,1,1.1,2.6887218755408666,0
13,3,1.0,3.238901256602631,0
13,0,1.0,3.180832987205441,0
11,0,1.0,3.095795255000934,0
7,0,1.0,2.807354922057604,0
8,0,1.0,3.0,0
14,0,1.0,3.09306920777189,0
15,0,1.0,3.6402239289418516,0
11,0,1.0,2.8453509366224368,0
13,0,1.2,3.238901256602631,0
8,0,1.0,2.5,0
11,2,1.0,3.277613436819116,0
11,0,1.0,3.0957952550009344,0
15,4,1.0,3.640223928941852,0
10,0,1.0,3.121928094887362,0
11,0,1.0,3.027169118440619,0
13,0,1.0909090909090908,3.0269868333592873,0
10,0,1.0,2.9219280948873623,0
5,0,1.0,2.321928094887362,0
7,0,1.0,2.807354922057604,0
13,0,1.0,3.0850551027564768,0
8,3,1.0,3.0,0
12,0,1.0,3.2516291673878226,0
13,0,1.0,3.0269868333592873,0
12,0,1.0,3.418295834054489,0
10,0,1.0,3.1219280948873624,0
9,2,1.0,2.94770277922009,0
9,0,1.0,2.94770277922009,0
8,0,1.0,3.0,0
11,0,1.0,2.845350936622437,0
15,8,1.0,3.640223928941852,0
6,0,1.0,2.584962500721156,0
8,0,1.0,2.1556390622295662,0
12,0,1.0,3.418295834054489,0
14,0,1.0,3.2359263506290334,0
15,0,1.0769230769230769,3.056564762130954,0
15,4,1.0,3.456564762130953,0
10,0,1.0,2.3219280948873626,0
8,0,1.0,2.5,0
9,0,1.1428571428571428,2.725480556997868,0
12,0,1.1,3.0220552088742,0
13,2,1.0,3.5465935642949384,0
11,0,1.0,2.913977073182752,0
8,0,1.0,2.5,0
11,0,1.1111111111111112,2.8453509366224368,0
7,0,1.0,1.9502120649147465,0
15,0,1.1666666666666667,3.0062389286533895,0
10,0,1.0,3.321928094887362,0
10,0,1.125,2.6464393446710153,0
14,0,1.0833333333333333,2.950212064914747,0
6,0,1.0,2.584962500721156,0
8,2,1.0,3.0,0
15,0,1.0769230769230769,3.2729055953200556,0
10,0,1.125,2.6464393446710153,0
13,0,1.0,3.3927474104487847,0
14,0,1.0,3.521640636343319,0
15,0,1.0769230769230769,3.32323142879762,0
10,0,1.0,3.121928094887362,0
12,0,1.0,3.2516291673878226,0
7,0,1.0,2.807354922057604,0
12,0,1.1,2.918295834054489,0
12,0,1.0,3.418295834054489,0
10,0,1.2857142857142858,2.4464393446710155,0
14,0,1.0,3.09306920777189,0
13,0,1.0,3.3927474104487847,0
10,0,1.0,3.121928094887362,0
14,0,1.0,3.039148671903072,0
12,2,1.0,3.2516291673878226,0
14,0,1.0,3.182005814760214,0
14,0,1.0833333333333333,3.3248629576173574,0
14,1,1.0,3.6644977792004623,0
8,2,1.0,2.75,0
10,0,1.0,3.121928094887362,0
15,0,1.0,3.5068905956085183,0
10,4,1.0,3.1219280948873624,0
9,0,1.0,2.9477027792200903,0
13,0,1.2,3.0269868333592873,0
11,0,1.0,3.2776134368191165,0
15,0,1.0,3.5068905956085183,0
3,0,1.0,1.584962500721156,0
13,0,1.0,3.3927474104487847,0
10,0,1.0,2.9219280948873623,0
12,0,1.0,3.188721875540867,0
7,0,1.0,2.807354922057604,0
11,4,1.0,3.277613436819116,0
15,2,1.0,3.7735572622751845,0
15,0,1.0,3.640223928941851,0
13,0,1.0,3.3927474104487847,0
10,0,1.125,2.9219280948873623,0
12,0,1.0,3.0220552088742,0
9,0,1.0,2.94770277922009,0
7,0,1.2,1.950212064914747,0
4,0,1.0,2.0,0
10,0,1.0,3.321928094887362,0
11,0,1.0,3.2776134368191165,0
15,0,1.0769230769230769,3.189898095464287,0
13,0,1.0,2.9312089489103235,0
11,0,1.0,3.459431618637298,0
8,0,1.0,2.5,0
11,1,1.1111111111111112,3.0957952550009344,0
12,0,1.0,3.0220552088742,0
11,0,1.0,3.095795255000934,0
12,0,1.1,3.2516291673878226,0
15,0,1.0,3.106890595608519,0
15,3,1.0,3.7735572622751845,0
14,0,1.0,3.3248629576173574,0
13,0,1.0,3.085055102756477,0
10,0,1.0,3.121928094887362,0
11,0,1.0,3.459431618637298,0
13,0,1.0,3.3927474104487847,0
10,0,1.125,2.6464393446710153,0
12,0,1.0,3.4182958340544896,0
12,0,1.1,2.8553885422075336,0
8,0,1.1666666666666667,2.0,0
10,0,1.0,3.121928094887362,0
7,0,1.0,2.807354922057604,0
9,0,1.0,2.725480556997868,0
11,0,1.1111111111111112,2.845350936622437,0
12,0,1.0,3.0849625007211556,0
13,0,1.0,3.085055102756477,0
9,4,1.0,2.725480556997868,0
8,0,1.0,3.0,0
12,0,1.0,3.0220552088742,0
9,0,1.0,3.169925001442312,0
14,0,1.0,3.3787834934861767,0
12,0,1.0,2.9182958340544896,0
13,0,1.0909090909090908,2.6612262562697895,0
8,0,1.1666666666666667,2.1556390622295662,0
13,0,1.0,3.180832987205441,0
8,0,1.0,2.75,0
10,0,1.125,2.6464393446710153,0
10,1,1.0,2.9219280948873623,0
11,0,1.0,3.027169118440619,0
12,0,1.0,3.0849625007211556,0
14,2,1.0,3.521640636343319,0
12,0,1.0,3.2516291673878226,0
15,0,1.0,3.3232314287976203,0
10,2,1.0,2.9219280948873623,0
12,4,1.0,3.418295834054489,0
12,0,1.0,3.2516291673878226,0
14,1,1.0,3.521640636343319,0
7,0,1.0,2.5216406363433186,0
12,3,1.0,3.4182958340544896,0
14,0,1.0,3.2359263506290326,0
11,0,1.0,3.459431618637298,0
8,0,1.0,3.0,0
11,1,1.0,3.459431618637298,0
12,0,1.0,3.0220552088742,0
14,1,1.0833333333333333,3.182005814760214,0
9,0,1.0,2.4193819456463714,0
13,0,1.0,3.5465935642949384,0
10,0,1.0,2.721928094887362,0
9,0,1.0,2.725480556997868,0
11,3,1.0,3.277613436819116,0
8,0,1.0,2.75,0
13,0,1.0,3.180832987205441,0
12,0,1.1,3.0220552088742,0
11,0,1.0,2.7321588913645707,0
7,1,1.0,2.807354922057604,0
7,0,1.0,1.6644977792004614,0
11,2,1.0,3.277613436819116,0
13,0,1.0,3.0850551027564768,0
10,2,1.0,2.9219280948873623,0
10,0,1.0,3.121928094887362,0
15,0,1.0,2.7898980954642867,0
15,0,1.0,3.4565647621309536,0
14,2,1.0,2.950212064914747,0
10,0,1.0,3.121928094887362,0
10,0,1.2857142857142858,2.121928094887362,0
11,2,1.1111111111111112,3.0957952550009344,0
9,0,1.0,2.725480556997868,0
12,0,1.0,3.0220552088742,0
15,0,1.0,3.5068905956085183,1
15,0,1.0,3.640223928941851,0
15,0,1.0,3.4565647621309536,0
13,0,1.0,3.238901256602631,0
10,0,1.0,3.321928094887362,0
12,0,1.0,3.2516291673878226,0
14,0,1.0,3.4677201004745006,0
8,0,1.0,3.0,0
14,0,1.0833333333333333,3.3248629576173574,0
14,0,1.0833333333333333,3.039148671903071,0
13,0,1.0,3.3927474104487847,0
12,0,1.0,2.792481250360578,0
15,0,1.1666666666666667,3.1395722619867223,0
11,0,1.0,3.277613436819116,0
10,0,1.0,2.9219280948873623,0
14,0,1.0,3.3248629576173574,0
11,1,1.0,3.277613436819116,0
9,0,1.0,2.5032583347756456,0
12,0,1.0,2.918295834054489,0
7,2,1.0,2.807354922057604,0
13,0,1.0909090909090908,2.7192945256669794,0
6,3,1.0,2.584962500721156,0
10,0,1.0,3.321928094887362,0
15,0,1.0,2.9735572622751856,0
11,0,1.0,2.9139770731827523,0
10,0,1.125,2.6464393446710153,0
11,0,1.0,3.277613436819116,0
10,1,1.0,3.1219280948873624,0
12,0,1.1,3.2516291673878226,0
12,0,1.0,3.2516291673878226,0
13,0,1.0,2.9689185639620974,0
15,0,1.0,2.923231428797621,0
8,0,1.0,3.0,0
13,0,1.0,3.238901256602631,0
14,0,1.1818181818181819,3.182005814760214,0
6,0,1.0,2.584962500721156,0
8,0,1.0,2.75,0
10,1,1.0,2.6464393446710153,0
9,0,1.0,3.169925001442312,0
13,0,1.0,3.7004397181410926,0
12,8,1.0,3.418295834054489,0
15,3,1.0,3.6402239289418516,0
8,0,1.0,2.5,0
15,0,1.1666666666666667,3.189898095464287,0
8,0,1.0,2.75,0
8,0,1.0,3.0,0
8,0,1.0,2.75,0
12,0,1.0,2.625814583693911,1
13,4,1.0909090909090908,2.9312089489103235,0
5,0,1.0,2.321928094887362,0
15,0,1.4,2.3329145639793976,0
10,3,1.0,3.321928094887362,0
9,0,1.0,2.94770277922009,0
12,1,1.0,3.2516291673878226,0
13,0,1.0,2.9312089489103235,0
10,0,1.0,2.9219280948873623,0
12,0,1.0,2.751629167387823,0
10,2,1.0,2.9219280948873623,0
13,1,1.0,3.3927474104487847,0
15,0,1.0,3.640223928941851,0
7,0,1.0,2.807354922057604,0
10,0,1.125,2.6464393446710157,0
11,0,1.0,3.027169118440619,0
14,0,1.3,3.039148671903072,0
10,0,1.0,2.9219280948873623,0
9,0,1.0,2.2810361125534233,0
8,4,1.0,2.1556390622295662,0
11,0,1.0,3.027169118440619,0
11,4,1.0,3.277613436819116,0
12,0,1.1,2.9182958340544896,0
8,0,1.0,2.75,0
8,0,1.0,2.4056390622295662,0
15,0,1.0,3.323231428797621,0
14,0,1.0,3.521640636343319,0
11,0,1.0,2.9139770731827523,0
14,0,1.0,2.8423709931771093,0
13,0,1.0,3.3927474104487847,0
6,0,1.0,2.2516291673878226,0
11,0,1.1111111111111112,2.663532754804255,0
15,0,1.0,3.1395722619867232,0
9,0,1.0,2.5032583347756456,0
8,0,1.0,2.75,0
8,0,1.0,2.75,0
6,0,1.0,2.584962500721156,0
13,2,1.0,3.5465935642949384,0
15,2,1.0,3.506890595608518,0
14,0,1.0,3.182005814760214,0
7,3,1.0,2.521640636343318,0
10,0,1.0,3.121928094887362,0
7,0,1.0,2.521640636343318,0
6,2,1.0,2.2516291673878226,0
10,0,1.0,3.121928094887362,0
12,0,1.1,2.8553885422075336,0
9,0,1.0,2.725480556997868,0
12,4,1.2222222222222223,2.7516291673878226,0
8,0,1.0,2.75,0
11,0,1.0,3.027169118440619,0
10,0,1.0,3.121928094887362,0
14,0,1.0,3.3248629576173574,0
8,0,1.0,2.4056390622295662,0
10,0,1.125,2.721928094887362,0
14,3,1.0,3.2359263506290334,0
11,0,1.0,2.8453509366224368,0
15,0,1.0769230769230769,2.789898095464287,0
14,0,1.0,3.3248629576173574,0
12,3,1.0,3.418295834054489,0
12,0,1.0,3.418295834054489,0
12,0,1.0,3.0849625007211556,0
9,0,1.0,3.169925001442312,0
11,2,1.0,3.095795255000934,0
15,0,1.0,3.056564762130954,0
8,1,1.0,2.75,0
13,0,1.0,3.3927474104487847,0
10,3,1.0,3.121928094887362,0
13,0,1.0,3.3927474104487847,0
13,0,1.0,2.9312089489103235,0
8,0,1.0,2.0,0
14,0,1.0,3.378783493486176,0
6,0,1.0,2.584962500721156,0
11,1,1.0,3.0957952550009344,0
15,0,1.0,3.323231428797621,0
15,1,1.0,3.373557262275185,0
12,0,1.0,3.2516291673878226,0
12,0,1.0,3.084962500721156,0
8,3,1.0,3.0,0
12,0,1.0,3.418295834054489,0
14,0,1.0,3.182005814760214,0
13,0,1.0,3.238901256602631,0
9,0,1.1428571428571428,2.197159723424149,0
9,0,1.0,2.94770277922009,0
8,2,1.0,2.75,0
9,4,1.0,3.169925001442312,0
8,1,1.0,3.0,0
14,0,1.0,3.2359263506290326,0
8,0,1.0,2.75,0
12,0,1.0,3.2516291673878226,0
13,0,1.0909090909090908,3.238901256602631,0
8,0,1.0,3.0,0
9,3,1.0,2.725480556997868,0
7,0,1.0,2.807354922057604,0
7,0,1.0,2.5216406363433186,0
8,4,1.0,3.0,0
10,2,1.0,2.9219280948873623,0
10,0,1.0,3.121928094887362,0
10,0,1.0,2.7219280948873625,0
6,3,1.0,2.251629167387823,0
15,2,1.0,3.640223928941851,0
8,0,1.0,2.75,0
8,2,1.0,3.0,0
12,0,1.0,2.688721875540867,0
7,0,1.0,2.5216406363433186,0
15,2,1.0,3.640223928941851,0
15,1,1.0,3.773557262275185,0
11,0,1.0,2.9139770731827523,0
14,0,1.0833333333333333,3.2359263506290334,0
14,0,1.3,3.039148671903071,0
10,0,1.0,3.121928094887362,0
11,1,1.0,2.9139770731827523,0
12,0,1.0,3.2516291673878226,0
8,2,1.0,3.0,0
7,0,1.0,2.2359263506290326,0
10,0,1.2857142857142858,2.721928094887362,0
12,2,1.0,3.2516291673878226,0
15,3,1.0,3.5068905956085183,0
12,0,1.2222222222222223,2.2841591278514217,0
14,3,1.0833333333333333,3.3248629576173574,0
7,0,1.0,2.5216406363433186,0
12,0,1.0,3.0220552088742,0
12,0,1.1,2.625814583693911,1
8,2,1.0,3.0,0
8,0,1.0,2.75,0
13,0,1.0,3.3927474104487847,0
6,0,1.25,1.9182958340544893,0
15,1,1.0769230769230769,3.3735572622751846,0
9,0,1.0,2.94770277922009,0
9,0,1.0,2.94770277922009,0
14,0,1.0833333333333333,2.8073549220576037,0
13,0,1.0,2.9689185639620974,0
13,0,1.0,3.3927474104487847,0
14,0,1.0,3.3248629576173574,0
9,0,1.0,3.169925001442312,0
13,0,1.0,3.238901256602631,0
14,2,1.0,3.52164063634332,0
11,0,1.1111111111111112,2.663532754804255,0
12,0,1.0,3.0849625007211556,0
6,0,1.6666666666666667,1.2516291673878228,0
12,0,1.0,3.084962500721156,0
10,4,1.0,3.321928094887362,0
8,0,1.0,3.0,0
9,0,1.0,2.94770277922009,0
7,0,1.0,1.6644977792004614,0
11,0,1.0,2.8453509366224368,0
9,0,1.0,2.6416041678685933,0
12,0,1.0,3.418295834054489,0
6,3,1.0,2.2516291673878226,0
15,0,1.1666666666666667,2.9232314287976204,0
12,0,1.0,3.084962500721156,0
14,0,1.0833333333333333,3.378783493486176,0
8,0,1.1666666666666667,2.1556390622295662,0
11,0,1.0,3.459431618637298,0
13,2,1.0909090909090908,2.7192945256669794,0
13,3,1.0,3.7004397181410926,0
12,0,1.0,2.8553885422075336,0
13,0,1.0,3.085055102756477,0
13,0,1.0,2.873140679513133,0
10,0,1.0,2.8464393446710154,0
13,0,1.0,3.180832987205441,0
15,1,1.0769230769230769,3.2402239289418517,0
12,3,1.0,3.418295834054489,0
14,1,1.0,3.039148671903072,0
14,0,1.0833333333333333,2.950212064914747,0
15,0,1.0,3.640223928941851,0
15,0,1.0,3.323231428797621,0
11,2,1.0,3.277613436819116,0
12,0,1.0,3.2516291673878226,0
15,1,1.0,3.773557262275185,0
9,0,1.3333333333333333,2.113283334294875,0
10,2,1.0,2.6464393446710153,0
13,0,1.0909090909090908,3.0850551027564768,0
8,2,1.0,3.0,0
10,0,1.0,2.721928094887362,0
6,4,1.0,2.2516291673878226,0
10,0,1.0,3.121928094887362,0
12,1,1.0,3.2516291673878226,0
7,0,1.0,2.5216406363433186,0
10,0,1.0,3.121928094887362,0
7,0,1.0,2.235926350629032,0
13,0,1.0,3.238901256602631,0
12,2,1.0,2.9182958340544896,0
12,0,1.0,3.2516291673878226,0
12,0,1.0,3.584962500721156,0
8,1,1.0,3.0,0
10,0,1.0,3.1219280948873624,0
7,0,1.0,2.807354922057604,0
14,0,1.0833333333333333,2.8962915290459277,0
11,0,1.0,2.7321588913645702,0
15,0,1.0,3.773557262275185,0
14,1,1.0833333333333333,3.3787834934861767,0
9,0,1.0,3.169925001442312,0
9,2,1.0,2.94770277922009,0
11,0,1.0,3.095795255000934,0
12,0,1.0,3.2516291673878226,0
13,0,1.0909090909090908,3.238901256602631,0
15,0,1.0,3.640223928941852,0
13,0,1.0,3.0850551027564768,1
15,0,1.0,3.6402239289418516,0
12,0,1.0,3.0220552088742,0
11,0,1.0,2.9139770731827523,0
9,0,1.0,2.94770277922009,0
9,1,1.0,3.169925001442312,0
12,3,1.0,3.084962500721156,0
15,0,1.1666666666666667,2.9735572622751847,0
14,0,1.0,3.2359263506290334,0
10,0,1.0,3.121928094887362,0
9,0,1.0,2.94770277922009,0
15,0,1.0,3.139572261986723,0
11,0,1.0,3.277613436819116,0
11,0,1.0,2.8453509366224368,0
9,2,1.0,2.725480556997868,0
10,0,1.2857142857142858,2.1709505944546685,0
9,0,1.0,2.5032583347756456,0
15,0,1.0,3.640223928941852,0
7,4,1.0,2.521640636343318,0
7,2,1.0,2.807354922057604,0
13,0,1.0909090909090908,2.8150724101159437,0
11,0,1.0,3.0957952550009344,0
5,0,1.0,2.321928094887362,0
10,0,1.0,2.9219280948873623,0
12,0,1.1,2.918295834054489,0
12,0,1.0,2.8553885422075336,0
11,1,1.0,3.027169118440619,0
14,0,1.0,3.182005814760214,0
12,0,1.0,3.084962500721156,0
15,4,1.0,3.640223928941851,0
10,0,1.0,3.121928094887362,1
11,0,1.0,3.2776134368191165,0
15,0,1.0,3.1898980954642866,0
9,2,1.0,3.169925001442312,0
9,2,1.0,3.169925001442312,0
15,0,1.0,3.373557262275185,0
10,0,1.0,2.5219280948873624,0
12,0,1.0,3.4182958340544896,0
8,1,1.0,2.75,0
10,0,1.0,3.1219280948873624,0
13,0,1.0,3.3927474104487847,0
15,0,1.0,3.506890595608519,0
10,0,1.0,2.9219280948873623,0
12,0,1.1,2.9182958340544896,0
10,0,1.125,2.4464393446710155,0
11,0,1.0,2.663532754804255,0
10,0,1.0,3.121928094887362,0
14,0,1.0,3.2359263506290334,0
7,0,1.0,2.521640636343318,0
8,0,1.0,2.4056390622295662,0
12,0,1.1,3.2516291673878226,0
13,0,1.0909090909090908,2.9689185639620974,0
9,0,1.0,2.725480556997868,0
12,0,1.1,3.084962500721156,0
12,0,1.0,2.9182958340544896,0
8,0,1.4,1.811278124459133,1
13,2,1.0,2.9312089489103235,0
11,0,1.0,3.0957952550009344,0
9,2,1.0,2.94770277922009,0
9,0,1.0,3.169925001442312,0
15,0,1.0,3.189898095464288,0
15,0,1.1666666666666667,3.1898980954642875,0
9,1,1.0,3.169925001442312,0
15,1,1.0769230769230769,3.456564762130953,0
15,0,1.2727272727272727,3.2402239289418526,0
13,0,1.2,2.8150724101159437,0
15,1,1.0,3.5898980954642865,0
14,0,1.4444444444444444,2.896291529045928,0
11,0,1.0,3.2776134368191165,0
12,0,1.0,3.0220552088742005,0
10,0,1.0,2.9219280948873623,0
15,0,1.0,2.789898095464287,0
10,3,1.0,3.121928094887362,0
9,0,1.0,2.4193819456463714,0
15,1,1.0,3.5898980954642865,0
14,0,1.0,3.521640636343319,0
8,0,1.0,2.4056390622295662,0
14,0,1.0833333333333333,3.039148671903071,0
12,0,1.1,3.0849625007211556,0
8,0,1.0,2.75,0
9,4,1.0,3.169925001442312,0
10,0,1.0,3.321928094887362,0
15,0,1.0769230769230769,3.323231428797621,0
15,0,1.0769230769230769,3.2402239289418517,0
7,1,1.0,2.807354922057604,0
14,0,1.0,3.3248629576173574,0
11,0,1.0,3.2776134368191165,0
13,0,1.0,2.9689185639620974,0
6,0,1.0,2.2516291673878226,0
14,0,1.0,3.378783493486176,0
13,0,1.0909090909090908,2.931208948910323,0
15,0,1.0,3.323231428797621,0
12,0,1.0,2.918295834054489,0
10,0,1.0,2.9219280948873623,0
7,0,1.0,2.807354922057604,0
9,2,1.0,2.94770277922009,0
13,0,1.0909090909090908,3.238901256602631,0
10,0,1.0,2.9219280948873623,0
11,2,1.1111111111111112,3.095795255000934,0
8,2,1.0,3.0,0
13,0,1.0,3.3927474104487847,0
14,0,1.0,3.521640636343319,0
15,1,1.0,3.640223928941852,0
8,0,1.0,3.0,0
14,2,1.0833333333333333,3.3248629576173574,0
9,4,1.0,2.94770277922009,0
14,0,1.0,3.2359263506290326,0
11,1,1.0,3.277613436819116,0
9,0,1.0,2.94770277922009,0
4,0,1.0,2.0,0
15,0,1.0,3.6402239289418516,0
7,0,1.0,2.5216406363433186,0
14,0,1.0,3.3787834934861767,0
15,2,1.0769230769230769,3.506890595608518,0
14,0,1.0,3.3248629576173574,0
9,2,1.0,3.169925001442312,0
9,0,1.0,2.9477027792200903,0
13,2,1.0,3.3927474104487847,0
14,0,1.0,3.3787834934861767,0
11,1,1.0,2.913977073182752,0
11,0,1.1111111111111112,2.73215889136457,0
14,0,1.0,3.4677201004745006,0
11,0,1.0,2.9139770731827523,0
12,0,1.0,3.0220552088742,0
14,0,1.0,3.6644977792004623,0
12,0,1.0,3.188721875540867,0
15,0,1.0,3.3735572622751855,0
11,0,1.0,3.459431618637298,0
9,0,1.0,2.6416041678685933,0
12,0,1.0,3.418295834054489,1
13,0,1.0909090909090908,2.8731406795131336,0
10,0,1.125,2.9219280948873623,0
11,0,1.0,3.095795255000934,0
13,0,1.0,3.3927474104487847,1
11,0,1.0,2.2998963911678914,0
9,1,1.0,3.169925001442312,0
12,0,1.0,3.084962500721156,0
10,0,1.0,3.121928094887362,0
11,0,1.0,3.0957952550009344,0
14,0,1.0833333333333333,3.182005814760214,0
13,0,1.0909090909090908,2.4116022179746714,0
8,0,1.0,2.75,0
12,0,1.0,3.418295834054489,0
13,0,1.0,3.0269868333592873,0
10,4,1.125,2.9219280948873623,0
10,0,1.0,2.9219280948873623,0
13,3,1.0,3.238901256602631,0
12,0,1.0,3.2516291673878226,0
12,0,1.375,2.7516291673878226,0
15,0,1.0,3.00623892865339,0
10,0,1.0,2.9219280948873623,0
9,0,1.0,2.4193819456463714,0
12,0,1.0,3.0220552088742005,0
8,1,1.0,3.0,0
11,0,1.0,3.0957952550009344,0
8,0,1.0,2.25,0
11,0,1.0,3.277613436819116,0
9,0,1.0,2.94770277922009,0
12,0,1.1,2.8553885422075336,0
15,0,1.0,3.506890595608519,0
12,0,1.0,3.2516291673878226,0
9,0,1.0,2.94770277922009,0
12,3,1.0,3.418295834054489,0
13,0,1.0,3.0850551027564768,0
15,0,1.0,3.3232314287976203,0
11,0,1.0,2.413088436425758,0
14,0,1.0,3.3248629576173574,0
14,5,1.0,3.521640636343319,0
15,0,1.0,3.4565647621309536,0
10,0,1.0,3.121928094887362,0
9,0,1.0,2.6416041678685933,0
7,0,1.0,2.807354922057604,0
15,1,1.0769230769230769,3.2402239289418517,0
11,0,1.0,3.027169118440619,0
8,0,1.0,2.75,0
13,2,1.0,3.546593564294939,0
9,0,1.0,2.725480556997868,0
8,0,1.4,2.25,0
8,0,1.0,2.75,0
12,0,1.1,3.0849625007211556,0
11,0,1.0,3.095795255000934,0
9,1,1.0,2.503258334775646,0
13,0,1.0909090909090908,3.0269868333592873,0
14,1,1.0833333333333333,3.3248629576173574,0
12,0,1.1,2.8553885422075336,0
11,0,1.0,3.095795255000934,0
11,0,1.0,3.027169118440619,0
10,2,1.0,3.121928094887362,0
15,0,1.0,3.373557262275185,0
13,0,1.0,3.180832987205441,0
10,0,1.2857142857142858,2.721928094887362,0
12,0,1.0,3.2516291673878226,0
11,1,1.0,3.459431618637298,0
10,0,1.0,3.121928094887362,0
14,0,1.0,3.2359263506290326,0
11,0,1.0,3.095795255000934,0
14,0,1.0,3.09306920777189,0
7,0,1.0,2.807354922057604,0
13,0,1.0,3.238901256602631,0
7,0,1.2,2.128085278891394,0
15,0,1.0,3.240223928941852,0
10,0,1.0,2.9219280948873623,0
15,0,1.0,3.3232314287976203,0
13,0,1.0,3.3927474104487847,0
8,0,1.0,2.75,0
10,0,1.0,3.121928094887362,0
8,0,1.0,2.75,0
8,0,1.0,2.75,0
13,2,1.0,3.546593564294939,0
14,0,1.0,2.9852281360342516,0
10,0,1.0,2.9219280948873623,0
12,0,1.0,3.188721875540867,0
12,2,1.0,3.188721875540867,0
10,0,1.0,3.321928094887362,0
8,2,1.0,2.75,0
9,0,1.0,3.169925001442312,0
8,3,1.0,3.0,0
10,1,1.0,3.321928094887362,0
12,2,1.0,3.418295834054489,0
10,0,1.125,2.6464393446710153,0
11,0,1.0,3.0957952550009344,0
14,0,1.0833333333333333,3.182005814760214,0
12,0,1.0,3.2516291673878226,1
14,0,1.0833333333333333,3.2359263506290334,0
14,0,1.0,3.182005814760214,0
9,0,1.1428571428571428,2.725480556997868,0
12,0,1.0,3.418295834054489,0
13,0,1.0,3.3927474104487847,0
12,0,1.0,3.188721875540867,0
13,0,1.0,3.238901256602631,0
13,0,1.0,3.5465935642949384,0
9,2,1.0,2.4193819456463714,0
12,0,1.0,2.918295834054489,0
9,0,1.0,2.94770277922009,0
11,0,1.0,3.459431618637298,0
14,0,1.0,3.521640636343319,0
11,0,1.0,3.277613436819116,0
14,1,1.0833333333333333,3.182005814760214,0
9,0,1.1428571428571428,2.2810361125534233,0
11,0,1.0,3.0957952550009344,0
14,0,1.0,3.378783493486176,0
12,0,1.0,2.8553885422075336,0
13,2,1.0909090909090908,3.238901256602631,0
10,0,1.0,3.121928094887362,0
15,0,1.0,3.0565647621309537,0
8,0,1.0,2.75,0
15,0,1.0,3.456564762130954,0
12,0,1.1,3.084962500721156,0
11,0,1.0,2.9139770731827523,0
12,0,1.0,3.2516291673878226,0
12,0,1.0,3.2516291673878226,0
8,0,1.0,3.0,0
12,0,1.1,2.8553885422075336,0
13,0,1.0,3.0850551027564768,0
15,2,1.1666666666666667,3.106890595608519,0
14,0,1.0,3.182005814760214,0
11,0,1.0,3.2776134368191165,0
10,0,1.0,2.9219280948873623,0
7,0,1.0,2.521640636343318,0
9,0,1.0,3.169925001442312,0
12,0,1.0,3.2516291673878226,1
10,0,1.0,3.121928094887362,0
13,0,1.0,3.085055102756477,0
15,3,1.0769230769230769,3.106890595608518,0
12,0,1.0,2.751629167387823,0
15,0,1.0,3.4565647621309536,0
9,2,1.0,2.94770277922009,0
8,0,1.0,2.75,0
10,5,1.0,2.9219280948873623,0
10,1,1.0,3.321928094887362,0
11,3,1.0,3.277613436819116,0
12,0,1.0,3.0849625007211556,0
14,0,1.0,3.3787834934861767,0
15,8,1.0,3.5068905956085183,0
13,3,1.0909090909090908,2.968918563962097,0
14,2,1.0833333333333333,3.378783493486176,0
15,0,1.0,3.640223928941852,0
15,2,1.0,3.7735572622751845,0
13,4,1.0,3.3927474104487847,0
11,0,1.0,3.277613436819116,0
10,0,1.0,2.6464393446710153,0
11,0,1.0,2.6635327548042547,0
13,0,1.0,3.238901256602631,0
8,2,1.0,2.75,0
8,0,1.0,3.0,0
13,0,1.0,3.5465935642949384,0
10,2,1.0,3.121928094887362,0
13,4,1.0,3.7004397181410926,0
15,0,1.0,3.4565647621309536,0
9,0,1.0,2.9477027792200903,0
11,0,1.1111111111111112,2.913977073182752,0
13,0,1.0,3.180832987205441,0
14,0,1.0,3.6644977792004623,0
12,0,1.0,3.2516291673878226,0
15,0,1.0769230769230769,3.0062389286533895,0
9,0,1.0,3.169925001442312,0
14,0,1.0,3.6644977792004623,0
8,0,1.0,2.5,0
12,0,1.0,3.2516291673878226,0
11,0,1.0,3.027169118440619,0
7,0,1.0,2.807354922057604,0
8,0,1.0,2.75,0
8,1,1.0,3.0,0
9,0,1.1428571428571428,2.6416041678685938,0
11,0,1.0,3.0957952550009344,0
6,0,1.0,2.584962500721156,0
11,0,1.1111111111111112,2.845350936622437,0
13,0,1.0,3.5465935642949384,0
11,0,1.0,3.0957952550009344,0
11,0,1.0,2.9139770731827523,0
12,0,1.0,3.418295834054489,0
13,0,1.0,3.238901256602631,0
10,1,1.0,3.121928094887362,0
10,4,1.0,2.9219280948873623,0
13,0,1.0,2.8731406795131336,0
13,0,1.0,2.5654483718208256,0
12,0,1.1,2.8553885422075336,0
12,0,1.0,3.418295834054489,0
10,0,1.0,2.6464393446710153,0
10,0,1.0,3.321928094887362,0
11,0,1.0,3.027169118440619,0
9,0,1.0,2.94770277922009,0
13,0,1.0,3.0269868333592873,0
10,0,1.0,3.321928094887362,0
7,0,1.0,2.807354922057604,0
9,0,1.0,2.94770277922009,0
11,0,1.0,3.277613436819116,0
10,0,1.0,3.121928094887362,0
12,0,1.1,3.0220552088742,0
9,0,1.0,2.725480556997868,0
15,0,1.0,3.240223928941852,0
8,0,1.0,2.75,0
11,3,1.0,3.095795255000934,0
9,0,1.0,2.94770277922009,0
8,0,1.0,2.5,0
9,0,1.0,3.169925001442312,0
12,0,1.1,2.688721875540867,0
13,0,1.0,3.0269868333592873,0
10,0,1.125,2.6464393446710157,0
12,0,1.0,2.8553885422075336,0
13,0,1.0,3.0269868333592873,0
13,2,1.0,3.5465935642949384,0
10,4,1.125,2.846439344671016,0
12,0,1.0,3.188721875540867,0
8,0,1.0,2.75,0
14,0,1.0,3.128085278891395,0
9,2,1.0,2.725480556997868,0
13,0,1.0,3.180832987205441,0
9,3,1.0,2.94770277922009,0
9,0,1.0,2.94770277922009,0
9,0,1.0,2.5032583347756456,0
10,0,1.0,3.321928094887362,0
11,0,1.0,3.277613436819116,0
14,2,1.0,3.4677201004745006,0
11,0,1.0,3.2776134368191165,0
15,0,1.0769230769230769,3.3232314287976203,0
10,0,1.0,2.8464393446710154,0
11,0,1.0,3.0957952550009344,0
13,0,1.0,3.180832987205441,0
13,0,1.0,3.0850551027564768,0
11,0,1.0,2.9139770731827523,0
10,0,1.0,3.121928094887362,0
7,0,1.0,2.807354922057604,0
15,1,1.0769230769230769,3.5068905956085183,0
13,0,1.0,3.5465935642949384,0
13,1,1.0,3.3927474104487847,0
12,0,1.0,2.8553885422075336,0
15,4,1.0,3.32323142879762,0
10,0,1.0,2.9219280948873623,1
12,0,1.375,2.5849625007211556,0
10,0,1.0,3.121928094887362,0
15,0,1.0,3.5068905956085183,0
11,0,1.0,3.2776134368191165,0
10,0,1.0,3.1219280948873624,0
10,0,1.0,3.121928094887362,0
10,1,1.0,2.9219280948873623,0
9,0,1.0,2.94770277922009,0
9,0,1.0,2.94770277922009,0
13,0,1.0,3.3927474104487847,0
12,0,1.0,3.418295834054489,0
14,0,1.0,3.6644977792004623,0
9,0,1.0,3.169925001442312,0
13,0,1.0,3.3927474104487847,0
13,0,1.0,3.180832987205441,1
14,0,1.0,3.3248629576173574,0
13,0,1.0,3.5465935642949384,0
10,3,1.0,3.321928094887362,0
6,0,1.0,2.584962500721156,0
15,0,1.0,3.1898980954642875,0
14,3,1.0,3.6644977792004623,0
15,0,1.0,3.32323142879762,0
6,0,1.0,2.584962500721156,0
10,0,1.0,3.1219280948873624,0
13,0,1.0,3.3927474104487847,0
7,0,1.0,2.5216406363433186,0
12,1,1.0,2.8553885422075336,0
11,0,1.0,3.277613436819116,0
10,0,1.0,3.321928094887362,0
8,0,1.0,2.4056390622295662,0
14,2,1.0833333333333333,3.2359263506290334,0
13,1,1.0,3.3927474104487847,0
9,0,1.0,2.4193819456463714,0
13,0,1.0,3.3927474104487847,0
12,0,1.1,2.8553885422075336,0
8,0,1.0,2.5,0
12,0,1.0,3.084962500721156,0
11,3,1.0,3.0957952550009344,0
10,2,1.0,3.1219280948873624,0
12,0,1.0,2.8553885422075336,0
9,0,1.0,2.94770277922009,0
11,0,1.0,3.459431618637298,0
9,0,1.0,2.94770277922009,0
11,0,1.0,2.663532754804255,0
7,0,1.0,2.807354922057604,0
14,0,1.0,3.3248629576173574,0
12,0,1.0,2.6887218755408666,0
14,0,1.0833333333333333,3.182005814760214,0
10,2,1.0,3.1219280948873624,0
10,0,1.125,2.4464393446710155,0
15,0,1.0769230769230769,3.2402239289418517,0
14,0,1.0,3.182005814760214,0
14,0,1.0,3.521640636343319,0
15,0,1.0,3.3232314287976203,0
8,0,1.0,2.4056390622295662,0
7,0,1.0,2.128085278891394,0
12,0,1.0,3.418295834054489,0
13,0,1.0,3.3927474104487847,0
11,0,1.0,3.277613436819116,0
10,0,1.0,2.721928094887362,0
13,0,1.0,3.3927474104487847,0
11,0,1.0,3.027169118440619,0
7,0,1.0,2.807354922057604,0
15,0,1.0769230769230769,3.006238928653389,0
11,0,1.0,3.095795255000934,0
10,0,1.0,2.9219280948873623,0
8,2,1.0,2.75,0
13,0,1.0,3.180832987205441,0
13,0,1.0,3.546593564294939,0
15,0,1.0,3.506890595608518,0
11,1,1.0,2.845350936622437,0
11,0,1.0,3.0957952550009344,0
12,0,1.0,3.584962500721156,0
12,0,1.0,3.2516291673878226,0
6,0,1.0,2.584962500721156,0
11,2,1.0,2.6635327548042547,0
11,0,1.0,3.459431618637298,0
15,0,1.0,3.139572261986723,0
11,0,1.0,3.027169118440619,0
13,0,1.0,3.238901256602631,0
9,0,1.0,3.169925001442312,0
6,0,1.0,1.9182958340544893,0
15,0,1.0,3.506890595608519,0
6,0,1.0,2.584962500721156,0
9,0,1.0,2.94770277922009,0
14,2,1.0,3.521640636343319,0
11,0,1.1111111111111112,2.8453509366224368,0
9,0,1.0,2.94770277922009,0
10,4,1.0,3.1219280948873624,0
8,0,1.0,2.75,0
11,0,1.0,3.459431618637298,0
10,0,1.0,2.9219280948873623,0
10,0,1.0,3.321928094887362,0
14,0,1.0833333333333333,3.182005814760214,0
13,0,1.0,3.3927474104487847,0
8,3,1.0,3.0,0
7,0,1.0,2.807354922057604,0
6,0,1.0,2.584962500721156,0
14,0,1.0,3.182005814760214,0
10,0,1.0,2.9219280948873623,0
9,0,1.0,2.94770277922009,0
10,0,1.0,2.8464393446710154,0
11,0,1.1111111111111112,2.845350936622437,0
15,0,1.0,3.4565647621309536,0
11,0,1.1111111111111112,3.0957952550009344,0
15,0,1.0,3.1898980954642875,0
6,0,1.0,2.584962500721156,0
8,0,1.0,2.75,0
10,1,1.125,2.6464393446710153,0
7,2,1.0,2.235926350629032,0
13,0,1.0,3.238901256602631,0
12,0,1.0,3.418295834054489,0
15,0,1.0,3.323231428797621,0
9,0,1.0,2.94770277922009,0
13,0,1.0,3.238901256602631,0
14,0,1.0,3.09306920777189,0
10,0,1.0,2.1709505944546685,0
12,3,1.1,3.0220552088742,0
10,0,1.125,2.6464393446710153,0
12,0,1.0,3.2516291673878226,0
15,1,1.0,3.456564762130954,0
13,0,1.0,3.0269868333592873,0
10,0,1.0,3.121928094887362,0
15,0,1.0,3.0565647621309537,0
14,0,1.0,3.1820058147602133,0
15,0,1.0,3.32323142879762,0
12,0,1.0,3.084962500721156,0
8,0,1.0,2.75,0
11,0,1.0,3.095795255000934,0
14,0,1.0,3.6644977792004623,0
10,0,1.0,3.1219280948873624,0
11,0,1.0,3.0957952550009344,0
15,0,1.0,3.006238928653389,0
9,0,1.0,2.725480556997868,0
5,0,1.0,1.5219280948873621,0
7,0,1.0,2.2359263506290326,0
8,0,1.0,3.0,0
10,3,1.125,2.6464393446710153,0
12,1,1.1,3.2516291673878226,0
15,2,1.0,3.506890595608518,0
12,2,1.0,3.418295834054489,0
14,0,1.0,3.182005814760214,0
12,0,1.0,2.918295834054489,0
12,0,1.0,3.084962500721156,0
12,0,1.0,3.418295834054489,0
15,0,1.0769230769230769,3.056564762130954,0
10,0,1.0,2.9219280948873623,0
12,0,1.0,3.2516291673878226,0
12,0,1.0,3.418295834054489,0
15,5,1.0,3.506890595608519,0
11,0,1.0,3.277613436819116,0
10,0,1.0,3.121928094887362,0
10,2,1.0,2.9219280948873623,0
8,0,1.0,2.75,0
8,0,1.0,3.0,0
8,1,1.0,3.0,0
6,0,1.0,2.2516291673878226,0
12,0,1.1,2.8553885422075336,0
9,0,1.3333333333333333,2.197159723424149,0
12,0,1.0,2.625814583693911,0
5,0,1.0,1.9219280948873623,0
10,4,1.0,2.9219280948873623,0
9,0,1.0,2.94770277922009,0
10,3,1.0,2.9219280948873623,0
15,8,1.0,3.640223928941852,0
15,0,1.0,3.640223928941852,0
6,0,1.0,2.2516291673878226,0
6,0,1.0,2.584962500721156,0
12,0,1.0,3.0220552088742,0
6,0,1.0,2.584962500721156,0
10,0,1.0,3.121928094887362,0
13,0,1.0,3.238901256602631,0
11,0,1.25,2.663532754804255,0
8,0,1.0,3.0,0
10,0,1.125,2.321928094887362,0
12,0,1.0,3.084962500721156,0
12,0,1.0,3.584962500721156,0
11,0,1.0,3.027169118440619,0
10,0,1.125,2.6464393446710153,0
12,1,1.0,3.418295834054489,0
10,0,1.0,3.121928094887362,0
15,1,1.0,3.4565647621309536,0
12,0,1.0,3.188721875540867,0
6,2,1.0,2.584962500721156,0
12,4,1.0,3.584962500721156,0
8,0,1.1666666666666667,2.5,0
12,0,1.0,3.251629167387823,0
15,0,1.0,3.1898980954642875,0
15,4,1.0769230769230769,2.923231428797621,0
15,0,1.0,3.4565647621309536,0
10,1,1.0,2.7219280948873625,0
15,5,1.0,3.640223928941852,0
14,1,1.0833333333333333,3.3248629576173574,0
11,0,1.0,3.2776134368191165,0
15,1,1.1666666666666667,3.1395722619867223,0
12,0,1.1,3.084962500721156,0
10,0,1.0,2.6464393446710153,0
12,2,1.0,3.2516291673878226,0
15,0,1.0769230769230769,2.7898980954642867,0
14,1,1.0,3.2359263506290334,0
15,0,1.0769230769230769,3.32323142879762,0
7,2,1.0,2.807354922057604,0
12,1,1.1,3.084962500721156,0
13,0,1.0,3.238901256602631,0
11,0,1.0,2.913977073182752,0
15,0,1.0,3.506890595608518,0
8,0,1.0,2.5,0
13,0,1.3333333333333333,2.5654483718208256,0
10,0,1.0,3.321928094887362,0
14,4,1.0833333333333333,3.3248629576173565,1
9,0,1.0,2.725480556997868,0
12,3,1.1,2.8553885422075336,0
7,0,1.0,2.807354922057604,0
15,0,1.0769230769230769,3.640223928941851,0
12,0,1.0,2.918295834054489,0
8,3,1.0,3.0,0
11,0,1.0,3.0957952550009344,0
11,0,1.0,2.663532754804255,0
9,0,1.0,2.5032583347756456,0
13,0,1.0,3.334679141051595,0
15,3,1.0,3.7735572622751845,0
9,3,1.0,3.169925001442312,0
14,0,1.0,3.3248629576173574,0
9,2,1.0,3.169925001442312,0
11,0,1.0,3.2776134368191165,0
12,0,1.1,3.0220552088742,0
12,0,1.0,3.2516291673878226,0
12,0,1.0,2.792481250360578,0
10,0,1.0,2.721928094887362,0
10,0,1.0,2.721928094887362,0
7,3,1.0,2.807354922057604,0
10,0,1.0,2.721928094887362,0
12,0,1.0,3.2516291673878226,0
8,1,1.0,3.0,0
7,0,1.0,2.521640636343318,0
14,0,1.0,3.521640636343319,0
15,0,1.0,3.5068905956085183,0
9,0,1.0,2.725480556997868,0
9,3,1.0,2.9477027792200903,0
12,0,1.0,3.2516291673878226,0
8,3,1.0,3.0,0
10,0,1.0,2.9219280948873623,0
10,0,1.0,2.8464393446710154,0
11,0,1.0,3.095795255000934,0
15,0,1.0,3.506890595608518,0
11,0,1.0,3.0957952550009344,0
12,0,1.0,3.0220552088742,0
9,2,1.0,2.94770277922009,0
10,1,1.0,3.321928094887362,0
10,1,1.0,2.9219280948873623,0
12,0,1.0,3.584962500721156,0
9,0,1.0,2.9477027792200903,0
8,0,1.0,2.5,0
15,0,1.0,3.506890595608518,0
13,0,1.0909090909090908,3.3927474104487847,0
11,0,1.0,3.277613436819116,0
10,2,1.0,2.6464393446710157,0
12,0,1.0,3.0849625007211556,0
15,0,1.0,3.506890595608518,0
10,0,1.0,2.9219280948873623,0
3,0,1.0,1.584962500721156,0
14,0,1.0,3.2359263506290334,0
14,0,1.0,3.182005814760214,0
13,0,1.0,3.3927474104487847,0
13,3,1.0,3.7004397181410926,0
12,0,1.0,3.418295834054489,0
14,0,1.0,3.2359263506290334,0
10,1,1.0,3.1219280948873624,0
8,0,1.0,2.75,0
11,0,1.0,3.027169118440619,0
8,0,1.0,3.0,0
11,0,1.1111111111111112,2.413088436425758,0
9,0,1.0,2.94770277922009,0
8,2,1.0,3.0,0
12,0,1.0,3.0220552088742,0
9,2,1.0,2.725480556997868,0
13,0,1.0,3.085055102756477,0
7,0,1.0,2.5216406363433186,0
6,0,1.0,2.2516291673878226,0
14,0,1.0,3.378783493486176,0
12,0,1.0,3.0849625007211556,0
13,2,1.3333333333333333,2.873140679513133,0
11,0,1.0,2.8453509366224368,0
14,0,1.1818181818181819,2.699513850319966,0
15,0,1.0,3.189898095464287,0
7,0,1.0,2.5216406363433186,0
8,0,1.0,2.75,0
12,0,1.0,3.0220552088742,1
13,0,1.0,3.546593564294939,0
15,1,1.0,3.3232314287976203,0
10,0,1.0,3.121928094887362,0
10,0,1.125,2.9219280948873623,0
8,0,1.0,3.0,0
12,0,1.0,3.0849625007211556,0
12,0,1.0,3.2516291673878226,0
8,0,1.1666666666666667,2.5,0
10,2,1.0,2.9219280948873623,0
10,0,1.0,3.321928094887362,0
15,4,1.0,3.240223928941852,0
15,0,1.0,3.189898095464287,0
10,0,1.0,2.9219280948873623,1
12,0,1.0,3.084962500721156,0
11,0,1.0,3.095795255000934,0
10,0,1.0,2.7219280948873625,0
10,0,1.0,2.9219280948873623,0
5,0,1.0,1.9219280948873623,0
14,0,1.0,3.521640636343319,0
12,0,1.0,3.2516291673878226,0
15,1,1.0769230769230769,3.106890595608518,0
14,1,1.0833333333333333,3.3787834934861767,0
14,4,1.0,3.2359263506290334,0
6,0,1.0,2.584962500721156,0
14,0,1.0,3.182005814760214,0
13,0,1.0,3.180832987205441,0
7,0,1.0,2.5216406363433186,0
8,0,1.0,2.75,0
10,0,1.0,2.9219280948873623,0
7,1,1.0,2.5216406363433186,0
13,2,1.0,3.180832987205441,0
10,0,1.0,3.121928094887362,0
12,4,1.0,3.418295834054489,0
15,0,1.0,3.0565647621309537,0
10,0,1.0,3.1219280948873624,0
13,0,1.0,3.180832987205441,0
15,2,1.0,3.640223928941851,0
12,0,1.0,3.2516291673878226,0
14,2,1.0,3.182005814760214,0
15,0,1.0,3.3735572622751846,0
11,0,1.0,3.2776134368191165,0
15,1,1.0,3.4565647621309536,0
11,0,1.0,3.0957952550009344,0
12,0,1.0,3.4182958340544896,0
11,0,1.0,3.095795255000934,0
10,0,1.125,2.721928094887362,0
14,0,1.0,3.2359263506290334,0
12,0,1.0,3.418295834054489,0
13,0,1.0,3.238901256602631,0
15,0,1.1666666666666667,3.056564762130954,0
9,2,1.0,2.94770277922009,0
13,0,1.0,3.238901256602631,0
8,1,1.0,2.5,0
15,0,1.0,3.506890595608518,0
14,7,1.0,3.378783493486176,0
15,0,1.0,3.4565647621309536,0
10,0,1.125,2.4464393446710155,0
14,0,1.0,3.6644977792004623,1
9,0,1.0,2.94770277922009,0
9,0,1.0,3.169925001442312,0
10,0,1.0,3.321928094887362,0
10,0,1.0,3.121928094887362,0
14,0,1.0,3.2359263506290334,0
12,0,1.0,3.418295834054489,0
10,0,1.0,3.121928094887362,0
13,0,1.0,3.238901256602631,0
10,0,1.0,2.8464393446710154,0
9,0,1.0,2.6416041678685933,0
13,0,1.0,3.5465935642949384,0
15,0,1.0,3.4565647621309536,0
15,8,1.0769230769230769,3.3232314287976212,0
10,0,1.0,3.121928094887362,0
14,0,1.0833333333333333,3.182005814760214,0
8,0,1.0,3.0,0
10,2,1.0,3.321928094887362,0
11,0,1.0,3.459431618637298,0
8,0,1.0,2.4056390622295662,0
12,1,1.0,3.0220552088742,0
9,2,1.0,2.725480556997868,0
13,9,1.0,3.546593564294939,0
4,0,1.0,2.0,0
12,1,1.0,3.2516291673878226,0
11,0,1.0,3.277613436819116,0
13,0,1.0909090909090908,3.0269868333592873,0
8,0,1.0,2.75,0
15,2,1.0,3.7735572622751845,0
9,0,1.0,2.94770277922009,0
15,0,1.0,3.2402239289418517,0
8,0,1.0,2.75,0
13,0,1.0,3.3927474104487847,0
14,3,1.0,3.4677201004745006,0
12,0,1.0,2.918295834054489,0
15,2,1.0,3.3735572622751855,0
6,0,1.0,2.584962500721156,0
9,2,1.0,3.169925001442312,0
14,0,1.0,3.378783493486176,0
7,0,1.0,2.807354922057604,0
11,1,1.0,3.0957952550009344,0
15,2,1.0769230769230769,3.640223928941851,0
15,0,1.0,3.506890595608518,0
11,0,1.0,2.9139770731827523,0
14,0,1.0,3.182005814760214,0
15,3,1.0769230769230769,3.1395722619867223,0
12,0,1.0,3.2516291673878226,0
13,0,1.0,2.5654483718208256,0
12,0,1.0,3.4182958340544896,0
10,0,1.2857142857142858,2.5219280948873624,0
7,0,1.0,2.2359263506290326,0
14,0,1.0833333333333333,3.182005814760214,0
15,0,1.0,3.1898980954642875,0
9,0,1.0,2.725480556997868,0
14,0,1.3,3.09306920777189,0
11,0,1.0,3.277613436819116,0
10,0,1.0,3.121928094887362,0
14,0,1.0,3.2359263506290334,0
12,0,1.0,3.2516291673878226,0
9,0,1.0,2.725480556997868,0
13,0,1.0,3.7004397181410926,0
6,0,1.0,1.9182958340544893,0
7,3,1.0,2.807354922057604,0
12,1,1.0,3.418295834054489,0
11,2,1.0,3.0957952550009344,0
12,0,1.1,2.6258145836939115,0
13,0,1.0,3.3927474104487847,0
10,0,1.125,2.9219280948873623,0
12,0,1.0,3.2516291673878226,0
14,2,1.0,3.378783493486176,0
10,0,1.0,2.9219280948873623,0
9,0,1.0,2.94770277922009,0
9,0,1.0,2.94770277922009,0
7,0,1.0,2.5216406363433186,0
6,0,1.0,1.9182958340544893,0
13,0,1.0,3.238901256602631,0
12,0,1.0,3.418295834054489,0
11,0,1.0,3.095795255000934,0
9,0,1.0,3.169925001442312,0
12,0,1.0,3.418295834054489,0
7,2,1.0,2.807354922057604,0
15,0,1.1666666666666667,2.689246428509158,0
7,0,1.0,2.807354922057604,0
15,0,1.0,3.506890595608518,0
10,1,1.0,3.321928094887362,0
14,1,1.1818181818181819,2.950212064914747,0
15,1,1.0769230769230769,3.1395722619867223,0
11,0,1.0,3.277613436819116,0
10,0,1.0,2.8464393446710154,0
15,0,1.0,2.8225797618424915,0
13,0,1.0,3.238901256602631,0
15,0,1.0769230769230769,2.706890595608519,0
15,1,1.0769230769230769,3.1898980954642875,0
10,0,1.0,2.9219280948873623,0
9,0,1.0,2.725480556997868,0
9,0,1.0,2.503258334775646,0
14,0,1.0833333333333333,3.039148671903071,0
9,0,1.0,2.5032583347756456,0
10,2,1.0,2.8464393446710154,0
10,0,1.0,3.121928094887362,0
13,0,1.0909090909090908,3.180832987205441,0
5,0,1.0,2.321928094887362,0
11,0,1.0,3.095795255000934,0
11,0,1.0,2.9139770731827523,0
11,0,1.0,2.8453509366224368,0
9,0,1.0,2.725480556997868,0
15,0,1.0769230769230769,3.32323142879762,0
8,0,1.0,3.0,0
15,0,1.0,3.5068905956085183,0
14,0,1.0,3.6644977792004623,0
9,1,1.0,2.94770277922009,0
14,0,1.0,2.9852281360342525,0
13,0,1.0909090909090908,2.7773627950641693,0
10,0,1.0,3.121928094887362,0
11,0,1.0,3.095795255000934,0
14,0,1.0,3.521640636343319,0
8,3,1.0,3.0,0
14,0,1.0,3.182005814760214,0
15,0,1.0,3.189898095464287,0
10,2,1.0,2.8464393446710154,0
15,0,1.0769230769230769,2.815922063835166,0
12,0,1.0,3.4182958340544896,0
13,2,1.0,3.238901256602631,0
12,0,1.0,3.0220552088742,0
10,0,1.125,2.9219280948873623,0
15,0,1.0,3.640223928941851,0
12,0,1.0,3.2516291673878226,0
15,0,1.0769230769230769,3.1898980954642875,0
7,0,1.0,2.807354922057604,0
11,0,1.1111111111111112,2.663532754804255,0
9,0,1.1428571428571428,2.4193819456463714,0
11,2,1.0,3.0957952550009344,0
9,0,1.1428571428571428,2.725480556997868,0
8,0,1.0,2.75,0
13,0,1.0,3.238901256602631,0
12,0,1.0,2.8553885422075336,0
12,2,1.0,3.084962500721156,0
11,0,1.0,3.027169118440619,0
9,4,1.3333333333333333,1.8365916681089791,0
14,2,1.0,3.182005814760214,0
12,0,1.1,2.688721875540867,0
9,3,1.1428571428571428,2.197159723424149,0
13,0,1.0,3.3927474104487847,0
9,0,1.0,3.169925001442312,0
12,0,1.0,3.2516291673878226,0
12,8,1.375,2.292481250360578,0
7,0,1.0,2.5216406363433186,0
14,0,1.0833333333333333,3.2359263506290334,0
6,0,1.0,2.584962500721156,0
15,0,1.0,3.506890595608518,0
13,0,1.0,3.3927474104487847,0
12,0,1.1,3.2516291673878226,0
9,0,1.0,2.725480556997868,0
8,2,1.0,3.0,0
14,0,1.0,3.6644977792004623,0
7,0,1.0,2.1280852788913944,0
12,0,1.0,3.418295834054489,0
15,0,1.0,3.773557262275185,0
11,0,1.0,3.095795255000934,0
13,0,1.0,3.0850551027564768,0
10,0,1.0,3.321928094887362,0
12,0,1.0,3.418295834054489,0
14,0,1.0,3.6644977792004623,0
15,0,1.0769230769230769,3.189898095464287,0
11,0,1.0,2.8453509366224368,0
15,4,1.0,3.6402239289418516,0
14,0,1.0,3.3787834934861767,0
15,0,1.0,3.640223928941852,0
7,0,1.0,2.5216406363433186,0
11,1,1.0,3.0957952550009344,0
10,0,1.0,2.9219280948873623,0
13,0,1.0,3.3927474104487847,0
8,0,1.0,2.1556390622295662,0
15,0,1.0,3.6402239289418516,0
9,3,1.0,3.169925001442312,0
13,0,1.0,2.9689185639620974,0
10,0,1.0,2.9219280948873623,0
15,0,1.1666666666666667,3.189898095464287,0
15,0,1.0,3.1395722619867223,0
10,0,1.0,3.121928094887362,0
4,0,1.0,2.0,0
10,0,1.0,3.121928094887362,0
12,3,1.1,3.188721875540867,0
11,0,1.0,3.027169118440619,0
9,4,1.0,2.725480556997868,0
10,0,1.0,3.121928094887362,0
6,0,1.0,2.584962500721156,0
11,0,1.0,3.2776134368191165,0
7,2,1.0,2.1280852788913944,0
7,1,1.0,2.5216406363433186,0
7,2,1.0,2.5216406363433186,0
9,1,1.0,3.169925001442312,0
8,2,1.0,3.0,0
7,0,1.0,2.5216406363433186,0
12,2,1.0,3.418295834054489,0
15,0,1.1666666666666667,3.056564762130954,0
12,0,1.0,3.418295834054489,0
13,2,1.0909090909090908,3.0269868333592873,0
14,0,1.0,3.3787834934861767,0
13,0,1.0,3.180832987205441,0
12,0,1.0,3.2516291673878226,0
9,0,1.0,3.169925001442312,0
12,2,1.0,3.418295834054489,0
13,0,1.0,3.238901256602631,0
11,0,1.0,2.7321588913645702,0
15,0,1.0,3.5068905956085183,0
14,0,1.0,3.3248629576173574,0
9,0,1.0,2.94770277922009,0
13,8,1.0,3.238901256602631,0
12,0,1.0,2.8553885422075336,0
12,0,1.1,3.0220552088742005,0
12,2,1.0,3.418295834054489,0
14,0,1.4444444444444444,2.699513850319966,0
15,0,1.0,3.3735572622751855,0
8,0,1.0,2.75,0
7,0,1.2,2.1280852788913944,0
12,0,1.0,3.0849625007211556,1
7,0,1.0,2.5216406363433186,0
13,0,1.0,3.5465935642949384,0
15,0,1.0,3.1898980954642875,0
15,0,1.2727272727272727,3.006238928653389,0
13,2,1.0909090909090908,3.3927474104487847,0
13,2,1.0,3.546593564294939,0
7,0,1.0,2.5216406363433186,0
8,2,1.0,2.4056390622295662,0
9,0,1.1428571428571428,2.2810361125534238,0
12,3,1.0,2.8553885422075336,0
6,0,1.0,2.584962500721156,0
10,0,1.0,3.121928094887362,0
11,0,1.1111111111111112,2.9139770731827523,0
15,0,1.0,3.106890595608518,0
14,0,1.0,3.039148671903071,0
13,0,1.0,3.0269868333592873,0
11,2,1.0,3.0957952550009344,0
13,0,1.0,3.238901256602631,0
14,0,1.0833333333333333,3.2359263506290334,0
15,0,1.0,3.3232314287976203,0
12,0,1.2222222222222223,2.688721875540867,0
11,0,1.1111111111111112,2.7321588913645707,0
8,0,1.0,2.75,0
8,3,1.0,2.75,0
8,2,1.0,2.75,0
8,0,1.1666666666666667,2.4056390622295662,0
10,2,1.0,3.321928094887362,0
12,1,1.0,3.2516291673878226,0
9,0,1.0,2.94770277922009,0
11,0,1.0,3.277613436819116,0
8,0,1.1666666666666667,2.5,0
12,0,1.0,3.084962500721156,0
15,0,1.0769230769230769,3.2402239289418517,0
12,0,1.0,3.4182958340544896,0
10,0,1.0,2.9219280948873623,0
10,0,1.0,2.8464393446710154,0
8,1,1.0,3.0,0
11,2,1.0,3.0957952550009344,0
10,0,1.0,3.321928094887362,0
11,4,1.0,3.459431618637298,0
9,0,1.0,2.725480556997868,0
13,0,1.0909090909090908,2.8731406795131336,0
13,0,1.0909090909090908,3.180832987205441,0
9,3,1.0,2.94770277922009,0
13,0,1.3333333333333333,2.5654483718208256,0
12,0,1.0,3.0220552088742005,0
9,0,1.0,2.725480556997868,0
15,2,1.0,3.906890595608518,0
7,0,1.0,2.5216406363433186,0
13,0,1.0909090909090908,3.3927474104487847,0
9,0,1.0,2.94770277922009,0
14,0,1.0,3.039148671903071,0
14,2,1.0,3.4677201004745006,0
13,0,1.0,3.5465935642949384,0
6,0,1.0,2.584962500721156,0
11,2,1.0,3.277613436819116,0
11,2,1.1111111111111112,2.9139770731827523,0
12,0,1.0,3.0220552088742,0
10,0,1.125,2.721928094887362,0
12,0,1.0,3.2516291673878226,0
14,0,1.0,3.3248629576173574,0
11,0,1.0,3.277613436819116,0
15,0,1.0,3.506890595608519,0
10,0,1.0,3.121928094887362,0
15,0,1.0769230769230769,3.240223928941852,0
14,0,1.0,2.835237745312118,0
14,0,1.0,3.2359263506290334,0
10,0,1.0,3.1219280948873624,0
13,0,1.0,3.238901256602631,0
13,0,1.0,3.0850551027564768,0
11,0,1.0,3.095795255000934,0
6,0,1.0,2.584962500721156,0
13,0,1.0,2.8150724101159437,0
9,0,1.0,2.725480556997868,0
11,2,1.0,3.0957952550009344,0
15,0,1.0,3.240223928941852,0
12,4,1.0,3.418295834054489,0
7,0,1.0,2.5216406363433186,0
12,0,1.0,3.584962500721156,0
13,0,1.0,3.5465935642949384,0
13,0,1.0,3.0850551027564768,0
15,0,1.0,3.323231428797621,0
9,2,1.0,2.94770277922009,0
13,4,1.0,3.3927474104487847,0
10,0,1.0,2.9219280948873623,0
12,0,1.0,3.2516291673878226,0
8,0,1.0,2.5,0
11,0,1.0,3.027169118440619,0
14,0,1.0,3.3787834934861767,0
13,0,1.0,3.3927474104487847,0
11,0,1.0,3.2776134368191165,0
14,0,1.0,3.3787834934861767,0
11,0,1.1111111111111112,2.9139770731827523,0
11,0,1.1111111111111112,2.8453509366224368,0
13,0,1.0,3.238901256602631,0
15,1,1.2727272727272727,3.0565647621309537,0
10,0,1.0,3.121928094887362,0
10,0,1.0,3.121928094887362,0
11,0,1.1111111111111112,3.095795255000934,0
10,0,1.0,2.9219280948873623,0
8,1,1.0,2.5,0
12,1,1.0,3.2516291673878226,0
15,1,1.0,3.5068905956085183,0
10,0,1.0,2.9219280948873623,0
15,0,1.0,3.106890595608519,0
11,0,1.0,3.277613436819116,0
12,0,1.0,2.9182958340544896,0
10,0,1.0,2.9219280948873623,0
9,0,1.0,3.169925001442312,0
9,0,1.0,2.94770277922009,0
14,0,1.0,3.182005814760214,0
9,0,1.0,3.169925001442312,0
15,0,1.0,3.456564762130954,0
14,2,1.1818181818181819,2.950212064914747,0
8,0,1.0,3.0,0
10,0,1.125,2.4464393446710155,0
15,0,1.0769230769230769,3.240223928941852,0
12,0,1.0,2.8553885422075336,0
7,0,1.0,2.2359263506290326,0
15,0,1.0,3.373557262275185,0
14,0,1.0,3.2359263506290326,0
14,0,1.3,2.556656707462823,0
10,0,1.0,3.1219280948873624,0
12,2,1.0,3.418295834054489,0
12,4,1.1,3.084962500721156,0
8,3,1.0,2.75,0
13,0,1.0,3.180832987205441,0
12,3,1.0,3.2516291673878226,0
7,0,1.0,2.521640636343318,0
11,0,1.0,3.027169118440619,0
15,0,1.0769230769230769,3.0062389286533895,0
14,3,1.0833333333333333,3.521640636343319,0
13,0,1.0,3.0850551027564768,0
15,0,1.0,3.373557262275185,0
15,0,1.0,3.323231428797621,0
15,0,1.0,3.4565647621309536,0
13,0,1.0,3.238901256602631,0
11,0,1.0,3.2776134368191165,0
6,1,1.0,2.584962500721156,0
7,0,1.2,2.2359263506290326,0
13,0,1.0,3.3927474104487847,0
15,0,1.0,3.1898980954642875,0
15,0,1.0,3.32323142879762,0
10,2,1.0,2.9219280948873623,0
9,0,1.0,2.94770277922009,0
10,4,1.0,2.6464393446710157,0
14,0,1.0,3.2359263506290334,0
15,0,1.0,3.2729055953200556,0
11,0,1.4285714285714286,2.7321588913645702,0
8,4,1.0,2.75,0
8,0,1.0,2.25,0
14,0,1.3,2.8962915290459277,0
14,0,1.0833333333333333,3.2359263506290334,0
13,0,1.0909090909090908,2.7773627950641693,0
10,0,1.0,3.121928094887362,0
9,0,1.0,2.4193819456463714,0
8,0,1.0,3.0,0
15,4,1.0769230769230769,3.640223928941851,0
15,0,1.0,3.189898095464287,0
15,0,1.0,3.1898980954642875,0
15,0,1.0,3.189898095464287,0
11,0,1.0,3.0957952550009344,0
9,0,1.0,2.4193819456463714,0
14,0,1.0833333333333333,2.8962915290459277,0
7,0,1.0,2.5216406363433186,0
10,4,1.0,2.9219280948873623,0
12,0,1.0,3.0220552088742,0
9,0,1.0,2.725480556997868,0
10,0,1.0,2.9219280948873623,0
10,0,1.0,3.121928094887362,0
10,0,1.0,3.121928094887362,0
10,0,1.0,2.721928094887362,0
9,0,1.0,2.725480556997868,0
13,8,1.0,3.334679141051595,0
11,3,1.0,3.277613436819116,0
12,0,1.0,3.0220552088742005,0
15,3,1.0,3.4565647621309536,0
11,0,1.1111111111111112,2.9139770731827523,0
12,2,1.0,3.084962500721156,0
15,0,1.0,3.1395722619867232,0
12,0,1.0,3.418295834054489,0
15,4,1.0,2.9735572622751847,0
13,0,1.0909090909090908,3.0269868333592873,0
7,0,1.0,2.807354922057604,0
6,0,1.0,2.2516291673878226,0
13,0,1.0,3.238901256602631,0
10,0,1.0,2.9219280948873623,0
14,0,1.0,3.182005814760214,0
12,0,1.0,2.918295834054489,0
5,0,1.0,1.9219280948873623,0
15,2,1.0,3.240223928941852,0
11,0,1.0,3.277613436819116,0
15,0,1.0,3.1898980954642875,0
9,0,1.0,3.169925001442312,0
15,0,1.0,3.189898095464287,0
7,2,1.0,2.2359263506290326,0
10,0,1.0,2.6464393446710157,0
9,0,1.0,2.725480556997868,0
10,0,1.125,2.721928094887362,0
8,0,1.0,2.75,0
4,0,1.0,2.0,0
7,0,1.0,2.5216406363433186,0
13,2,1.0,3.5465935642949384,0
9,0,1.0,2.94770277922009,0
12,0,1.0,3.084962500721156,0
7,0,1.0,2.521640636343318,0
13,0,1.0,2.8731406795131336,0
7,0,1.0,2.521640636343318,0
15,0,1.0,3.5068905956085183,0
11,0,1.0,3.095795255000934,0
9,0,1.0,2.6416041678685933,0
13,0,1.0,3.0269868333592873,0
13,0,1.0,3.238901256602631,0
9,0,1.0,3.169925001442312,0
13,2,1.0,3.3927474104487847,0
8,2,1.0,2.75,0
11,0,1.0,3.027169118440619,0
14,4,1.0,3.6644977792004623,0
10,0,1.0,2.9219280948873623,0
11,0,1.0,3.277613436819116,0
10,0,1.0,3.121928094887362,0
4,0,1.0,2.0,0
5,0,1.0,2.321928094887362,0
15,1,1.0769230769230769,2.999581230646064,0
10,2,1.0,2.9219280948873623,0
9,0,1.0,2.725480556997868,0
12,0,1.0,3.418295834054489,0
9,0,1.0,2.9477027792200903,0
8,0,1.0,2.75,0
9,0,1.0,2.94770277922009,0
7,0,1.0,2.1280852788913944,0
8,2,1.0,3.0,0
7,1,1.0,2.5216406363433186,0
9,0,1.0,2.94770277922009,0
12,0,1.0,3.084962500721156,0
8,0,1.0,2.75,0
15,0,1.0,2.973557262275185,0
11,0,1.0,3.095795255000934,0
14,0,1.0,3.6644977792004623,0
15,0,1.1666666666666667,2.8729055953200557,0
11,0,1.1111111111111112,2.5503407095463886,0
11,0,1.0,2.9139770731827523,0
7,2,1.0,2.807354922057604,0
12,0,1.0,3.2516291673878226,0
12,0,1.0,3.2516291673878226,0
9,0,1.0,2.9477027792200903,0
15,0,1.0,3.2402239289418517,0
14,0,1.0833333333333333,3.2359263506290334,0
9,0,1.0,2.725480556997868,0
8,0,1.0,2.75,0
8,0,1.0,2.5,0
15,0,1.0,3.373557262275185,0
8,0,1.0,2.5,0
9,0,1.1428571428571428,2.2810361125534233,0
7,0,1.0,2.807354922057604,0
9,0,1.0,2.94770277922009,0
13,0,1.0,3.085055102756477,0
13,0,1.0909090909090908,3.0269868333592873,0
13,0,1.0,3.180832987205441,0
8,1,1.0,2.0,0
9,0,1.0,3.169925001442312,0
15,2,1.0769230769230769,3.32323142879762,0
10,0,1.0,3.121928094887362,0
10,0,1.0,2.9219280948873623,0
14,2,1.0,3.3787834934861767,0
9,0,1.0,2.94770277922009,0
13,2,1.0,3.180832987205441,0
11,0,1.0,3.0957952550009344,0
10,0,1.0,2.9219280948873623,0
15,2,1.0769230769230769,3.106890595608519,0
11,0,1.1111111111111112,2.481714572986073,0
13,0,1.2,2.931208948910323,0
12,0,1.1,2.688721875540867,0
11,0,1.0,2.845350936622437,0
14,0,1.0,3.378783493486176,0
7,3,1.0,2.2359263506290326,0
11,0,1.0,2.8453509366224368,0
15,0,1.0,3.640223928941852,0
15,0,1.0,3.106890595608519,0
15,5,1.0,3.5068905956085183,0
15,1,1.0,3.32323142879762,0
12,2,1.0,3.418295834054489,0
11,0,1.0,3.277613436819116,0
14,0,1.0,3.182005814760214,0
13,0,1.0909090909090908,2.7773627950641693,0
14,1,1.0,3.039148671903071,0
13,0,1.2,2.931208948910323,0
10,2,1.0,3.121928094887362,0
15,5,1.0,3.640223928941852,0
13,0,1.0909090909090908,3.3927474104487847,0
9,0,1.0,2.725480556997868,0
6,4,1.0,2.2516291673878226,0
8,0,1.0,2.75,0
8,0,1.0,3.0,0
12,3,1.0,3.2516291673878226,0
12,0,1.0,3.084962500721156,0
14,0,1.0,3.3787834934861767,0
11,0,1.0,3.277613436819116,0
14,0,1.0,3.3248629576173565,0
15,2,1.0,3.5068905956085183,0
14,3,1.0,3.3248629576173574,0
13,0,1.0,3.180832987205441,0
13,0,1.0909090909090908,2.873140679513133,0
8,0,1.0,2.5,0
14,4,1.0,3.521640636343319,0
13,0,1.0,3.085055102756477,0
15,0,1.0,3.589898095464287,0
15,1,1.0,3.3735572622751846,0
14,0,1.1818181818181819,2.9852281360342525,0
13,2,1.0,3.238901256602631,0
11,0,1.0,3.277613436819116,0
11,0,1.0,3.0957952550009344,0
15,0,1.0769230769230769,3.3735572622751846,0
11,3,1.0,3.0957952550009344,0
11,0,1.0,2.9139770731827523,0
10,0,1.0,3.121928094887362,0
12,0,1.0,3.418295834054489,0
15,0,1.0,3.189898095464287,0
12,0,1.2222222222222223,2.918295834054489,0
14,0,1.0,3.3787834934861767,0
11,0,1.1111111111111112,2.663532754804255,0
10,0,1.0,2.9219280948873623,0
11,0,1.0,2.550340709546388,0
11,1,1.1111111111111112,2.663532754804255,0
13,0,1.0,3.180832987205441,0
10,0,1.0,3.121928094887362,0
10,0,1.0,2.6464393446710157,0
15,0,1.0,3.1395722619867223,0
11,4,1.0,3.027169118440619,0
14,0,1.0833333333333333,3.039148671903071,0
13,0,1.0,3.238901256602631,0
15,0,1.0,3.640223928941851,0
11,0,1.0,3.0957952550009344,0
11,0,1.1111111111111112,2.8453509366224368,0
12,0,1.0,3.2516291673878226,0
6,2,1.0,2.584962500721156,0
9,0,1.0,2.94770277922009,0
12,0,1.0,3.2516291673878226,0
8,0,1.0,2.75,0
12,0,1.0,3.2516291673878226,0
11,0,1.0,3.2776134368191165,0
10,0,1.0,2.9219280948873623,0
12,0,1.0,2.9182958340544896,1
15,0,1.0,3.323231428797621,0
15,1,1.0,3.3232314287976203,0
14,0,1.0,3.182005814760214,0
8,0,1.0,2.75,0
11,0,1.0,2.9139770731827523,0
14,0,1.0,3.3787834934861767,0
9,1,1.0,3.169925001442312,0
10,0,1.0,2.9219280948873623,0
14,0,1.0,3.378783493486176,0
9,0,1.0,2.9477027792200903,0
12,2,1.375,2.5849625007211556,0
9,0,1.1428571428571428,2.5032583347756456,0
14,0,1.0,3.378783493486176,0
12,0,1.1,2.8553885422075336,0
7,0,1.0,2.1280852788913944,0
13,0,1.2,3.085055102756477,0
10,0,1.0,2.9219280948873623,0
14,0,1.0833333333333333,3.039148671903071,0
11,0,1.0,3.277613436819116,0
9,2,1.0,3.169925001442312,0
12,2,1.0,3.2516291673878226,0
13,0,1.0909090909090908,2.9312089489103235,0
14,0,1.0,3.521640636343319,0
10,3,1.0,3.121928094887362,0
15,0,1.0,3.3735572622751855,0
10,0,1.0,2.4464393446710155,1
10,0,1.0,2.9219280948873623,0
13,0,1.0,3.3927474104487847,0
9,0,1.0,2.725480556997868,0
15,0,1.0769230769230769,3.056564762130954,0
12,0,1.0,3.084962500721156,0
14,0,1.0,2.950212064914747,0
14,1,1.0833333333333333,3.09306920777189,0
15,2,1.0,3.773557262275185,0
9,2,1.0,2.725480556997868,0
11,0,1.0,3.0957952550009344,0
14,4,1.1818181818181819,3.182005814760214,0
9,0,1.0,2.725480556997868,0
8,0,1.0,2.5,0
5,0,1.0,1.9219280948873623,0
15,0,1.0,3.640223928941851,0
6,2,1.0,2.584962500721156,0
15,0,1.0,3.323231428797621,0
11,0,1.0,3.277613436819116,0
12,0,1.0,3.2516291673878226,0
4,0,1.0,1.5,0
10,0,1.125,2.4464393446710155,0
14,0,1.0,3.378783493486176,0
12,0,1.0,3.2516291673878226,0
13,0,1.0,3.238901256602631,0
12,0,1.0,3.418295834054489,0
15,0,1.0769230769230769,3.32323142879762,0
11,0,1.0,3.095795255000934,0
13,0,1.0,3.180832987205441,0
12,0,1.0,3.418295834054489,0
11,0,1.0,3.459431618637298,0
11,0,1.0,3.277613436819116,0
13,0,1.0,3.238901256602631,0
10,0,1.0,2.9219280948873623,0
10,1,1.0,3.321928094887362,0
11,0,1.0,3.027169118440619,0
13,0,1.0,3.3927474104487847,0
9,0,1.0,2.94770277922009,0
10,0,1.0,3.121928094887362,0
9,2,1.0,2.94770277922009,0
15,0,1.0,3.506890595608518,0
12,0,1.1,2.8553885422075336,0
8,0,1.0,3.0,0
9,4,1.0,2.94770277922009,0
10,0,1.0,3.321928094887362,0
11,0,1.0,2.7321588913645702,0
8,4,1.0,2.75,0
14,0,1.0,3.521640636343319,0
10,0,1.0,2.8464393446710154,0
4,0,1.0,2.0,0
11,0,1.0,2.913977073182752,0
15,0,1.1666666666666667,2.973557262275185,0
10,0,1.0,3.121928094887362,0
11,0,1.0,3.277613436819116,0
11,0,1.0,3.027169118440619,0
10,0,1.0,3.321928094887362,0
4,0,1.0,2.0,0
6,0,1.0,2.584962500721156,0
14,0,1.0,2.950212064914747,0
13,0,1.0,3.3927474104487847,0
15,0,1.0,3.32323142879762,0
11,0,1.0,3.095795255000934,0
12,0,1.0,3.418295834054489,0
9,0,1.0,2.725480556997868,0
14,0,1.0,3.182005814760214,0
12,0,1.0,3.0220552088742,0
14,0,1.0,3.182005814760214,0
13,0,1.0,3.238901256602631,0
12,0,1.0,3.418295834054489,0
9,2,1.0,3.169925001442312,0
11,0,1.0,3.095795255000934,0
12,0,1.0,3.084962500721156,0
14,2,1.3,3.128085278891395,0
14,0,1.0833333333333333,3.3248629576173574,0
11,0,1.0,3.0957952550009344,0
13,0,1.0,3.085055102756477,0
15,1,1.0,3.506890595608518,0
11,0,1.0,3.277613436819116,0
11,1,1.0,3.277613436819116,0
14,0,1.0,3.521640636343319,0
9,0,1.0,2.6416041678685933,0
14,0,1.0,3.521640636343319,0
10,0,1.0,3.121928094887362,0
13,0,1.0,3.0269868333592873,0
11,0,1.1111111111111112,2.913977073182752,0
12,0,1.0,3.418295834054489,0
14,0,1.0833333333333333,2.610577243331642,0
14,0,1.0833333333333333,2.950212064914748,0
9,0,1.0,2.9477027792200903,0
15,0,1.1666666666666667,2.8662478973127308,0
14,0,1.0833333333333333,2.9852281360342525,0
10,2,1.0,3.121928094887362,0
15,0,1.0769230769230769,3.2402239289418517,0
15,1,1.0,3.589898095464287,0
12,0,1.0,3.2516291673878226,0
10,2,1.0,3.121928094887362,0
13,0,1.0909090909090908,3.180832987205441,0
11,0,1.0,2.7321588913645702,0
10,0,1.0,3.1219280948873624,0
12,0,1.0,3.0849625007211556,0
9,1,1.0,2.725480556997868,0
13,0,1.0,3.546593564294939,0
14,0,1.0,3.182005814760214,0
14,0,1.0,3.3787834934861767,0
14,0,1.0,3.2359263506290334,0
6,0,1.0,2.2516291673878226,0
7,0,1.0,2.5216406363433186,0
15,1,1.0,3.773557262275185,0
10,0,1.2857142857142858,2.4464393446710155,0
12,0,1.0,3.0220552088742,0
15,2,1.0769230769230769,3.189898095464287,0
14,0,1.0,3.2359263506290334,0
12,0,1.0,3.2516291673878226,0
8,0,1.0,2.75,0
15,0,1.0,3.373557262275185,0
12,0,1.0,3.0220552088742,0
10,2,1.0,3.1219280948873624,0
8,7,1.0,2.5,0
10,0,1.0,2.9219280948873623,0
12,0,1.0,2.751629167387823,0
12,0,1.0,3.418295834054489,0
7,1,1.0,2.521640636343318,0
7,0,1.0,2.5216406363433186,0
11,2,1.0,3.0957952550009344,0
15,0,1.0,3.6402239289418516,0
8,0,1.0,2.75,0
14,0,1.0,3.6644977792004623,0
12,0,1.0,3.2516291673878226,0
15,0,1.0,3.0062389286533895,0
14,0,1.0,3.3248629576173574,0
11,0,1.0,2.5503407095463886,0
8,0,1.0,2.5,0
14,0,1.0833333333333333,3.52164063634332,0
15,0,1.0,3.6402239289418516,0
12,0,1.0,3.0220552088742,0
5,0,1.0,2.321928094887362,0
9,0,1.0,2.9477027792200903,0
11,4,1.25,2.7321588913645702,0
13,0,1.2,2.873140679513133,0
9,0,1.0,3.169925001442312,0
7,0,1.0,2.807354922057604,0
13,0,1.2,2.8731406795131336,0
13,0,1.2,3.0269868333592873,0
10,0,1.0,2.9219280948873623,0
12,0,1.0,2.855388542207534,0
12,0,1.0,3.2516291673878226,0
10,0,1.125,2.721928094887362,0
10,2,1.0,3.1219280948873624,0
13,1,1.0,3.180832987205441,0
9,0,1.0,2.94770277922009,0
12,0,1.1,2.292481250360578,0
15,0,1.0,3.0565647621309537,0
4,0,1.0,2.0,0
10,0,1.0,3.321928094887362,0
13,0,1.0909090909090908,3.238901256602631,0
11,0,1.0,3.0957952550009344,0
15,0,1.0769230769230769,3.106890595608518,0
15,0,1.0,3.373557262275185,0
14,0,1.0,3.3787834934861767,0
15,5,1.0,3.640223928941852,0
13,0,1.0,3.238901256602631,0
11,0,1.4285714285714286,2.40400975732486,0
6,0,1.0,2.584962500721156,0
10,0,1.0,3.121928094887362,0
12,3,1.0,3.584962500721156,0
9,0,1.0,2.94770277922009,0
10,0,1.0,2.8464393446710154,0
10,0,1.0,2.9219280948873623,0
13,0,1.2,3.238901256602631,0
7,2,1.0,2.521640636343318,0
15,2,1.0,3.456564762130953,0
11,0,1.0,3.277613436819116,0
10,0,1.0,3.321928094887362,0
11,7,1.0,3.277613436819116,0
15,4,1.0,3.323231428797621,0
14,0,1.0,3.09306920777189,0
15,0,1.0769230769230769,3.3735572622751846,0
13,0,1.0,3.546593564294939,0
15,2,1.0,3.640223928941851,0
12,0,1.0,2.9182958340544896,0
14,0,1.0,3.3248629576173574,0
11,0,1.1111111111111112,2.7321588913645702,0
11,0,1.0,2.9139770731827523,0
11,0,1.0,3.277613436819116,0
13,0,1.0,3.392747410448785,0
5,0,1.0,1.9219280948873623,0
13,0,1.0,3.0269868333592873,0
9,0,1.0,2.9477027792200903,0
15,1,1.0,3.3232314287976203,0
15,0,1.0769230769230769,3.189898095464287,0
14,2,1.0833333333333333,3.3787834934861767,0
13,0,1.0909090909090908,3.238901256602631,0
7,0,1.0,2.521640636343318,0
11,0,1.0,3.2776134368191165,0
12,0,1.0,3.084962500721156,0
11,0,1.0,3.277613436819116,0
14,0,1.0,3.182005814760214,0
11,0,1.0,2.9139770731827523,0
10,0,1.0,2.9219280948873623,0
15,0,1.0,3.640223928941852,0
12,0,1.0,3.418295834054489,1
12,0,1.0,3.0220552088742005,0
6,0,1.0,2.584962500721156,0
10,0,1.0,2.9219280948873623,1
7,0,1.0,2.5216406363433186,0
7,0,1.0,2.5216406363433186,1
13,0,1.0,3.180832987205441,0
8,1,1.0,2.25,0
15,1,1.0,3.4565647621309536,0
9,0,1.0,2.9477027792200903,0
9,2,1.0,2.94770277922009,0
12,0,1.0,3.0220552088742,0
10,2,1.0,2.9219280948873627,0
15,0,1.0,3.373557262275185,0
13,0,1.0,3.180832987205441,0
14,0,1.0,3.3248629576173574,0
12,0,1.0,3.084962500721156,0
14,0,1.0,3.182005814760214,0
11,0,1.0,2.663532754804255,0
14,0,1.0,3.039148671903071,0
11,0,1.0,3.277613436819116,0
12,0,1.0,3.418295834054489,0
7,0,1.0,2.521640636343318,0
14,0,1.0,3.3248629576173574,0
8,0,1.0,2.5,0
12,0,1.0,3.084962500721156,0
13,0,1.0,2.873140679513133,0
14,0,1.0833333333333333,3.182005814760214,0
11,1,1.0,3.277613436819116,0
12,0,1.0,2.751629167387823,0
4,0,1.0,2.0,0
13,0,1.0,2.9312089489103235,0
10,0,1.2857142857142858,2.6464393446710153,0
13,0,1.0,3.0269868333592873,0
11,0,1.0,2.9139770731827523,0
15,2,1.0,3.506890595608518,0
12,0,1.0,2.8553885422075336,0
11,0,1.1111111111111112,2.8453509366224368,0
10,0,1.0,3.121928094887362,0
9,0,1.0,2.94770277922009,0
11,0,1.0,3.0957952550009344,0
15,0,1.0,3.6402239289418516,0
14,0,1.0833333333333333,3.128085278891395,0
10,2,1.0,2.9219280948873623,0
10,0,1.0,2.4464393446710155,0
6,0,1.0,2.2516291673878226,0
11,0,1.0,3.027169118440619,0
9,0,1.0,2.94770277922009,0
8,0,1.0,2.75,0
14,0,1.0,3.09306920777189,0
11,0,1.0,2.8453509366224368,0
6,0,1.0,2.2516291673878226,0
8,0,1.0,2.5,0
13,1,1.0,3.180832987205441,0
10,2,1.0,3.121928094887362,0
15,0,1.0769230769230769,3.0565647621309537,0
9,2,1.0,3.169925001442312,0
10,0,1.0,2.9219280948873623,0
10,0,1.0,3.121928094887362,0
9,0,1.0,2.94770277922009,0
9,1,1.0,2.94770277922009,0
15,2,1.0,3.589898095464287,0
10,0,1.0,2.8464393446710154,0
11,0,1.0,2.663532754804255,0
9,0,1.0,2.725480556997868,0
12,4,1.0,3.2516291673878226,0
15,0,1.0,3.640223928941852,1
11,0,1.0,3.0957952550009344,0
13,0,1.0,3.3927474104487847,0
11,0,1.1111111111111112,2.8453509366224368,0
13,0,1.0909090909090908,3.3927474104487847,0
10,0,1.0,2.3709505944546683,0
13,0,1.0,3.3927474104487847,0
12,0,1.0,3.084962500721156,0
15,0,1.0769230769230769,3.3232314287976203,0
10,0,1.0,3.321928094887362,0
12,0,1.0,2.7516291673878226,0
10,0,1.0,2.8464393446710154,0
14,0,1.0,3.378783493486176,0
11,0,1.0,3.459431618637298,0
9,3,1.0,2.9477027792200903,0
13,0,1.0909090909090908,3.0269868333592873,0
8,0,1.0,3.0,0
13,0,1.2,2.8150724101159437,0
13,0,1.0,3.238901256602631,0
4,0,1.0,2.0,0
15,0,1.0,3.2402239289418517,0
11,2,1.0,3.0957952550009344,0
14,0,1.0,3.182005814760214,0
10,0,1.0,2.6464393446710153,0
7,0,1.0,2.807354922057604,0
10,4,1.0,2.9219280948873623,0
7,0,1.0,2.807354922057604,0
14,0,1.1818181818181819,2.9852281360342525,0
13,0,1.0,3.238901256602631,0
11,0,1.1111111111111112,2.413088436425758,0
15,0,1.0,3.640223928941851,0
7,3,1.0,2.521640636343318,0
9,0,1.0,2.725480556997868,0
9,0,1.0,3.169925001442312,0
13,0,1.0,3.180832987205441,0
9,1,1.0,2.725480556997868,0
10,0,1.0,3.321928094887362,0
9,4,1.0,2.9477027792200903,0
9,0,1.0,2.94770277922009,0
12,0,1.1,3.2516291673878226,0
9,0,1.0,3.169925001442312,0
14,0,1.0,3.521640636343319,0
13,0,1.0,3.334679141051595,0
11,0,1.0,3.459431618637298,0
15,0,1.0,3.0565647621309537,0
6,0,1.0,2.584962500721156,0
8,0,1.0,2.4056390622295662,0
15,0,1.0,3.3232314287976203,0
7,2,1.0,2.521640636343318,0
12,3,1.0,2.6258145836939115,0
14,0,1.0,3.09306920777189,0
14,0,1.0,3.378783493486176,0
14,0,1.0,3.2359263506290334,0
9,0,1.0,2.94770277922009,1
15,4,1.0,3.773557262275185,0
13,0,1.0,3.238901256602631,0
10,0,1.0,3.321928094887362,0
15,0,1.0,3.189898095464287,0
12,0,1.0,3.418295834054489,0
10,0,1.0,3.121928094887362,0
9,0,1.0,2.94770277922009,0
10,0,1.0,3.121928094887362,0
7,0,1.2,2.2359263506290326,0
13,0,1.0,3.180832987205441,0
8,0,1.0,3.0,0
13,0,1.0,3.180832987205441,0
11,0,1.0,2.5503407095463886,0
9,2,1.0,3.169925001442312,0
7,0,1.0,2.5216406363433186,0
8,1,1.0,3.0,0
9,0,1.0,2.725480556997868,0
11,4,1.0,3.459431618637298,0
12,0,1.0,3.084962500721156,0
13,0,1.0,3.180832987205441,0
13,0,1.0,3.546593564294939,0
10,5,1.0,3.121928094887362,0
11,2,1.0,3.277613436819116,0
11,0,1.0,3.095795255000934,0
11,0,1.0,3.459431618637298,0
13,1,1.0,3.180832987205441,0
7,1,1.0,2.2359263506290326,0
15,0,1.0,3.4565647621309536,0
12,1,1.0,3.418295834054489,0
15,2,1.0,3.3735572622751855,0
10,0,1.0,2.7219280948873625,0
14,0,1.0,3.2359263506290326,0
10,0,1.125,2.1709505944546685,0
11,0,1.0,3.277613436819116,0
9,0,1.0,2.725480556997868,0
15,3,1.1666666666666667,3.189898095464287,0
10,3,1.0,3.1219280948873624,0
11,0,1.0,3.0957952550009344,0
11,0,1.0,3.0957952550009344,1
14,0,1.0,3.521640636343319,1
12,0,1.0,3.188721875540867,0
8,0,1.0,2.25,0
10,0,1.0,3.121928094887362,0
12,0,1.0,3.084962500721156,0
14,0,1.0833333333333333,3.2359263506290326,0
12,0,1.2222222222222223,2.125814583693911,0
12,0,1.0,3.2516291673878226,0
14,0,1.0,3.2359263506290326,0
14,0,1.0,3.521640636343319,0
7,0,1.0,2.5216406363433186,0
9,0,1.0,2.94770277922009,0
11,0,1.0,3.277613436819116,0
8,0,1.0,3.0,0
12,0,1.0,2.8553885422075336,0
7,0,1.0,2.807354922057604,0
8,0,1.0,3.0,0
11,0,1.0,3.095795255000934,0
12,0,1.0,2.9182958340544896,0
13,0,1.0,3.180832987205441,0
13,0,1.0909090909090908,3.0269868333592873,0
14,0,1.4444444444444444,2.495602923729013,0
13,0,1.0,2.7773627950641693,0
10,9,1.0,2.7219280948873625,0
11,0,1.0,2.9139770731827523,0
9,0,1.0,2.725480556997868,0
10,4,1.0,3.121928094887362,0
9,0,1.0,2.94770277922009,0
10,0,1.125,2.3709505944546687,0
15,0,1.0,3.240223928941852,0
10,5,1.125,2.321928094887362,0
13,0,1.0,3.3927474104487847,0
15,2,1.0,3.506890595608518,0
15,0,1.0,2.789898095464287,0
11,0,1.0,2.8453509366224368,0
12,0,1.0,3.084962500721156,0
12,0,1.0,2.8553885422075336,0
9,0,1.0,2.725480556997868,0
14,0,1.0,3.521640636343319,0
7,0,1.0,2.807354922057604,0
8,0,1.0,2.75,0
12,0,1.0,2.8553885422075336,0
11,0,1.0,3.095795255000934,0
15,1,1.0,3.506890595608519,0
12,0,1.0,3.0849625007211556,0
13,2,1.0,3.180832987205441,0
12,0,1.0,3.2516291673878226,0
9,0,1.0,2.725480556997868,0
11,0,1.0,3.0957952550009344,0
10,3,1.0,3.1219280948873624,0
12,0,1.1,3.0220552088742,0
12,0,1.0,3.418295834054489,0
14,0,1.0,3.521640636343319,0
7,2,1.0,2.521640636343318,0
15,0,1.0,3.506890595608518,0
10,0,1.0,2.7219280948873625,0
11,0,1.0,3.459431618637298,0
9,0,1.0,2.4193819456463714,1
10,3,1.0,2.9219280948873623,0
7,2,1.0,2.807354922057604,0
15,0,1.0,3.456564762130953,0
14,0,1.0,3.2359263506290334,0
14,1,1.0,3.2359263506290334,0
15,4,1.0,3.4565647621309536,0
11,0,1.1111111111111112,2.2998963911678914,0
14,0,1.0,3.3248629576173574,0
8,0,1.0,2.75,0
12,0,1.0,2.7516291673878226,0
12,1,1.0,3.584962500721156,0
12,0,1.1,3.2516291673878226,0
14,0,1.0,3.378783493486176,0
11,0,1.1111111111111112,2.5949066182439395,0
7,0,1.0,2.807354922057604,0
10,0,1.0,3.121928094887362,0
13,0,1.0,2.9312089489103235,0
11,0,1.0,3.277613436819116,0
13,0,1.0,3.180832987205441,0
10,0,1.2857142857142858,2.4464393446710155,0
13,0,1.0,3.0269868333592873,0
13,0,1.0,3.0269868333592873,0
8,0,1.0,2.75,0
6,0,1.0,2.2516291673878226,0
12,2,1.0,3.418295834054489,0
14,0,1.0,3.521640636343319,0
5,0,1.0,2.321928094887362,0
15,0,1.0769230769230769,3.3232314287976203,1
8,1,1.0,3.0,0
11,0,1.0,2.8453509366224368,0
13,0,1.0909090909090908,2.873140679513133,0
14,0,1.0833333333333333,3.3248629576173574,0
8,0,1.0,3.0,0
7,2,1.0,2.807354922057604,0
11,0,1.0,3.2776134368191165,0
13,0,1.0,3.238901256602631,0
11,4,1.0,2.9139770731827523,0
12,0,1.0,3.2516291673878226,0
13,0,1.0,3.238901256602631,0
13,0,1.0,3.238901256602631,0
13,0,1.0,3.180832987205441,0
15,0,1.0769230769230769,3.1395722619867223,0
9,6,1.0,2.725480556997868,0
13,0,1.0,2.873140679513133,0
12,0,1.1,2.8553885422075336,0
12,0,1.375,2.355388542207534,0
9,0,1.0,2.94770277922009,0
15,0,1.0,3.323231428797621,0
10,1,1.0,3.321928094887362,0
10,0,1.0,2.9219280948873623,0
12,0,1.0,3.2516291673878226,0
12,0,1.1,3.0220552088742,0
10,0,1.125,2.4464393446710155,0
15,0,1.0,3.3232314287976203,0
8,0,1.0,2.75,0
13,0,1.0,3.0269868333592873,0
10,0,1.0,2.8464393446710154,0
10,3,1.0,3.121928094887362,0
15,1,1.0,3.1898980954642866,0
13,0,1.0,3.180832987205441,1
9,0,1.0,2.9477027792200903,0
14,0,1.0,3.3248629576173574,0
7,0,1.0,2.521640636343318,0
12,0,1.0,3.418295834054489,0
8,0,1.0,2.75,0
12,1,1.0,3.084962500721156,0
10,0,1.125,2.6464393446710157,0
12,0,1.0,3.084962500721156,0
13,0,1.0,3.5465935642949384,0
13,0,1.0,3.238901256602631,0
12,0,1.0,3.188721875540867,0
8,0,1.0,2.5,0
7,1,1.0,2.521640636343318,0
14,0,1.0833333333333333,3.2359263506290334,0
12,0,1.0,3.2516291673878226,0
12,0,1.5714285714285714,2.1258145836939115,0
15,0,1.0,3.0565647621309537,0
9,0,1.0,2.4193819456463714,0
12,0,1.0,3.2516291673878226,0
12,0,1.0,3.2516291673878226,0
13,0,1.0,3.3927474104487847,0
10,0,1.0,2.721928094887362,0
12,0,1.0,3.2516291673878226,0
10,2,1.0,2.9219280948873623,0
10,0,1.0,2.846439344671015,0
14,0,1.0,3.521640636343319,0
14,0,1.0,3.3248629576173574,0
15,0,1.0,3.773557262275185,0
15,0,1.0,3.3232314287976203,0
11,0,1.0,3.027169118440619,0
12,0,1.1,3.0220552088742005,0
9,2,1.0,2.94770277922009,0
9,1,1.0,3.169925001442312,0
13,0,1.0,3.5465935642949384,0
14,1,1.0,3.521640636343319,0
12,1,1.1,2.8553885422075336,0
8,3,1.0,2.75,0
12,0,1.0,3.0220552088742005,0
7,0,1.0,2.807354922057604,0
11,0,1.0,3.0957952550009344,0
7,4,1.0,2.5216406363433186,0
15,8,1.0,3.640223928941852,0
12,0,1.0,3.0220552088742,0
14,0,1.0833333333333333,2.9852281360342525,0
8,2,1.0,2.75,0
8,0,1.0,3.0,0
9,3,1.0,2.9477027792200903,0
8,0,1.0,3.0,0
9,0,1.0,3.169925001442312,0
10,0,1.0,3.121928094887362,0
13,0,1.0,2.9312089489103235,0
15,2,1.0,3.323231428797621,0
10,0,1.0,2.8464393446710154,0
14,1,1.0,3.8073549220576055,0
12,0,1.1,3.0220552088742,0
15,0,1.0,3.189898095464287,0
13,0,1.0909090909090908,2.8150724101159437,0
14,0,1.0,3.3787834934861767,0
8,0,1.0,2.75,0
15,0,1.0769230769230769,3.1898980954642875,0
10,0,1.0,2.9219280948873623,0
15,0,1.0,3.373557262275185,1
12,0,1.0,2.9182958340544896,0
15,0,1.0769230769230769,3.3735572622751855,0
11,3,1.0,3.459431618637298,0
13,0,1.0,3.546593564294939,0
12,1,1.0,3.0220552088742,0
12,0,1.1,2.688721875540867,0
12,0,1.1,3.0220552088742,0
7,0,1.2,2.235926350629032,0
11,0,1.1111111111111112,2.9139770731827523,0
14,0,1.0,2.950212064914747,0
10,0,1.0,2.9219280948873623,0
13,0,1.0,3.5465935642949384,0
7,2,1.0,2.807354922057604,0
14,0,1.0,3.2359263506290334,0
11,0,1.0,3.277613436819116,0
6,0,1.0,2.584962500721156,0
7,0,1.0,2.5216406363433186,0
6,0,1.0,2.2516291673878226,0
8,0,1.0,3.0,0
9,4,1.0,3.169925001442312,0
9,0,1.0,2.94770277922009,0
7,0,1.0,2.807354922057604,0
15,1,1.0,3.506890595608518,0
14,0,1.0,2.950212064914748,0
11,0,1.0,3.277613436819116,0
15,1,1.0,3.3735572622751855,0
14,0,1.0,3.521640636343319,0
10,0,1.0,3.121928094887362,0
15,0,1.0769230769230769,3.506890595608518,0
10,0,1.0,2.9219280948873623,0
13,0,1.0,3.238901256602631,0
15,8,1.0769230769230769,3.323231428797621,0
12,0,1.0,3.2516291673878226,0
8,0,1.0,2.75,0
10,0,1.0,3.321928094887362,0
12,2,1.0,3.0220552088742005,0
10,0,1.125,2.9219280948873623,0
7,2,1.2,2.2359263506290326,0
15,3,1.0,3.640223928941852,0
8,0,1.0,2.5,0
5,0,1.0,2.321928094887362,0
14,0,1.0833333333333333,3.2359263506290334,0
12,0,1.0,3.584962500721156,0
14,4,1.0833333333333333,2.9852281360342516,0
15,4,1.0,3.373557262275185,0
11,0,1.0,3.095795255000934,0
15,1,1.0,3.3735572622751855,0
14,0,1.0833333333333333,3.3248629576173574,0
14,0,1.0,3.182005814760214,0
14,2,1.0,3.378783493486176,0
10,0,1.0,2.9219280948873623,0
12,0,1.2222222222222223,2.8553885422075336,0
13,0,1.0,3.3927474104487847,0
11,0,1.1111111111111112,2.9139770731827523,0
13,0,1.0909090909090908,3.180832987205441,0
10,0,1.125,2.721928094887362,0
9,0,1.0,2.9477027792200903,0
14,0,1.0,3.378783493486176,0
15,0,1.0,3.4565647621309536,0
15,0,1.0,3.506890595608518,0
10,0,1.0,3.121928094887362,0
13,2,1.0909090909090908,3.0269868333592873,0
11,0,1.0,3.027169118440619,0
12,2,1.1,3.0220552088742,0
10,0,1.0,2.9219280948873623,0
12,2,1.1,3.084962500721156,0
13,0,1.0,3.180832987205441,0
12,0,1.0,3.2516291673878226,0
10,0,1.0,2.4464393446710155,0
9,3,1.0,3.169925001442312,0
9,0,1.0,2.94770277922009,0
14,0,1.0,3.521640636343319,1
15,0,1.0,3.640223928941851,0
12,0,1.0,3.0220552088742,0
13,0,1.2,2.6535442970305683,0
14,4,1.0,3.182005814760214,0
13,0,1.0,3.180832987205441,0
14,0,1.0,3.182005814760214,0
14,0,1.0,2.9852281360342525,0
15,0,1.0,3.1068905956085184,0
8,0,1.0,2.5,0
11,0,1.0,3.0957952550009344,0
9,0,1.0,2.5032583347756456,0
11,4,1.0,3.095795255000934,0
15,2,1.0,3.373557262275185,0
15,3,1.0,3.773557262275185,0
15,2,1.0,3.3735572622751855,0
14,0,1.0833333333333333,3.039148671903071,0
15,0,1.0,3.3232314287976203,0
12,0,1.0,3.084962500721156,0
13,0,1.0,3.546593564294939,0
14,2,1.0,3.378783493486176,0
5,0,1.0,2.321928094887362,0
15,2,1.0,3.5068905956085183,0
10,0,1.0,3.1219280948873624,0
9,0,1.0,2.94770277922009,0
14,0,1.0,3.2359263506290334,0
15,4,1.0769230769230769,3.1395722619867223,1
12,0,1.0,2.8553885422075336,0
9,1,1.0,3.169925001442312,0
9,0,1.0,2.94770277922009,0
14,0,1.0,3.3248629576173574,0
12,0,1.1,2.8553885422075336,0
15,1,1.0,3.6402239289418516,0
14,0,1.0,3.182005814760214,0
9,0,1.0,2.6416041678685933,0
15,0,1.0,3.323231428797621,0
12,0,1.0,3.418295834054489,0
7,0,1.0,2.5216406363433186,0
6,0,1.0,1.9182958340544896,0
14,0,1.0,3.182005814760214,0
14,0,1.0,3.2359263506290326,0
11,0,1.0,3.095795255000934,0
12,0,1.0,3.2516291673878226,0
13,0,1.0,3.5465935642949384,0
8,0,1.0,2.5,0
15,2,1.0,3.906890595608518,0
14,0,1.0,3.3248629576173574,0
14,0,1.0833333333333333,3.2359263506290334,0
10,0,1.0,3.321928094887362,0
13,0,1.0,3.180832987205441,0
11,0,1.1111111111111112,2.6635327548042547,0
12,0,1.0,3.0220552088742,0
14,3,1.0,3.8073549220576055,0
12,0,1.0,3.2516291673878226,0
11,4,1.0,2.8453509366224368,0
9,4,1.0,2.94770277922009,0
14,0,1.0833333333333333,3.182005814760214,0
8,2,1.0,2.5,0
12,0,1.0,3.2516291673878226,0
10,4,1.0,3.121928094887362,0
15,0,1.0,3.3735572622751846,0
13,0,1.0,3.0850551027564768,0
12,0,1.1,2.751629167387823,0
13,0,1.0909090909090908,3.238901256602631,0
10,3,1.0,3.321928094887362,0
12,0,1.0,3.0849625007211556,0
7,0,1.0,2.521640636343318,0
14,0,1.0,2.950212064914748,0
15,0,1.0,3.3232314287976203,0
12,2,1.0,3.418295834054489,0
10,0,1.0,3.121928094887362,0
9,0,1.0,2.9477027792200903,0
11,0,1.0,3.277613436819116,0
8,2,1.1666666666666667,2.4056390622295662,0
14,9,1.0,3.521640636343319,0
7,0,1.0,2.2359263506290326,0
12,0,1.0,3.418295834054489,0
11,0,1.0,3.277613436819116,0
11,0,1.0,3.2776134368191165,0
6,0,1.0,2.2516291673878226,0
13,0,1.0,3.180832987205441,0
8,0,1.0,2.5,0
12,0,1.0,3.084962500721156,0
11,2,1.0,3.277613436819116,0
12,0,1.0,3.2516291673878226,0
10,0,1.0,3.321928094887362,0
12,0,1.0,2.8553885422075336,0
10,4,1.0,3.321928094887362,0
10,0,1.0,2.7219280948873625,0
9,0,1.0,2.9477027792200903,0
10,0,1.0,2.6464393446710153,0
8,0,1.1666666666666667,1.75,0
15,0,1.0,3.189898095464287,0
7,4,1.0,2.807354922057604,0
11,0,1.0,3.277613436819116,0
10,0,1.0,3.121928094887362,0
7,2,1.0,2.807354922057604,0
14,0,1.0,2.8962915290459286,0
14,0,1.3,3.09306920777189,0
14,0,1.0,3.182005814760214,0
15,0,1.0,3.5068905956085183,0
9,1,1.0,2.94770277922009,0
14,0,1.0,3.039148671903071,0
8,0,1.0,2.4056390622295662,0
9,2,1.0,2.94770277922009,0
10,0,1.0,2.9219280948873623,0
8,0,1.0,2.5,0
11,0,1.0,3.277613436819116,0
14,0,1.0833333333333333,3.09306920777189,0
11,0,1.0,3.0957952550009344,0
12,0,1.0,3.2516291673878226,0
11,0,1.0,3.277613436819116,0
11,0,1.1111111111111112,2.913977073182752,0
10,1,1.125,2.9219280948873623,0
9,0,1.0,2.94770277922009,0
9,0,1.0,2.725480556997868,0
11,0,1.1111111111111112,2.845350936622437,0
15,0,1.0769230769230769,3.1395722619867223,0
13,0,1.0909090909090908,2.9312089489103235,0
13,0,1.0,3.5465935642949384,0
14,0,1.0,3.3248629576173574,0
8,4,1.0,2.5,0
15,3,1.0,3.506890595608518,0
10,2,1.0,3.121928094887362,0
12,0,1.0,3.418295834054489,0
15,2,1.0,3.456564762130954,0
9,0,1.0,2.94770277922009,0
10,2,1.0,2.8464393446710154,0
12,2,1.0,3.418295834054489,0
11,0,1.0,3.095795255000934,0
10,2,1.0,3.121928094887362,0
12,0,1.0,2.792481250360578,0
13,0,1.0909090909090908,3.180832987205441,0
15,2,1.0,3.373557262275185,0
11,1,1.0,3.0957952550009344,0
8,0,1.0,3.0,0
12,0,1.1,2.6258145836939115,0
15,3,1.0,3.373557262275185,0
8,0,1.0,3.0,0
15,4,1.0769230769230769,3.589898095464287,0
15,4,1.0,3.506890595608518,0
12,0,1.0,2.918295834054489,0
13,3,1.0909090909090908,3.0269868333592873,0
11,0,1.0,3.095795255000934,0
12,0,1.0,3.188721875540867,0
15,2,1.0,3.0565647621309537,0
12,0,1.0,3.2516291673878226,0
14,1,1.0833333333333333,2.8962915290459277,0
8,0,1.0,2.75,0
10,0,1.0,2.9219280948873623,0
14,0,1.0,3.3248629576173565,0
14,0,1.0,3.2359263506290334,0
15,0,1.0,3.139572261986723,0
3,0,1.0,1.584962500721156,0
8,0,1.0,2.5,0
8,4,1.0,2.75,0
11,0,1.0,3.0957952550009344,0
6,1,1.0,2.2516291673878226,0
6,1,1.0,2.2516291673878226,0
9,2,1.0,2.94770277922009,0
11,0,1.0,2.9139770731827523,0
15,0,1.0,3.506890595608518,0
9,0,1.0,2.94770277922009,0
8,0,1.0,3.0,0
15,0,1.0,3.2402239289418517,0
12,0,1.0,3.418295834054489,0
11,0,1.0,3.095795255000934,0
12,0,1.1,2.9182958340544896,0
9,0,1.0,2.725480556997868,0
9,2,1.0,2.725480556997868,0
10,0,1.125,2.1709505944546685,0
13,0,1.0,3.3927474104487847,0
10,0,1.0,3.121928094887362,0
14,0,1.0,3.2359263506290326,0
11,0,1.0,3.095795255000934,0
15,3,1.0,3.906890595608518,0
6,0,1.0,2.584962500721156,0
12,0,1.0,3.418295834054489,0
11,1,1.0,3.095795255000934,1
7,0,1.0,2.807354922057604,0
13,0,1.0,3.0269868333592873,0
14,0,1.0,3.039148671903071,0
7,4,1.0,2.128085278891394,0
10,0,1.0,3.121928094887362,0
7,2,1.0,2.807354922057604,0
11,0,1.0,3.0957952550009344,0
14,0,1.0,3.521640636343319,0
8,0,1.0,2.5,0
7,0,1.0,2.521640636343318,0
6,0,1.0,2.584962500721156,0
8,0,1.0,2.75,0
6,0,1.0,2.584962500721156,0
15,0,1.0,3.5068905956085183,0
15,4,1.0,3.7735572622751845,0
8,2,1.0,3.0,0
11,0,1.0,2.9139770731827523,0
15,0,1.0,3.3232314287976203,0
15,0,1.0,3.2402239289418517,0
13,0,1.0,3.238901256602631,0
13,0,1.0,3.3927474104487847,0
9,0,1.0,3.169925001442312,0
10,0,1.0,3.121928094887362,1
8,0,1.1666666666666667,2.5,0
15,0,1.0,3.773557262275185,0
7,0,1.0,2.2359263506290326,0
9,0,1.0,2.725480556997868,0
14,0,1.0,3.378783493486176,0
15,0,1.0,3.6402239289418516,0
15,2,1.0,3.6402239289418516,0
14,0,1.0,3.378783493486176,0
13,0,1.0,2.873140679513133,0
13,0,1.0,3.180832987205441,0
12,0,1.0,2.792481250360578,0
15,0,1.0,3.373557262275185,0
11,0,1.0,3.095795255000934,0
11,2,1.0,3.095795255000934,0
7,0,1.0,1.8423709931771084,0
13,0,1.0909090909090908,3.0269868333592873,0
14,0,1.0,3.521640636343319,0
9,0,1.0,2.725480556997868,0
11,0,1.0,3.0957952550009344,0
14,2,1.0,3.521640636343319,0
7,0,1.0,2.2359263506290326,0
9,0,1.0,2.725480556997868,0
11,0,1.0,3.277613436819116,0
12,0,1.1,3.2516291673878226,0
7,2,1.0,2.807354922057604,0
13,0,1.0,3.5465935642949384,0
6,0,1.25,1.7924812503605778,0
15,2,1.0,3.640223928941851,0
10,0,1.0,3.1219280948873624,0
15,0,1.0,3.0062389286533895,0
12,0,1.0,3.584962500721156,0
9,0,1.0,2.2810361125534233,0
15,4,1.0769230769230769,3.2402239289418517,0
11,4,1.0,2.9139770731827523,0
12,0,1.0,3.2516291673878226,0
10,0,1.0,3.121928094887362,0
11,0,1.6666666666666667,1.867633890971212,0
10,0,1.0,2.9219280948873623,0
10,0,1.0,2.8464393446710154,0
15,0,1.0,3.189898095464287,0
3,0,1.0,1.584962500721156,0
9,4,1.0,2.94770277922009,0
6,0,1.0,2.584962500721156,0
13,0,1.0,3.238901256602631,0
12,3,1.2222222222222223,2.7516291673878226,0
11,2,1.0,2.8453509366224368,0
10,0,1.125,2.5219280948873624,0
15,1,1.0,3.640223928941851,0
14,0,1.0,3.521640636343319,0
11,2,1.0,3.027169118440619,0
10,0,1.0,2.9219280948873623,0
12,0,1.0,3.188721875540867,0
11,0,1.1111111111111112,2.7321588913645702,0
7,3,1.0,2.807354922057604,0
10,0,1.0,2.7219280948873625,0
11,2,1.0,3.277613436819116,0
8,2,1.0,2.75,0
14,2,1.625,2.5216406363433186,0
13,0,1.0909090909090908,3.0269868333592873,0
14,2,1.0,3.521640636343319,0
10,0,1.0,3.121928094887362,0
10,4,1.0,3.121928094887362,0
10,0,1.0,2.9219280948873623,0
11,0,1.25,2.9139770731827523,0
13,2,1.0,3.3927474104487847,0
15,0,1.0,3.3232314287976203,0
8,0,1.0,2.75,0
10,0,1.0,3.321928094887362,0
8,0,1.0,2.5,0
10,0,1.0,3.121928094887362,0
12,0,1.0,3.418295834054489,0
9,0,1.0,2.6416041678685933,0
15,1,1.1666666666666667,3.3735572622751846,0
11,0,1.0,3.095795255000934,0
15,3,1.0,3.773557262275185,0
15,0,1.0,3.6402239289418516,0
10,0,1.0,2.8464393446710154,0
14,2,1.0,3.039148671903071,0
12,2,1.0,3.418295834054489,0
11,0,1.0,3.459431618637298,0
14,0,1.0,3.3787834934861767,0
13,1,1.0,3.3927474104487847,0
13,0,1.0,3.180832987205441,0
15,3,1.0,3.240223928941852,0
13,0,1.0909090909090908,3.334679141051595,0
11,0,1.0,2.8453509366224368,0
11,0,1.0,3.2776134368191165,0
15,0,1.0,3.4565647621309536,0
9,2,1.0,2.9477027792200903,0
12,0,1.0,2.9182958340544896,0
13,2,1.0,3.238901256602631,0
10,0,1.0,2.9219280948873623,0
13,0,1.0,3.3927474104487847,0
13,2,1.0,3.3927474104487847,0
14,0,1.0833333333333333,2.8073549220576046,0
15,0,1.0,3.2402239289418526,0
14,4,1.0,3.6644977792004623,0
11,4,1.0,3.2776134368191165,0
10,0,1.0,2.9219280948873623,0
8,1,1.0,3.0,0
12,0,1.0,3.188721875540867,0
14,0,1.0833333333333333,2.8962915290459277,0
5,1,1.0,2.321928094887362,0
9,0,1.0,2.725480556997868,0
8,0,1.0,3.0,0
12,0,1.1,3.084962500721156,0
10,0,1.0,2.4464393446710155,0
8,0,1.0,2.75,0
13,2,1.0,3.5465935642949384,0
14,0,1.0,3.182005814760214,0
12,0,1.0,2.792481250360578,0
9,0,1.0,2.725480556997868,0
7,1,1.0,2.807354922057604,0
8,0,1.1666666666666667,2.4056390622295662,0
9,4,1.0,2.9477027792200903,0
15,0,1.0,3.640223928941851,0
12,0,1.0,3.418295834054489,0
15,4,1.0,3.640223928941851,0
15,1,1.0,3.2402239289418513,0
13,1,1.0,3.238901256602631,0
12,0,1.0,3.2516291673878226,0
13,1,1.0,3.238901256602631,0
13,0,1.0,3.5465935642949384,0
15,3,1.0,3.5068905956085183,0
11,0,1.0,2.9139770731827523,0
5,0,1.0,1.9219280948873623,0
12,1,1.0,3.418295834054489,0
10,1,1.0,3.321928094887362,0
14,0,1.0833333333333333,3.2359263506290326,0
8,0,1.0,2.75,1
8,0,1.0,3.0,0
7,3,1.0,2.807354922057604,0
15,0,1.0769230769230769,3.506890595608518,0
14,0,1.0,3.8073549220576055,0
15,0,1.0769230769230769,3.1898980954642866,1
15,3,1.0,3.906890595608518,0
12,3,1.0,3.584962500721156,0
5,0,1.0,1.9219280948873623,0
13,0,1.0909090909090908,3.180832987205441,1
11,0,1.0,3.2776134368191165,0
13,0,1.0,3.334679141051595,0
13,2,1.0,3.3927474104487847,0
14,0,1.0,3.378783493486176,0
14,1,1.0,3.3248629576173574,0
11,0,1.0,2.8453509366224368,0
11,0,1.0,3.459431618637298,0
14,0,1.0,3.2359263506290334,0
10,0,1.0,2.6464393446710153,0
10,2,1.0,3.321928094887362,0
8,0,1.1666666666666667,2.4056390622295662,0
8,0,1.0,2.75,0
14,0,1.0,2.9852281360342525,0
13,0,1.0909090909090908,2.71929452566698,0
8,2,1.0,3.0,0
11,0,1.4285714285714286,2.004886164091843,0
14,2,1.0,3.521640636343319,0
6,3,1.0,2.584962500721156,0
13,4,1.0,3.546593564294939,0
9,2,1.0,2.725480556997868,0
11,0,1.0,3.277613436819116,0
10,1,1.0,3.321928094887362,0
6,0,1.0,2.2516291673878226,0
14,0,1.0,3.182005814760214,0
13,0,1.0,3.238901256602631,0
14,0,1.0,3.378783493486176,0
12,0,1.0,2.918295834054489,0
11,2,1.0,3.459431618637298,0
11,0,1.0,2.845350936622437,0
13,0,1.0,3.5465935642949384,0
8,1,1.0,3.0,0
9,0,1.0,2.9477027792200903,0
13,0,1.0,3.334679141051595,0
12,0,1.0,3.188721875540867,0
12,0,1.0,3.084962500721156,0
11,2,1.0,3.0957952550009344,0
12,0,1.0,3.0220552088742,0
8,0,1.1666666666666667,2.5,0
9,2,1.0,3.169925001442312,0
8,2,1.0,3.0,0
11,2,1.0,3.459431618637298,0
15,0,1.0,3.2402239289418517,0
11,0,1.0,2.9139770731827523,0
15,0,1.0769230769230769,3.1395722619867223,0
12,0,1.1,2.751629167387823,0
12,0,1.0,3.4182958340544896,0
15,1,1.0769230769230769,3.3232314287976203,0
13,0,1.0,3.0269868333592873,0
11,0,1.0,2.9139770731827523,0
8,0,1.0,2.25,0
11,0,1.0,3.277613436819116,0
12,0,1.1,2.4591479170272446,0
13,0,1.0,3.546593564294939,0
10,0,1.0,3.121928094887362,0
10,0,1.0,3.321928094887362,0
9,0,1.0,2.4193819456463714,0
9,0,1.1428571428571428,2.197159723424149,0
11,0,1.0,3.2776134368191165,0
10,0,1.0,2.6464393446710153,0
12,0,1.0,2.918295834054489,0
8,0,1.0,3.0,0
10,0,1.125,2.921928094887362,0
11,2,1.0,3.277613436819116,0
10,0,1.0,2.6464393446710153,0
13,10,1.0909090909090908,3.180832987205441,0
10,0,1.0,3.121928094887362,0
7,0,1.0,2.807354922057604,0
15,1,1.0,3.773557262275185,0
7,0,1.0,2.807354922057604,0
12,0,1.0,3.4182958340544896,0
13,0,1.0,3.5465935642949384,0
9,0,1.0,2.94770277922009,0
15,0,1.0,3.323231428797621,0
8,0,1.0,2.75,0
10,0,1.125,2.9219280948873623,0
15,0,1.0,3.373557262275185,0
10,0,1.0,2.9219280948873623,0
8,0,1.0,2.4056390622295662,0
12,0,1.0,3.418295834054489,0
15,0,1.0,3.506890595608518,0
14,0,1.0,3.3787834934861767,0
14,0,1.0833333333333333,3.2359263506290334,0
14,0,1.0,3.182005814760214,0
11,0,1.0,3.277613436819116,0
15,0,1.0,3.373557262275185,0
15,0,1.0,3.323231428797621,0
9,0,1.0,2.725480556997868,0
15,0,1.0,3.5068905956085192,0
9,0,1.0,2.725480556997868,0
8,0,1.0,2.75,0
6,1,1.0,2.584962500721156,0
7,4,1.0,2.2359263506290326,0
12,0,1.0,3.0220552088742,0
12,2,1.0,3.418295834054489,0
12,0,1.0,3.2516291673878226,0
14,0,1.0,3.3248629576173574,1
11,0,1.0,3.095795255000934,0
5,2,1.0,2.321928094887362,0
10,0,1.0,3.121928094887362,0
13,0,1.0,3.3927474104487847,0
9,0,1.0,3.169925001442312,0
13,0,1.0,3.0269868333592873,0
14,0,1.1818181818181819,3.3787834934861767,0
11,0,1.0,2.8453509366224368,0
9,0,1.1428571428571428,2.4193819456463714,0
14,0,1.4444444444444444,2.5027361715940035,0
15,0,1.0,3.0565647621309533,0
13,0,1.0,3.334679141051595,0
8,0,1.0,3.0,0
6,1,1.0,2.584962500721156,0
12,0,1.0,3.2516291673878226,0
11,0,1.25,2.9139770731827523,0
11,0,1.0,3.0957952550009344,0
12,0,1.0,3.2516291673878226,0
12,0,1.0,3.084962500721156,0
10,2,1.0,2.8464393446710154,0
13,3,1.0,3.5465935642949384,0
10,0,1.0,3.121928094887362,0
12,0,1.0,3.2516291673878226,0
10,0,1.0,2.9219280948873623,0
11,0,1.0,3.095795255000934,0
10,0,1.2857142857142858,2.721928094887362,0
12,0,1.0,3.2516291673878226,0
12,0,1.0,3.2516291673878226,0
8,0,1.0,2.75,0
9,0,1.0,2.94770277922009,0
14,5,1.0,3.521640636343319,0
11,2,1.1111111111111112,2.845350936622437,0
13,0,1.0909090909090908,3.238901256602631,0
14,3,1.0,3.521640636343319,0
8,3,1.0,2.5,0
6,2,1.0,2.584962500721156,0
9,4,1.0,2.94770277922009,0
11,0,1.0,3.0957952550009344,0
11,0,1.0,2.9139770731827523,0
10,0,1.0,3.121928094887362,0
9,0,1.1428571428571428,2.725480556997868,0
14,0,1.0,3.3248629576173574,0
13,4,1.2,2.6235166412180155,0
14,2,1.0,3.6644977792004623,0
15,0,1.0,3.189898095464287,0
9,0,1.1428571428571428,2.725480556997868,0
9,0,1.0,2.725480556997868,0
9,0,1.0,2.725480556997868,0
15,0,1.0,3.506890595608518,0
15,0,1.0,3.1329145639793974,0
8,0,1.0,2.75,0
7,0,1.0,2.521640636343318,0
15,0,1.0769230769230769,3.0565647621309537,0
8,0,1.0,2.5,0
9,4,1.0,2.725480556997868,0
11,2,1.0,3.277613436819116,0
13,0,1.0909090909090908,2.6612262562697895,0
15,0,1.0769230769230769,3.189898095464287,0
8,0,1.0,3.0,0
15,1,1.0,3.5068905956085183,0
5,0,1.0,2.321928094887362,0
14,0,1.0833333333333333,2.692380602454975,0
12,0,1.1,3.084962500721156,0
12,0,1.0,3.584962500721156,0
11,0,1.1111111111111112,2.845350936622437,0
15,0,1.0,3.2729055953200556,0
9,0,1.0,2.725480556997868,0
6,0,1.0,2.584962500721156,0
11,2,1.0,2.845350936622437,0
8,0,1.0,3.0,0
14,0,1.0833333333333333,2.8073549220576046,0
13,4,1.3333333333333333,2.873140679513133,0
9,0,1.1428571428571428,2.058813890331201,0
15,0,1.0,3.773557262275185,0
11,0,1.0,3.027169118440619,0
14,0,1.0,3.182005814760214,0
13,0,1.0,2.873140679513133,0
12,0,1.0,2.751629167387823,0
15,4,1.0,3.4565647621309536,0
10,0,1.0,2.8464393446710154,0
9,2,1.0,2.94770277922009,0
12,2,1.0,3.418295834054489,0
10,0,1.0,2.9219280948873623,0
13,0,1.0,3.3927474104487847,0
11,0,1.0,3.2776134368191165,0
11,0,1.1111111111111112,2.9139770731827523,0
14,2,1.0,3.6644977792004623,0
7,0,1.0,2.807354922057604,0
12,4,1.0,3.2516291673878226,0
13,0,1.0,3.3927474104487847,0
11,2,1.0,3.095795255000934,0
12,0,1.0,3.418295834054489,0
6,0,1.0,2.584962500721156,0
10,0,1.0,3.121928094887362,0
11,0,1.0,3.0957952550009344,0
11,2,1.0,3.2776134368191165,0
14,0,1.0,2.9852281360342525,0
9,1,1.0,2.94770277922009,0
10,0,1.125,2.6464393446710153,0
7,0,1.0,2.807354922057604,0
14,0,1.0,3.3248629576173574,0
12,0,1.0,3.418295834054489,0
14,0,1.0833333333333333,3.0930692077718898,0
11,0,1.25,2.3685225277282065,0
15,0,1.0,3.4565647621309536,0
9,0,1.0,2.94770277922009,0
15,0,1.0,3.373557262275185,0
12,0,1.0,3.418295834054489,0
10,0,1.0,2.3709505944546687,0
14,0,1.1818181818181819,3.039148671903071,0
12,0,1.0,3.084962500721156,0
6,0,1.0,2.584962500721156,0
11,2,1.0,3.277613436819116,0
5,0,1.0,1.9219280948873623,0
8,2,1.0,2.75,0
14,0,1.0,3.3787834934861767,0
9,0,1.0,3.169925001442312,0
9,0,1.1428571428571428,2.4193819456463714,0
12,1,1.0,3.418295834054489,0
13,0,1.0,3.180832987205441,0
11,0,1.0,3.2776134368191165,0
10,0,1.0,2.9219280948873623,0
8,0,1.0,2.1556390622295662,0
14,0,1.0,3.182005814760214,0
10,0,1.0,3.121928094887362,0
12,0,1.1,2.751629167387823,0
6,1,1.0,2.584962500721156,0
8,0,1.0,3.0,0
11,0,1.0,2.845350936622437,0
11,0,1.0,3.027169118440619,1
13,0,1.0,3.238901256602631,0
15,0,1.0,3.323231428797621,0
13,0,1.0,3.238901256602631,0
10,3,1.0,3.321928094887362,0
6,1,1.0,2.584962500721156,0
13,0,1.0,3.180832987205441,1
14,0,1.0,3.182005814760214,0
8,0,1.0,2.75,0
12,0,1.0,3.084962500721156,0
10,3,1.0,3.121928094887362,0
13,0,1.0909090909090908,3.238901256602631,0
14,3,1.0,3.128085278891395,0
7,0,1.0,2.5216406363433186,0
11,0,1.0,3.0957952550009344,0
15,2,1.0,3.5068905956085183,0
15,0,1.0,3.3735572622751846,0
13,0,1.0,3.1808329872054406,0
10,2,1.0,2.7219280948873625,0
14,0,1.0,3.182005814760214,0
13,0,1.0,3.0269868333592873,0
8,0,1.0,3.0,0
15,1,1.0,3.189898095464287,0
9,0,1.0,3.169925001442312,0
12,0,1.0,3.2516291673878226,0
15,4,1.0,3.773557262275185,0
15,1,1.0,3.589898095464287,0
11,2,1.0,3.459431618637298,0
13,0,1.0,3.3927474104487847,0
12,0,1.1,2.3553885422075336,0
14,0,1.0833333333333333,2.9852281360342516,0
13,0,1.0,3.238901256602631,0
13,0,1.0,3.3927474104487847,0
13,0,1.0,2.7773627950641693,0
13,3,1.0,3.3927474104487847,0
10,0,1.0,3.321928094887362,0
15,0,1.0,3.773557262275185,0
12,4,1.1,2.855388542207534,0
11,0,1.0,3.2776134368191165,0
13,0,1.0,3.180832987205441,0
10,0,1.0,2.9219280948873623,0
9,2,1.0,3.169925001442312,0
7,0,1.0,2.807354922057604,0
15,0,1.0,3.139572261986723,0
14,0,1.0,3.182005814760214,0
15,1,1.1666666666666667,3.0565647621309537,0
14,2,1.0,3.521640636343319,0
12,0,1.0,3.0849625007211556,0
14,0,1.1818181818181819,3.182005814760214,0
7,2,1.0,2.807354922057604,0
15,0,1.0769230769230769,3.2729055953200556,0
7,1,1.2,2.128085278891394,0
11,0,1.0,2.7321588913645707,0
15,1,1.0,3.5068905956085192,0
13,0,1.0,2.9689185639620974,0
8,2,1.0,3.0,0
11,0,1.0,3.095795255000934,0
9,3,1.0,2.94770277922009,0
13,0,1.0,3.238901256602631,0
12,0,1.0,3.418295834054489,0
11,0,1.0,3.277613436819116,0
13,4,1.2,3.085055102756477,0
15,0,1.0769230769230769,3.1395722619867223,0
15,3,1.0769230769230769,3.3735572622751855,0
10,0,1.0,3.321928094887362,0
14,0,1.0833333333333333,3.3248629576173574,0
13,0,1.2,2.7192945256669794,0
8,1,1.0,2.75,0
12,0,1.0,3.418295834054489,0
15,0,1.1666666666666667,3.2402239289418517,0
7,4,1.2,2.128085278891394,0
8,4,1.0,3.0,0
9,0,1.1428571428571428,2.113283334294875,0
8,0,1.1666666666666667,1.5487949406953985,0
13,0,1.0,3.3927474104487847,1
8,4,1.1666666666666667,2.5,0
10,0,1.0,2.9219280948873623,0
11,0,1.1111111111111112,2.8453509366224368,0
10,0,1.0,2.9219280948873623,0
9,0,1.0,2.725480556997868,0
15,1,1.0,3.506890595608518,0
9,0,1.0,2.197159723424149,0
7,0,1.0,2.807354922057604,0
11,0,1.1111111111111112,3.095795255000934,0
13,2,1.0,3.3927474104487847,0
9,0,1.0,2.94770277922009,0
8,0,1.0,2.75,0
12,2,1.0,3.584962500721156,0
4,0,1.0,1.5,0
12,0,1.0,3.584962500721156,0
9,0,1.1428571428571428,2.725480556997868,0
8,2,1.0,3.0,0
11,0,1.1111111111111112,2.9139770731827523,0
11,0,1.0,3.459431618637298,0
7,4,1.0,2.2359263506290326,0
10,0,1.0,3.321928094887362,0
8,0,1.0,3.0,0
12,0,1.0,3.418295834054489,0
10,0,1.0,3.321928094887362,0
15,0,1.0769230769230769,2.9232314287976204,0
12,0,1.1,3.0220552088742005,0
7,0,1.0,2.807354922057604,0
11,0,1.1111111111111112,2.663532754804255,0
9,0,1.6,1.5304930567574824,0
15,2,1.0769230769230769,3.1068905956085184,0
10,0,1.0,2.8464393446710154,0
14,2,1.0,3.6644977792004623,0
14,1,1.0833333333333333,3.52164063634332,0
15,0,1.0,3.3735572622751855,0
9,0,1.0,3.169925001442312,0
9,0,1.0,2.725480556997868,0
13,0,1.0,3.238901256602631,0
10,0,1.0,2.8464393446710154,0
8,0,1.0,2.75,0
15,3,1.0,3.640223928941851,0
14,0,1.0,3.8073549220576055,0
13,0,1.0,3.238901256602631,0
9,0,1.0,2.725480556997868,0
6,0,1.0,2.584962500721156,0
14,3,1.0,3.378783493486176,0
10,0,1.125,2.721928094887362,0
13,0,1.0,3.238901256602631,0
7,0,1.0,2.1280852788913944,0
11,0,1.0,3.277613436819116,0
12,0,1.0,3.084962500721156,0
9,0,1.0,2.725480556997868,0
11,0,1.1111111111111112,2.663532754804255,0
9,2,1.0,2.94770277922009,0
13,2,1.0,3.3927474104487847,0
11,0,1.0,3.0957952550009344,0
9,0,1.0,2.9477027792200903,0
9,4,1.0,2.725480556997868,0
10,0,1.0,2.9219280948873623,0
12,0,1.1,2.8553885422075336,0
8,0,1.0,2.75,0
14,0,1.0,3.521640636343319,0
11,0,1.0,2.913977073182752,0
8,0,1.0,2.75,0
11,0,1.0,3.095795255000934,0
6,2,1.0,2.584962500721156,0
14,0,1.0,3.2359263506290334,0
12,0,1.0,3.584962500721156,0
7,2,1.0,2.807354922057604,0
15,0,1.0,3.189898095464287,0
12,0,1.0,3.188721875540867,0
12,0,1.0,3.2516291673878226,0
11,0,1.0,2.6635327548042547,0
15,0,1.0,3.2402239289418526,0
12,0,1.0,3.418295834054489,0
15,5,1.0,3.5068905956085183,0
9,0,1.0,2.94770277922009,0
6,0,1.0,2.584962500721156,0
11,0,1.0,3.277613436819116,0
12,0,1.0,3.584962500721156,0
13,0,1.0,3.392747410448785,0
14,0,1.0,3.378783493486176,0
8,0,1.0,2.5,0
7,0,1.0,2.807354922057604,0
8,0,1.0,3.0,0
9,0,1.0,2.94770277922009,0
15,0,1.0769230769230769,3.3232314287976203,0
9,2,1.0,3.169925001442312,0
9,0,1.0,2.94770277922009,0
5,0,1.0,2.321928094887362,0
13,1,1.0,3.3927474104487847,0
9,0,1.0,2.725480556997868,0
13,0,1.0,3.238901256602631,0
12,0,1.0,3.2516291673878226,0
14,0,1.0,3.3787834934861767,0
6,0,1.0,2.584962500721156,0
13,0,1.0909090909090908,2.8150724101159437,0
9,0,1.0,2.725480556997868,0
7,0,1.0,2.521640636343318,0
7,0,1.0,2.807354922057604,0
13,0,1.0,3.085055102756477,0
12,0,1.0,3.418295834054489,0
13,0,1.2,2.8150724101159437,0
15,0,1.0,3.3735572622751855,0
11,0,1.0,2.9139770731827523,0
10,2,1.0,2.6464393446710157,0
10,0,1.0,3.321928094887362,0
13,0,1.0,3.3927474104487847,0
11,2,1.0,3.277613436819116,0
15,4,1.0,3.506890595608519,0
13,0,1.0,3.392747410448785,0
12,0,1.0,2.918295834054489,0
9,0,1.0,2.6416041678685933,0
6,0,1.0,2.584962500721156,0
11,2,1.0,3.027169118440619,0
8,0,1.0,3.0,0
6,0,1.0,2.2516291673878226,0
10,0,1.0,2.9219280948873623,0
15,0,1.0,3.373557262275185,0
10,0,1.0,3.321928094887362,0
7,0,1.0,2.2359263506290326,0
15,1,1.0,3.506890595608519,0
12,0,1.0,3.4182958340544896,0
7,1,1.0,2.807354922057604,0
14,0,1.0,3.039148671903072,0
7,0,1.0,2.807354922057604,0
10,0,1.0,2.721928094887362,0
12,2,1.0,3.418295834054489,0
12,0,1.0,3.418295834054489,0
13,0,1.0,2.7773627950641693,0
14,0,1.0833333333333333,2.950212064914748,0
14,0,1.0833333333333333,3.378783493486176,0
6,0,1.0,2.2516291673878226,0
9,2,1.0,2.94770277922009,0
7,0,1.0,2.5216406363433186,0
12,0,1.0,3.2516291673878226,0
13,0,1.0,3.085055102756477,0
12,0,1.0,3.084962500721156,0
11,4,1.0,3.2776134368191165,0
12,1,1.0,3.2516291673878226,0
10,0,1.0,2.7219280948873625,0
14,0,1.1818181818181819,2.699513850319966,0
7,0,1.0,2.807354922057604,0
14,0,1.0,3.6644977792004623,0
9,0,1.0,2.725480556997868,0
13,0,1.0,3.238901256602631,0
7,0,1.0,2.5216406363433186,0
15,5,1.0,3.640223928941852,0
12,0,1.0,3.2516291673878226,0
11,2,1.1111111111111112,3.0957952550009344,0
13,0,1.0,3.238901256602631,0
9,0,1.0,2.503258334775646,0
14,0,1.0,3.3787834934861767,0
10,5,1.0,3.1219280948873624,0
10,0,1.0,3.321928094887362,0
11,0,1.0,2.845350936622437,0
8,0,1.0,2.75,0
7,0,1.0,2.2359263506290326,0
12,0,1.0,3.2516291673878226,0
14,2,1.1818181818181819,3.2359263506290334,0
15,0,1.0,3.1395722619867223,0
12,2,1.0,3.2516291673878226,0
9,1,1.0,2.94770277922009,0
14,0,1.0,3.4677201004745006,0
13,1,1.0,3.180832987205441,0
14,0,1.0,3.378783493486176,0
8,0,1.0,2.75,0
11,1,1.1111111111111112,2.8453509366224368,0
5,2,1.0,2.321928094887362,0
9,2,1.0,2.9477027792200903,0
7,0,1.0,2.5216406363433186,0
10,0,1.0,2.6464393446710153,0
11,0,1.0,2.663532754804255,0
11,2,1.0,3.0957952550009344,0
10,4,1.0,2.9219280948873623,0
10,0,1.0,2.921928094887362,0
10,2,1.0,3.121928094887362,0
8,5,1.0,3.0,0
13,0,1.0,3.0269868333592873,0
12,0,1.0,3.0220552088742,0
11,0,1.1111111111111112,3.095795255000934,0
8,3,1.0,3.0,0
12,0,1.1,2.918295834054489,0
8,0,1.0,2.5,0
11,0,1.0,3.095795255000934,0
10,0,1.0,2.6464393446710153,0
13,0,1.0,3.085055102756477,0
14,4,1.0,3.3248629576173574,0
14,0,1.0,3.3787834934861767,0
11,0,1.0,3.459431618637298,0
8,0,1.0,2.75,0
15,0,1.0769230769230769,3.323231428797621,0
12,0,1.0,2.8553885422075336,1
6,0,1.0,1.9182958340544893,0
10,3,1.0,3.321928094887362,0
7,1,1.0,2.807354922057604,0
12,0,1.0,2.4591479170272446,0
3,0,1.0,1.584962500721156,0
14,0,1.0,3.3787834934861767,0
13,3,1.7142857142857142,2.5654483718208256,0
9,2,1.0,2.94770277922009,0
7,0,1.0,2.521640636343318,0
14,0,1.3,3.09306920777189,0
13,0,1.0,3.0269868333592873,0
5,2,1.0,2.321928094887362,0
15,1,1.0,3.4565647621309536,0
15,0,1.0,3.3735572622751855,0
11,5,1.0,3.277613436819116,0
11,2,1.0,3.459431618637298,0
14,0,1.0,3.4677201004745006,0
11,4,1.0,3.0957952550009344,0
10,0,1.0,2.721928094887362,0
9,0,1.1428571428571428,2.725480556997868,0
3,0,1.0,1.584962500721156,0
10,0,1.0,2.6464393446710153,0
8,0,1.0,2.75,0
12,0,1.0,3.2516291673878226,0
12,0,1.0,2.8553885422075336,0
7,0,1.0,2.5216406363433186,0
10,0,1.0,3.121928094887362,0
14,0,1.0,3.039148671903071,0
9,3,1.0,3.169925001442312,0
12,0,1.0,2.751629167387823,0
10,0,1.0,3.321928094887362,0
13,2,1.0,3.392747410448785,0
9,0,1.0,2.94770277922009,0
15,1,1.0769230769230769,3.0565647621309537,0
15,2,1.0,3.6402239289418516,0
10,0,1.0,2.9219280948873623,0
6,1,1.0,2.584962500721156,0
12,0,1.0,3.4182958340544896,0
10,0,1.0,2.6464393446710157,0
13,0,1.0,3.238901256602631,0
11,0,1.0,2.913977073182752,0
13,0,1.0,3.5465935642949384,0
11,0,1.0,3.277613436819116,0
11,0,1.0,2.9139770731827523,0
11,3,1.0,3.277613436819116,0
13,0,1.0,3.238901256602631,0
11,0,1.0,3.095795255000934,0
12,0,1.0,3.0849625007211556,0
12,2,1.0,3.2516291673878226,0
9,0,1.0,2.94770277922009,0
13,0,1.0,3.0269868333592873,0
14,0,1.0,3.2359263506290326,0
14,0,1.0833333333333333,2.9852281360342525,0
13,0,1.0,3.3927474104487847,0
14,0,1.0,3.378783493486176,0
9,0,1.0,2.725480556997868,0
6,0,1.0,2.2516291673878226,0
15,2,1.0,3.640223928941851,0
7,0,1.0,2.807354922057604,0
15,0,1.0769230769230769,3.1395722619867223,0
14,2,1.0,3.378783493486176,0
9,4,1.1428571428571428,2.725480556997868,0
13,0,1.0909090909090908,3.3927474104487847,0
15,2,1.0,3.773557262275185,0
11,0,1.0,3.277613436819116,0
10,0,1.0,3.121928094887362,0
10,2,1.0,3.321928094887362,0
6,0,1.0,2.584962500721156,0
11,1,1.0,2.8453509366224368,0
11,0,1.0,2.9139770731827523,0
11,0,1.25,2.9139770731827523,0
13,1,1.0,2.9312089489103235,0
5,0,1.0,2.321928094887362,0
13,0,1.0909090909090908,2.8150724101159437,0
14,0,1.0,3.182005814760214,0
11,0,1.0,3.0957952550009344,0
7,0,1.0,2.1280852788913944,0
11,0,1.0,2.7321588913645702,0
9,2,1.0,2.94770277922009,0
12,0,1.0,3.0220552088742005,0
15,0,1.0,3.106890595608518,0
14,0,1.0,3.182005814760214,0
14,0,1.0,3.2359263506290326,0
11,0,1.0,2.5503407095463886,0
14,0,1.1818181818181819,2.610577243331642,0
9,9,1.0,2.2810361125534233,0
14,0,1.0,3.2359263506290334,0
8,0,1.0,3.0,0
11,0,1.0,2.9139770731827523,0
11,0,1.0,2.5503407095463886,0
9,0,1.0,2.94770277922009,0
15,0,1.0,3.906890595608518,0
13,2,1.0,3.392747410448785,0
13,0,1.0,3.3927474104487847,0
7,0,1.0,2.807354922057604,0
10,0,1.0,2.9219280948873623,0
7,0,1.0,2.807354922057604,0
8,0,1.0,2.75,0
10,0,1.0,3.121928094887362,0
14,0,1.0,3.6644977792004623,0
10,0,1.0,2.921928094887362,0
7,0,1.2,1.8423709931771088,0
15,0,1.0,3.189898095464287,0
13,0,1.0909090909090908,3.180832987205441,0
15,0,1.0,3.5068905956085183,0
10,0,1.0,3.121928094887362,0
8,0,1.1666666666666667,2.5,0
12,1,1.0,2.8553885422075336,0
12,3,1.0,3.084962500721156,0
13,0,1.0,3.180832987205441,0
12,0,1.0,3.0220552088742,0
15,0,1.0,3.4565647621309536,0
15,0,1.0,3.5068905956085183,0
11,0,1.0,2.8453509366224368,0
9,0,1.0,2.94770277922009,0
14,0,1.0,3.3248629576173574,0
11,0,1.0,3.277613436819116,0
8,1,1.0,3.0,0
14,0,1.0,3.3787834934861767,0
10,0,1.0,3.121928094887362,0
13,0,1.0909090909090908,3.180832987205441,0
12,0,1.0,2.8553885422075336,0
9,0,1.1428571428571428,2.5032583347756456,0
9,3,1.0,2.94770277922009,0
15,0,1.0,3.6402239289418516,0
13,0,1.0909090909090908,3.085055102756477,0
12,4,1.0,2.9182958340544896,0
10,0,1.0,2.7219280948873625,0
8,0,1.0,2.5,0
7,2,1.0,2.521640636343318,0
6,0,1.0,2.584962500721156,0
11,0,1.0,3.277613436819116,0
12,0,1.0,3.584962500721156,0
13,2,1.0,3.238901256602631,0
13,0,1.0,3.085055102756477,0
7,0,1.0,2.5216406363433186,0
15,1,1.0,3.4565647621309536,0
13,0,1.0909090909090908,3.0269868333592873,0
10,2,1.0,2.846439344671015,0
2,0,1.0,1.0,0
9,0,1.0,2.94770277922009,0
15,3,1.0,3.640223928941851,0
15,0,1.0,3.189898095464287,0
15,0,1.0,3.056564762130954,0
9,0,1.1428571428571428,2.4193819456463714,0
13,0,1.0,3.3927474104487847,0
8,0,1.0,3.0,0
6,2,1.0,2.584962500721156,0
11,1,1.0,3.277613436819116,0
9,2,1.0,2.94770277922009,0
12,0,1.0,3.0220552088742005,0
11,0,1.0,3.277613436819116,0
8,1,1.0,2.5,0
6,0,1.0,2.584962500721156,0
11,0,1.0,3.0957952550009344,0
10,0,1.0,3.1219280948873624,0
7,0,1.0,2.807354922057604,0
11,0,1.0,3.0957952550009344,0
14,0,1.0,3.182005814760214,0
10,0,1.0,3.121928094887362,0
13,0,1.0,3.5465935642949384,0
7,2,1.0,2.5216406363433186,0
9,0,1.1428571428571428,2.5032583347756456,0
8,0,1.4,2.25,0
7,0,1.0,2.5216406363433186,0
14,0,1.0,3.3248629576173574,0
11,0,1.0,3.0957952550009344,0
4,0,1.0,2.0,0
13,0,1.0,3.5465935642949384,0
11,0,1.0,3.2776134368191165,0
7,0,1.0,2.5216406363433186,0
10,0,1.0,2.4464393446710155,0
14,0,1.0,3.378783493486176,0
10,0,1.0,2.8464393446710154,0
8,0,1.0,2.75,0
11,0,1.0,3.095795255000934,0
9,0,1.0,2.94770277922009,0
7,1,1.0,2.1280852788913944,0
12,0,1.0,3.0220552088742,0
13,1,1.0,3.180832987205441,0
8,0,1.0,3.0,0
15,0,1.0769230769230769,3.3735572622751855,0
9,0,1.0,2.94770277922009,0
14,0,1.0,3.378783493486176,0
14,1,1.0,3.6644977792004623,0
9,0,1.0,3.169925001442312,0
12,0,1.0,3.084962500721156,0
14,0,1.0,3.521640636343319,0
8,0,1.0,3.0,0
10,2,1.0,2.9219280948873623,0
15,3,1.0769230769230769,3.106890595608518,0
9,1,1.0,3.169925001442312,0
13,0,1.0,3.5465935642949384,0
7,0,1.0,2.807354922057604,0
9,0,1.0,2.725480556997868,0
9,0,1.0,2.94770277922009,0
15,1,1.0,3.5068905956085183,0
11,0,1.0,3.459431618637298,0
15,0,1.0769230769230769,2.789898095464287,0
13,2,1.0,3.7004397181410926,0
10,0,1.0,2.6464393446710153,0
10,0,1.0,3.121928094887362,0
13,0,1.0,3.180832987205441,0
13,0,1.0909090909090908,3.180832987205441,0
15,5,1.0,3.640223928941852,0
13,0,1.0,3.0269868333592873,0
13,2,1.0,3.5465935642949384,0
15,0,1.0,3.506890595608518,0
9,0,1.0,2.5032583347756456,0
9,0,1.0,2.9477027792200903,0
14,0,1.3,3.2359263506290334,0
8,0,1.0,2.75,0
14,0,1.0833333333333333,2.9852281360342516,0
6,0,1.0,2.584962500721156,0
15,2,1.0,3.3735572622751846,0
9,0,1.0,3.169925001442312,0
10,0,1.0,3.321928094887362,0
10,1,1.0,3.321928094887362,0
8,0,1.0,3.0,0
15,2,1.0,3.4565647621309536,0
14,0,1.0,3.09306920777189,0
7,0,1.0,2.5216406363433186,0
6,3,1.0,2.584962500721156,0
13,2,1.0,3.392747410448785,0
12,0,1.0,2.918295834054489,0
11,0,1.0,3.277613436819116,0
7,0,1.0,2.807354922057604,0
12,0,1.0,3.418295834054489,0
8,0,1.0,3.0,0
13,0,1.0,3.3927474104487847,0
10,0,1.0,2.7219280948873625,0
8,0,1.75,1.5487949406953985,0
13,0,1.0,2.7773627950641693,0
11,0,1.0,2.8453509366224368,0
15,2,1.0,3.640223928941851,0
11,0,1.0,3.277613436819116,0
9,7,2.0,1.4466166676282084,0
15,4,1.0,3.640223928941851,0
12,3,1.0,3.418295834054489,0
7,1,1.0,2.2359263506290326,0
13,0,1.0,3.0269868333592873,0
10,3,1.0,3.1219280948873624,0
14,3,1.0,3.378783493486176,0
14,0,1.0833333333333333,3.182005814760214,0
15,3,1.0,3.773557262275185,0
12,0,1.0,2.8553885422075336,0
13,0,1.0909090909090908,3.0850551027564768,0
9,2,1.0,2.94770277922009,0
14,0,1.0,3.2359263506290326,0
12,2,1.0,3.2516291673878226,0
6,1,1.0,2.584962500721156,0
13,0,1.0909090909090908,3.238901256602631,0
13,0,1.0909090909090908,3.0269868333592873,0
15,0,1.0,3.4565647621309536,0
13,0,1.0,3.085055102756477,0
10,0,1.125,2.2464393446710154,0
12,0,1.0,3.4182958340544896,0
13,0,1.0,3.238901256602631,0
11,0,1.0,2.9139770731827523,0
9,1,1.0,2.94770277922009,0
10,2,1.0,3.321928094887362,0
12,0,1.0,2.8553885422075336,0
14,0,1.0,3.6644977792004623,0
13,0,1.0,3.0850551027564768,0
9,0,1.0,3.169925001442312,0
13,4,1.0,3.3927474104487847,0
8,0,1.0,3.0,0
8,0,1.0,3.0,0
7,3,1.0,2.807354922057604,0
9,3,1.0,2.94770277922009,0
9,0,1.0,2.94770277922009,0
9,0,1.0,3.169925001442312,0
8,0,1.0,3.0,0
9,0,1.0,2.94770277922009,0
13,0,1.0,3.180832987205441,0
9,0,1.0,2.6416041678685933,0
14,0,1.0,3.3248629576173574,0
10,0,1.0,2.6464393446710153,0
12,0,1.0,3.084962500721156,1
14,0,1.0,3.3787834934861767,0
9,0,1.0,2.94770277922009,0
13,0,1.0,3.3927474104487847,0
12,1,1.0,3.0849625007211556,0
12,0,1.0,2.8553885422075336,0
12,0,1.1,2.918295834054489,0
12,0,1.0,3.2516291673878226,0
12,3,1.0,3.084962500721156,0
9,0,1.0,2.725480556997868,0
14,0,1.0,3.182005814760214,0
15,0,1.0,3.640223928941851,0
13,0,1.0,3.085055102756477,0
5,0,1.0,2.321928094887362,0
11,0,1.0,2.663532754804255,0
13,0,1.0,3.5465935642949384,0
6,0,1.0,2.584962500721156,0
13,0,1.0,3.3927474104487847,0
13,0,1.0,3.0850551027564768,0
10,0,1.0,2.9219280948873623,0
10,0,1.0,2.9219280948873623,0
7,3,1.0,2.807354922057604,0
12,0,1.0,3.2516291673878226,0
15,1,1.0,3.2402239289418517,0
13,0,1.0,3.238901256602631,0
12,2,1.0,3.0849625007211556,0
15,0,1.0769230769230769,3.1898980954642875,0
11,0,1.1111111111111112,2.5503407095463886,0
11,0,1.0,3.459431618637298,0
10,0,1.0,3.121928094887362,0
10,0,1.0,3.121928094887362,0
5,1,1.0,1.9219280948873623,0
6,0,1.0,2.584962500721156,0
9,1,1.0,2.725480556997868,0
13,0,1.0,3.3927474104487847,0
8,2,1.0,3.0,0
11,0,1.0,2.9139770731827523,0
15,0,1.0,3.3735572622751855,0
9,0,1.0,2.6416041678685933,0
13,0,1.0,3.3927474104487847,0
11,0,1.0,2.913977073182752,0
10,0,1.0,3.121928094887362,0
9,2,1.0,2.725480556997868,0
7,2,1.0,2.5216406363433186,0
14,2,1.0,3.6644977792004623,0
14,0,1.1818181818181819,2.7534343861887853,0
10,0,1.0,2.6464393446710157,0
12,2,1.0,3.2516291673878226,0
10,0,1.125,2.6464393446710153,0
10,0,1.0,3.121928094887362,0
6,4,1.6666666666666667,1.2516291673878228,0
14,2,1.0,3.039148671903071,0
15,0,1.0769230769230769,3.1395722619867232,1
15,1,1.0769230769230769,3.456564762130953,0
11,0,1.0,3.2776134368191165,0
11,0,1.0,2.7321588913645702,0
14,0,1.0833333333333333,3.521640636343319,0
13,0,1.0909090909090908,3.238901256602631,0
11,2,1.0,3.277613436819116,0
11,0,1.0,2.8453509366224368,0
14,0,1.0833333333333333,2.9852281360342516,0
10,0,1.0,2.9219280948873623,0
14,0,1.0,2.556656707462823,0
10,0,1.2857142857142858,2.721928094887362,0
11,2,1.0,3.0957952550009344,0
15,0,1.1666666666666667,3.189898095464287,0
10,0,1.0,2.7219280948873625,0
12,0,1.0,3.2516291673878226,0
14,0,1.0,3.182005814760214,0
9,0,1.1428571428571428,2.5032583347756456,0
15,0,1.0,3.189898095464287,0
10,2,1.0,2.9219280948873623,0
9,1,1.0,2.94770277922009,0
11,0,1.0,2.9139770731827523,0
10,0,1.0,3.121928094887362,0
12,0,1.1,3.188721875540867,0
13,0,1.0,3.334679141051595,0
7,0,1.0,2.5216406363433186,0
7,2,1.0,2.5216406363433186,0
13,0,1.0,3.7004397181410926,0
11,0,1.0,3.095795255000934,0
13,0,1.0,3.3927474104487847,0
15,0,1.0769230769230769,2.866247897312731,0
11,0,1.0,3.095795255000934,0
9,0,1.0,3.169925001442312,0
15,0,1.0,3.3735572622751855,0
10,0,1.0,3.121928094887362,0
13,2,1.0,3.5465935642949384,0
7,1,1.0,2.807354922057604,0
9,0,1.0,3.169925001442312,0
10,0,1.0,3.321928094887362,0
12,0,1.0,3.0849625007211556,0
13,0,1.0,3.238901256602631,0
7,0,1.0,2.521640636343318,0
14,0,1.0,3.3248629576173574,0
8,0,1.0,2.75,0
12,0,1.0,3.4182958340544896,0
12,0,1.0,2.9182958340544896,0
12,3,1.1,3.0220552088742,0
12,0,1.0,2.8553885422075336,0
12,0,1.0,2.918295834054489,0
14,0,1.0,2.807354922057604,0
7,0,1.2,2.2359263506290326,0
7,3,1.0,2.807354922057604,0
14,0,1.0,3.182005814760214,0
10,0,1.0,2.8464393446710154,0
15,0,1.0,3.373557262275185,0
14,4,1.0,3.4677201004745006,0
15,0,1.0,3.5068905956085183,0
12,0,1.0,3.084962500721156,0
15,0,1.0,3.2402239289418517,0
10,0,1.0,3.1219280948873624,0
11,0,1.1111111111111112,2.845350936622437,0
15,0,1.1666666666666667,2.6825887305018328,0
12,2,1.0,3.188721875540867,0
14,0,1.0,3.182005814760214,0
13,0,1.0,3.3927474104487847,0
7,0,1.0,2.5216406363433186,0
14,2,1.0,3.521640636343319,0
9,0,1.0,2.725480556997868,0
13,0,1.0,3.0269868333592873,0
10,2,1.0,3.121928094887362,0
10,0,1.0,2.9219280948873623,0
14,4,1.0,3.3248629576173574,0
13,0,1.0,2.9689185639620974,0
8,0,1.0,2.5,0
13,0,1.0909090909090908,2.931208948910323,0
10,0,1.0,3.1219280948873624,0
8,0,1.0,2.75,0
15,0,1.0,3.32323142879762,0
11,0,1.0,2.663532754804255,0
14,0,1.0,3.521640636343319,0
14,0,1.0833333333333333,3.09306920777189,0
15,0,1.0,3.373557262275185,0
15,0,1.0769230769230769,2.8402239289418523,0
15,3,1.0,3.056564762130954,0
14,0,1.3,3.039148671903072,0
11,0,1.0,3.0957952550009344,0
14,0,1.0,3.182005814760214,0
15,0,1.0769230769230769,3.2402239289418517,0
9,0,1.0,3.169925001442312,0
10,0,1.0,2.6464393446710153,0
8,0,1.0,2.4056390622295662,0
12,0,1.0,3.418295834054489,0
15,0,1.0769230769230769,3.4565647621309536,0
13,0,1.0909090909090908,3.238901256602631,0
8,0,1.0,3.0,0
7,0,1.0,2.5216406363433186,0
13,0,1.0,3.085055102756477,0
11,0,1.0,3.2776134368191165,0
7,0,1.0,2.807354922057604,0
8,0,1.0,2.4056390622295662,0
10,0,1.125,2.5219280948873624,1
7,0,1.0,2.521640636343318,0
10,0,1.0,2.7219280948873625,0
6,0,1.0,2.584962500721156,0
13,0,1.0,3.3927474104487847,0
13,0,1.2,3.238901256602631,0
13,0,1.0,3.5465935642949384,0
12,0,1.0,3.418295834054489,0
13,0,1.0,3.3927474104487847,0
15,4,1.0,3.189898095464287,0
11,0,1.0,2.8453509366224368,0
9,0,1.0,2.9477027792200903,0
14,0,1.0,3.182005814760214,0
13,0,1.0,3.546593564294939,0
11,2,1.0,3.277613436819116,0
11,0,1.0,3.0957952550009344,0
13,0,1.0,3.3927474104487847,1
6,0,1.0,2.584962500721156,0
15,0,1.1666666666666667,2.656564762130954,0
8,2,1.0,3.0,0
15,3,1.0,3.773557262275185,0
15,0,1.0,3.189898095464287,0
15,0,1.0769230769230769,3.4565647621309536,0
13,0,1.0,3.0269868333592873,0
13,0,1.0,3.180832987205441,0
8,0,1.1666666666666667,2.5,0
11,0,1.0,3.095795255000934,0
11,0,1.25,2.299896391167891,0
15,4,1.0,3.589898095464287,0
10,0,1.125,2.6464393446710153,0
7,4,1.0,2.807354922057604,0
12,0,1.0,3.2516291673878226,0
12,0,1.0,3.2516291673878226,0
15,0,1.0,3.189898095464287,0
13,0,1.0,3.085055102756477,0
15,1,1.0769230769230769,3.589898095464287,0
15,0,1.0769230769230769,2.9735572622751847,0
15,8,1.0769230769230769,3.5068905956085192,0
12,0,1.0,3.0220552088742005,0
14,0,1.1818181818181819,2.5566567074628237,0
15,0,1.0,3.323231428797621,0
12,0,1.0,3.0220552088742005,0
15,3,1.0,3.6402239289418516,0
13,0,1.0,3.180832987205441,0
13,0,1.0,3.334679141051595,0
12,0,1.0,3.084962500721156,0
14,0,1.0833333333333333,3.039148671903071,0
14,0,1.0,3.521640636343319,0
11,0,1.0,3.277613436819116,0
12,0,1.1,2.918295834054489,0
10,0,1.0,2.6464393446710153,0
15,4,1.0769230769230769,3.323231428797621,0
10,0,1.0,2.9219280948873623,0
11,0,1.0,3.095795255000934,0
12,0,1.0,2.8553885422075336,0
12,0,1.0,3.2516291673878226,0
11,1,1.0,3.459431618637298,0
8,0,1.0,2.75,0
10,0,1.0,2.9219280948873623,0
14,0,1.0,3.521640636343319,0
10,4,1.0,2.7219280948873625,0
8,0,1.0,2.5,0
12,0,1.0,3.0220552088742005,0
15,0,1.0,3.323231428797621,0
4,0,1.0,2.0,0
15,0,1.0769230769230769,2.9735572622751847,1
15,2,1.0,3.373557262275185,0
11,0,1.0,3.277613436819116,0
12,0,1.1,2.688721875540867,0
14,0,1.0,3.378783493486176,0
13,0,1.0,3.238901256602631,0
9,0,1.0,3.169925001442312,0
12,0,1.0,2.918295834054489,0
14,0,1.0,3.2359263506290326,0
14,0,1.0,3.3787834934861767,0
15,0,1.0,3.5068905956085183,0
13,2,1.0,3.5465935642949384,0
13,0,1.0,2.8150724101159437,0
11,0,1.1111111111111112,3.0957952550009344,0
9,0,1.0,2.94770277922009,0
9,1,1.0,2.94770277922009,0
12,0,1.0,3.418295834054489,0
13,1,1.0,3.180832987205441,0
8,0,1.0,3.0,0
11,1,1.1111111111111112,2.663532754804255,0
12,0,1.0,3.2516291673878226,0
7,0,1.0,2.807354922057604,0
12,0,1.0,3.0220552088742005,0
11,0,1.0,2.9139770731827523,0
14,0,1.0,3.6644977792004623,0
13,1,1.0,3.238901256602631,0
14,4,1.0,3.521640636343319,0
11,0,1.0,2.845350936622437,0
8,0,1.0,2.75,0
12,0,1.1,2.5849625007211556,0
7,0,1.0,2.5216406363433186,0
12,0,1.0,2.751629167387823,0
15,0,1.0769230769230769,3.4565647621309536,0
11,0,1.1111111111111112,2.7321588913645702,0
13,0,1.0,3.085055102756477,0
12,2,1.0,3.2516291673878226,0
15,0,1.0,3.323231428797621,0
13,0,1.0,3.180832987205441,0
11,0,1.0,3.277613436819116,0
15,1,1.0,3.4565647621309536,0
15,0,1.0769230769230769,3.3232314287976203,0
14,0,1.0,3.378783493486176,0
13,0,1.0,3.238901256602631,0
10,0,1.0,2.4464393446710155,0
10,0,1.0,3.321928094887362,0
15,0,1.0769230769230769,3.506890595608519,0
12,0,1.0,3.2516291673878226,0
13,0,1.0909090909090908,2.8731406795131336,0
12,0,1.0,3.2516291673878226,0
14,0,1.0,3.4677201004745006,0
11,0,1.0,3.095795255000934,0
9,0,1.0,2.94770277922009,0
9,0,1.0,3.169925001442312,0
11,0,1.0,3.095795255000934,0
11,0,1.0,3.0957952550009344,0
15,0,1.0769230769230769,3.323231428797621,0
11,4,1.1111111111111112,2.9139770731827523,0
6,3,1.0,2.584962500721156,0
14,1,1.0833333333333333,3.182005814760214,0
15,1,1.0,3.32323142879762,0
9,0,1.0,2.725480556997868,0
13,0,1.0,3.546593564294939,0
14,4,1.0,3.521640636343319,0
10,0,1.0,2.9219280948873623,0
15,0,1.0,3.5068905956085183,0
10,0,1.0,3.121928094887362,0
14,0,1.0833333333333333,3.3787834934861767,0
15,0,1.0,3.1898980954642866,0
6,0,1.0,1.9182958340544893,0
12,0,1.0,3.2516291673878226,0
13,4,1.0,3.238901256602631,0
11,0,1.0,3.0957952550009344,0
14,0,1.0,3.2359263506290334,0
8,0,1.0,3.0,0
15,8,1.0,3.773557262275185,0
15,0,1.0,3.3232314287976203,0
10,0,1.0,2.6464393446710157,0
8,4,1.0,3.0,0
11,0,1.0,3.277613436819116,0
8,0,1.0,3.0,0
12,0,1.0,3.084962500721156,0
5,0,1.3333333333333333,1.5219280948873621,0
12,0,1.0,2.8553885422075336,0
13,0,1.0,3.238901256602631,0
15,0,1.0,3.373557262275185,0
13,2,1.0,3.180832987205441,0
12,0,1.0,3.2516291673878226,0
9,0,1.0,2.6416041678685933,0
9,0,1.0,2.94770277922009,0
15,0,1.0,3.456564762130953,0
14,0,1.0,3.4677201004745006,0
9,0,1.0,2.725480556997868,0
11,0,1.0,2.845350936622437,0
15,0,1.0,3.5068905956085183,1
9,0,1.0,2.5032583347756456,0
5,0,1.0,1.9219280948873623,0
15,0,1.0769230769230769,3.1898980954642866,0
8,0,1.0,3.0,0
14,0,1.0,3.521640636343319,0
15,0,1.0,3.640223928941851,0
9,0,1.0,2.2810361125534233,0
6,0,1.0,1.7924812503605778,0
12,0,1.0,3.2516291673878226,0
9,0,1.0,2.94770277922009,0
10,0,1.0,3.121928094887362,0
11,0,1.0,3.0957952550009344,0
9,0,1.0,3.169925001442312,0
11,0,1.0,3.027169118440619,0
11,0,1.0,2.663532754804255,0
10,0,1.0,2.7219280948873625,0
11,0,1.0,2.9139770731827523,0
8,0,1.0,2.75,0
12,0,1.0,2.8553885422075336,0
7,0,1.0,2.5216406363433186,0
15,8,1.0769230769230769,3.272905595320056,0
13,0,1.2,3.238901256602631,0
13,0,1.0909090909090908,3.1808329872054415,0
10,2,1.0,3.1219280948873624,0
11,1,1.0,2.9139770731827523,0
9,0,1.0,2.725480556997868,0
14,3,1.0,3.378783493486176,0
13,0,1.0,3.238901256602631,0
8,0,1.0,2.75,0
8,0,1.0,2.75,0
13,0,1.0,3.238901256602631,0
9,0,1.0,2.725480556997868,0
10,0,1.125,2.3709505944546687,0
13,0,1.2,2.4996981431844145,0
7,1,1.0,2.807354922057604,0
14,0,1.0,3.182005814760214,0
12,2,1.0,3.418295834054489,0
10,0,1.0,3.121928094887362,0
10,3,1.0,3.121928094887362,0
10,0,1.0,2.9219280948873623,0
12,0,1.1,3.0220552088742005,0
10,0,1.0,2.9219280948873623,0
15,0,1.0769230769230769,3.056564762130954,0
12,0,1.0,3.0220552088742,0
11,0,1.0,3.277613436819116,0
6,1,1.0,2.2516291673878226,0
10,0,1.0,3.121928094887362,0
13,0,1.0,3.085055102756477,0
8,0,1.1666666666666667,2.1556390622295662,0
8,0,1.0,2.75,0
14,0,1.0,3.039148671903071,0
12,0,1.0,3.084962500721156,0
12,0,1.0,3.0220552088742,0
13,0,1.0,2.873140679513133,0
11,0,1.0,3.095795255000934,0
12,0,1.1,2.8553885422075336,0
6,0,1.0,2.584962500721156,0
12,0,1.0,3.2516291673878226,0
14,0,1.0,2.8073549220576037,0
9,0,1.0,2.94770277922009,0
7,0,1.0,2.2359263506290326,0
9,0,1.0,2.94770277922009,1
10,2,1.0,2.8464393446710154,0
12,0,1.1,3.0220552088742,0
10,0,1.0,3.321928094887362,0
12,0,1.1,3.0220552088742,0
15,0,1.0,3.1898980954642866,0
15,4,1.0,3.1068905956085184,0
8,0,1.1666666666666667,2.25,0
11,0,1.0,3.277613436819116,0
8,0,1.0,3.0,0
6,0,1.0,2.584962500721156,0
8,2,1.0,3.0,0
15,0,1.0,2.923231428797621,0
13,0,1.0,2.8731406795131336,0
14,0,1.0,3.521640636343319,0
14,2,1.0,3.6644977792004623,0
12,0,1.1,3.0220552088742,0
13,0,1.3333333333333333,2.8150724101159437,0
7,0,1.0,2.807354922057604,0
10,0,1.0,3.121928094887362,0
10,1,1.0,2.9219280948873623,0
8,0,1.1666666666666667,2.5,0
11,0,1.0,3.0957952550009344,0
8,0,1.1666666666666667,2.1556390622295662,0
9,3,1.0,3.169925001442312,0
10,2,1.0,2.9219280948873623,0
6,1,1.0,2.584962500721156,0
12,0,1.0,2.792481250360578,0
12,0,1.2222222222222223,2.5220552088742005,0
13,0,1.0,3.0269868333592873,0
12,0,1.0,3.584962500721156,0
10,0,1.0,2.9219280948873623,0
13,2,1.0,3.3927474104487847,0
8,0,1.0,3.0,0
15,1,1.0,3.7735572622751845,0
9,0,1.0,2.725480556997868,0
15,2,1.0,3.773557262275185,0
11,0,1.0,3.027169118440619,0
12,0,1.0,2.8553885422075336,0
8,0,1.0,3.0,0
14,0,1.0833333333333333,3.378783493486176,0
14,0,1.0,3.378783493486176,0
8,0,1.0,3.0,0
11,0,1.0,3.277613436819116,0
8,0,1.1666666666666667,2.0,0
8,0,1.0,2.4056390622295662,0
13,0,1.0,3.0850551027564768,0
13,0,1.0,3.238901256602631,0
15,0,1.0,3.640223928941851,0
9,0,1.0,2.4193819456463714,0
11,0,1.0,2.7321588913645707,0
10,4,1.125,2.6464393446710157,0
15,0,1.0,3.3735572622751855,1
15,0,1.0,3.3232314287976203,0
12,0,1.0,3.2516291673878226,0
9,0,1.0,2.725480556997868,0
11,0,1.1111111111111112,3.0957952550009344,0
14,0,1.0,3.521640636343319,0
10,0,1.125,2.9219280948873623,0
12,0,1.1,3.084962500721156,0
6,1,1.0,2.584962500721156,0
9,0,1.1428571428571428,2.4193819456463714,0
10,1,1.0,3.121928094887362,0
15,2,1.0,3.640223928941851,0
11,2,1.1111111111111112,3.095795255000934,0
9,1,1.0,2.725480556997868,0
14,0,1.0,3.182005814760214,0
12,0,1.0,3.0220552088742,0
11,0,1.0,3.277613436819116,0
14,0,1.0,3.2359263506290334,0
13,0,1.0,3.0269868333592873,0
9,0,1.0,2.725480556997868,0
11,0,1.0,3.277613436819116,0
6,1,1.0,2.2516291673878226,0
10,0,1.0,2.9219280948873623,0
6,2,1.0,2.584962500721156,0
11,0,1.0,3.459431618637298,0
12,0,1.1,3.0220552088742,0
12,0,1.0,3.084962500721156,0
13,0,1.0,3.3927474104487847,0
15,2,1.1666666666666667,3.1898980954642866,0
12,0,1.0,3.0220552088742005,0
12,0,1.0,3.2516291673878226,0
14,2,1.0,3.3248629576173574,0
9,2,1.0,2.94770277922009,0
8,0,1.0,2.5,1
12,0,1.0,3.2516291673878226,0
14,0,1.0,3.3787834934861767,0
14,0,1.0,3.182005814760214,1
9,1,1.0,2.725480556997868,0
11,0,1.0,3.095795255000934,0
14,0,1.0,3.3787834934861767,0
14,2,1.0,3.3248629576173574,0
13,0,1.0,3.334679141051595,0
8,0,1.0,2.75,0
8,1,1.0,2.75,0
9,0,1.0,2.94770277922009,0
14,0,1.0,3.039148671903071,0
14,0,1.0,3.2359263506290334,0
10,0,1.0,3.121928094887362,0
13,0,1.0,3.238901256602631,0
11,1,1.0,3.2776134368191165,0
7,0,1.0,2.807354922057604,0
7,4,1.0,2.807354922057604,0
13,0,1.0,3.180832987205441,0
6,0,1.0,2.584962500721156,0
13,0,1.0,3.3927474104487847,0
9,4,1.0,3.169925001442312,0
14,0,1.0,3.52164063634332,0
6,2,1.0,2.584962500721156,0
15,2,1.0,3.32323142879762,0
15,1,1.0,3.373557262275185,0
15,1,1.0769230769230769,3.32323142879762,0
10,0,1.0,3.121928094887362,0
11,0,1.25,2.2221915755066783,0
15,0,1.0,3.32323142879762,0
12,0,1.0,2.8553885422075336,0
9,2,1.0,3.169925001442312,0
10,0,1.0,2.721928094887362,0
6,0,1.0,2.584962500721156,0
14,0,1.0,3.3248629576173574,0
13,0,1.0909090909090908,3.0269868333592873,0
12,0,1.0,3.0220552088742,0
11,0,1.0,3.095795255000934,0
11,2,1.0,3.277613436819116,1
10,0,1.0,2.9219280948873623,0
11,0,1.0,3.095795255000934,0
9,0,1.0,2.94770277922009,0
11,0,1.1111111111111112,2.845350936622437,0
10,0,1.0,3.121928094887362,0
9,0,1.0,2.94770277922009,0
8,0,1.0,2.4056390622295662,0
13,0,1.0,3.238901256602631,0
13,0,1.0,3.334679141051595,0
15,6,1.0,3.106890595608519,0
8,0,1.0,2.75,0
10,2,1.0,2.9219280948873623,0
8,0,1.0,2.75,0
15,0,1.0769230769230769,3.189898095464287,0
6,0,1.0,2.584962500721156,0
5,0,1.0,2.321928094887362,0
9,0,1.0,3.169925001442312,0
12,0,1.0,3.418295834054489,0
14,0,1.1818181818181819,2.9852281360342525,0
13,0,1.0,3.238901256602631,0
14,0,1.0,3.378783493486176,0
7,0,1.0,2.807354922057604,0
14,0,1.0833333333333333,3.039148671903071,0
14,4,1.0,3.3787834934861767,0
9,0,1.1428571428571428,2.197159723424149,0
11,0,1.0,3.459431618637298,0
10,0,1.125,2.721928094887362,0
13,0,1.0909090909090908,3.085055102756477,0
12,0,1.0,3.0220552088742,0
12,0,1.0,3.418295834054489,0
8,0,1.0,2.75,0
14,0,1.0,3.3248629576173574,0
12,0,1.0,3.2516291673878226,0
11,0,1.0,3.095795255000934,0
11,0,1.1111111111111112,2.663532754804255,0
13,0,1.0,3.546593564294939,0
15,0,1.0,3.3232314287976203,0
8,0,1.0,2.75,0
9,0,1.0,2.5032583347756456,0
12,0,1.1,3.0220552088742,0
9,0,1.0,2.94770277922009,0
14,0,1.0833333333333333,2.692380602454975,0
12,1,1.1,3.2516291673878226,0
10,0,1.0,3.121928094887362,0
13,0,1.0,3.180832987205441,0
10,1,1.0,3.121928094887362,0
9,4,1.0,2.503258334775646,0
11,0,1.0,2.9139770731827523,0
6,0,1.0,2.2516291673878226,0
9,2,1.0,2.94770277922009,0
7,0,1.0,2.5216406363433186,0
15,0,1.0,3.640223928941851,0
8,2,1.0,2.75,0
14,0,1.0833333333333333,3.2359263506290334,0
15,0,1.0769230769230769,3.139572261986723,0
10,0,1.0,3.121928094887362,0
13,0,1.0,3.5465935642949384,0
12,0,1.0,2.792481250360578,0
11,0,1.0,3.277613436819116,0
10,2,1.0,3.321928094887362,0
10,0,1.125,2.6464393446710153,0
15,3,1.0,3.506890595608518,0
9,0,1.0,3.169925001442312,0
15,2,1.0,3.773557262275185,0
6,3,1.0,1.9182958340544896,0
9,0,1.0,2.725480556997868,0
12,0,1.0,2.792481250360578,0
10,0,1.0,3.121928094887362,0
12,0,1.0,3.418295834054489,0
7,0,1.0,2.521640636343318,0
7,0,1.0,2.2359263506290326,0
11,0,1.0,3.095795255000934,0
14,0,1.0,3.521640636343319,0
12,0,1.0,3.418295834054489,0
13,0,1.0,3.3927474104487847,0
13,0,1.0,3.334679141051595,0
13,0,1.0,3.180832987205441,0
15,2,1.0,3.3735572622751855,0
15,2,1.0769230769230769,3.1898980954642866,0
9,2,1.0,2.9477027792200903,0
12,0,1.0,3.2516291673878226,0
12,0,1.1,2.8553885422075336,0
12,0,1.0,3.2516291673878226,0
14,0,1.1818181818181819,2.6644977792004614,0
8,0,1.0,2.75,0
10,0,1.0,3.321928094887362,0
9,0,1.0,3.169925001442312,0
10,0,1.2857142857142858,2.3709505944546687,0
10,0,1.0,3.1219280948873624,0
9,0,1.0,2.725480556997868,0
8,0,1.0,2.75,0
9,0,1.0,2.725480556997868,0
11,0,1.0,3.2776134368191165,0
9,0,1.0,2.94770277922009,0
12,0,1.0,3.188721875540867,0
10,0,1.0,3.1219280948873624,0
14,0,1.0,3.521640636343319,0
11,0,1.0,3.095795255000934,0
15,0,1.0769230769230769,3.0062389286533895,0
15,0,1.0,3.773557262275185,0
14,0,1.0,3.378783493486176,0
13,0,1.0,2.5073801024236357,0
10,2,1.0,3.121928094887362,0
7,0,1.0,2.5216406363433186,0
14,0,1.0,3.3787834934861767,0
6,0,1.0,2.2516291673878226,0
15,1,1.0,3.6402239289418516,0
7,0,1.0,2.807354922057604,0
14,0,1.0,3.3787834934861767,0
10,2,1.0,2.9219280948873623,0
13,0,1.0,3.0269868333592873,0
10,0,1.0,2.9219280948873623,0
10,0,1.0,3.321928094887362,0
6,0,1.0,2.584962500721156,0
11,3,1.0,3.0957952550009344,0
7,0,1.0,2.5216406363433186,0
11,0,1.0,3.459431618637298,0
9,0,1.0,3.169925001442312,0
12,0,1.0,3.188721875540867,0
11,0,1.0,3.277613436819116,0
14,1,1.0833333333333333,3.09306920777189,0
10,2,1.0,3.321928094887362,0
14,3,1.0,3.09306920777189,0
10,0,1.0,2.6464393446710153,0
13,0,1.0,3.180832987205441,0
9,3,1.1428571428571428,2.2810361125534233,0
12,0,1.0,2.8553885422075336,0
9,2,1.0,2.9477027792200903,0
14,0,1.0,3.2359263506290334,0
15,1,1.0,3.32323142879762,0
10,0,1.0,2.9219280948873623,0
15,1,1.0,3.1068905956085184,0
11,1,1.0,3.277613436819116,0
14,0,1.0,3.8073549220576055,0
12,0,1.0,3.2516291673878226,0
10,4,1.0,3.121928094887362,0
7,0,1.0,2.807354922057604,0
14,0,1.0833333333333333,3.039148671903071,0
8,0,1.1666666666666667,2.5,0
12,0,1.0,3.084962500721156,0
10,0,1.0,3.121928094887362,0
10,0,1.0,3.121928094887362,0
9,4,1.0,3.169925001442312,0
8,0,1.0,2.75,0
7,0,1.0,2.5216406363433186,0
14,0,1.0,3.4677201004745006,1
5,0,1.0,2.321928094887362,0
13,0,1.0,3.5465935642949384,0
12,0,1.0,2.8553885422075336,0
11,0,1.0,3.0957952550009344,0
12,0,1.0,3.0220552088742005,0
7,0,1.0,2.807354922057604,0
12,0,1.0,3.0849625007211556,0
10,0,1.0,2.9219280948873623,0
12,0,1.0,3.0220552088742005,0
9,2,1.0,2.94770277922009,0
9,0,1.0,2.4193819456463714,0
10,5,1.0,3.1219280948873624,0
9,0,1.0,2.725480556997868,0
10,0,1.0,2.8464393446710154,0
14,0,1.0,3.3787834934861767,0
7,0,1.0,2.807354922057604,0
11,0,1.0,3.277613436819116,0
12,0,1.0,3.418295834054489,0
14,0,1.0,3.3787834934861767,0
9,0,1.0,2.94770277922009,0
11,0,1.0,2.663532754804255,0
8,1,1.0,2.75,0
10,0,1.0,3.121928094887362,0
13,0,1.0909090909090908,3.0269868333592873,0
15,0,1.0769230769230769,3.373557262275185,0
12,0,1.1,2.355388542207534,0
11,0,1.0,3.095795255000934,0
15,0,1.0,3.3735572622751855,0
14,0,1.0,3.2359263506290334,0
8,0,1.0,2.75,0
11,0,1.0,3.277613436819116,0
13,0,1.0,2.8150724101159437,0
13,0,1.0,3.0269868333592873,0
14,0,1.0833333333333333,2.9852281360342525,0
13,0,1.0,3.180832987205441,0
14,0,1.0,3.378783493486176,0
13,2,1.0909090909090908,3.0269868333592873,0
14,0,1.0,3.6644977792004623,0
14,1,1.0833333333333333,3.09306920777189,0
10,0,1.0,2.7219280948873625,0
10,1,1.0,3.121928094887362,0
12,0,1.0,3.2516291673878226,0
9,0,1.0,2.94770277922009,0
11,0,1.0,2.8453509366224368,0
15,0,1.0,3.640223928941851,0
9,0,1.0,3.169925001442312,0
14,0,1.0,3.521640636343319,0
12,0,1.0,3.0220552088742,0
15,0,1.0769230769230769,3.1395722619867223,0
10,0,1.0,2.8464393446710154,0
7,0,1.0,2.807354922057604,0
8,1,1.0,3.0,0
15,0,1.0,3.373557262275185,0
13,0,1.0,3.3927474104487847,0
15,0,1.0,3.3232314287976203,0
13,0,1.0,3.3927474104487847,0
15,0,1.0,3.640223928941851,0
15,1,1.0,3.323231428797621,0
15,0,1.0,3.640223928941852,0
9,0,1.0,2.725480556997868,0
12,0,1.0,2.9182958340544896,0
14,0,1.0,3.4677201004745006,0
10,0,1.0,3.1219280948873624,0
8,0,1.1666666666666667,2.1556390622295662,0
14,4,1.0,3.521640636343319,0
15,0,1.0769230769230769,3.32323142879762,0
11,0,1.0,3.027169118440619,0
12,0,1.0,3.084962500721156,0
10,2,1.0,3.321928094887362,0
9,0,1.0,2.94770277922009,0
12,0,1.0,3.0849625007211556,0
13,0,1.0,2.7773627950641693,0
14,0,1.0,3.09306920777189,1
12,0,1.0,3.418295834054489,0
10,0,1.2857142857142858,2.321928094887362,0
12,0,1.0,2.918295834054489,0
10,0,1.0,3.121928094887362,0
15,4,1.0,3.6402239289418516,0
15,0,1.0769230769230769,3.373557262275185,0
15,0,1.0,3.4565647621309536,0
9,4,1.0,3.169925001442312,0
10,3,1.0,3.121928094887362,0
13,0,1.0,3.0269868333592873,0
11,0,1.0,2.663532754804255,0
15,0,1.0769230769230769,3.1395722619867223,0
10,0,1.5,2.121928094887362,0
10,0,1.0,2.8464393446710154,0
14,0,1.0,3.039148671903071,0
13,2,1.0,3.238901256602631,0
13,0,1.0,3.3927474104487847,0
10,0,1.0,3.321928094887362,0
13,0,1.0,3.085055102756477,0
13,0,1.0,3.238901256602631,0
13,0,1.0,3.5465935642949384,0
11,3,1.0,3.2776134368191165,0
7,0,1.0,2.2359263506290326,0
15,4,1.0,3.5068905956085183,0
11,4,1.0,3.277613436819116,0
8,0,1.0,2.4056390622295662,0
8,1,1.0,2.75,0
13,0,1.0,3.085055102756477,0
8,0,1.0,2.75,0
13,0,1.0,3.3927474104487847,0
13,0,1.0,3.5465935642949384,0
10,0,1.0,2.6464393446710157,0
9,2,1.0,2.503258334775646,0
15,0,1.1666666666666667,3.2402239289418513,0
10,0,1.0,3.121928094887362,0
10,0,1.0,2.8464393446710154,0
14,4,1.0,3.521640636343319,0
11,3,1.0,3.277613436819116,0
12,0,1.0,2.8553885422075336,0
13,0,1.0,3.5465935642949384,0
11,0,1.0,2.481714572986073,0
13,0,1.0,3.238901256602631,0
7,0,1.0,2.807354922057604,0
14,0,1.0,3.182005814760214,0
15,0,1.0769230769230769,3.056564762130954,0
10,0,1.0,2.7219280948873625,0
13,0,1.0,3.238901256602631,0
8,0,1.0,2.5,0
12,0,1.1,2.751629167387823,0
8,0,1.0,2.75,0
9,0,1.0,2.94770277922009,0
9,0,1.0,2.9477027792200903,0
13,0,1.0,3.3927474104487847,0
14,3,1.0,3.378783493486176,0
8,0,1.0,2.5,0
13,0,1.0,3.180832987205441,0
10,4,1.0,2.9219280948873623,0
12,0,1.0,3.4182958340544896,0
11,5,1.1111111111111112,2.9139770731827523,0
9,1,1.0,2.94770277922009,0
11,0,1.0,2.6635327548042547,0
9,0,1.0,2.94770277922009,0
11,0,1.0,2.9139770731827523,0
15,0,1.0,3.189898095464287,0
13,0,1.0,3.180832987205441,0
9,0,1.0,3.169925001442312,0
11,4,1.0,3.277613436819116,0
14,0,1.0,3.521640636343319,0
15,7,1.0,3.5068905956085183,0
11,0,1.0,2.9139770731827523,0
9,0,1.1428571428571428,2.725480556997868,0
14,0,1.1818181818181819,3.182005814760214,0
8,0,1.1666666666666667,2.5,0
12,0,1.1,2.8553885422075336,0
10,0,1.0,2.921928094887362,0
12,0,1.0,3.0849625007211556,0
12,0,1.0,3.188721875540867,0
9,0,1.0,2.725480556997868,0
15,0,1.0,3.240223928941852,0
12,0,1.0,3.084962500721156,0
11,0,1.0,3.0957952550009344,0
8,0,1.0,2.75,0
12,0,1.0,3.2516291673878226,0
11,0,1.1111111111111112,2.8453509366224368,1
15,1,1.0,3.640223928941851,0
12,0,1.0,3.0220552088742,0
11,8,1.0,3.095795255000934,0
10,0,1.125,2.6464393446710153,0
7,0,1.0,2.807354922057604,0
15,0,1.0,3.506890595608518,0
10,0,1.0,2.9219280948873623,0
15,0,1.0,3.1898980954642875,0
14,0,1.0833333333333333,2.9852281360342516,0
12,0,1.0,3.084962500721156,0
12,0,1.0,3.2516291673878226,0
11,0,1.0,2.9139770731827523,0
10,0,1.0,3.121928094887362,0
8,0,1.0,2.75,0
12,0,1.0,3.4182958340544896,0
12,0,1.1,2.8553885422075336,0
11,0,1.0,2.7321588913645702,0
15,0,1.0,3.4565647621309536,0
11,2,1.0,3.277613436819116,0
14,0,1.0833333333333333,3.182005814760214,0
8,2,1.0,3.0,0
11,0,1.0,3.277613436819116,0
11,0,1.1111111111111112,2.663532754804255,0
6,0,1.0,2.584962500721156,0
12,0,1.0,3.584962500721156,0
11,0,1.1111111111111112,2.8453509366224368,0
14,0,1.1818181818181819,2.950212064914747,0
10,0,1.0,3.121928094887362,0
11,0,1.0,3.0957952550009344,0
10,0,1.0,3.121928094887362,0
10,0,1.0,3.121928094887362,0
15,1,1.0,3.1898980954642866,0
9,0,1.0,2.94770277922009,0
9,0,1.0,2.725480556997868,0
14,0,1.0833333333333333,2.950212064914747,0
11,0,1.0,2.9139770731827523,0
12,0,1.1,3.084962500721156,0
11,0,1.0,2.9139770731827523,0
15,1,1.0,3.5068905956085183,0
11,0,1.0,3.277613436819116,0
9,0,1.0,2.94770277922009,0
13,0,1.0,2.931208948910323,0
10,2,1.0,2.9219280948873623,0
8,0,1.0,2.4056390622295662,0
12,0,1.0,3.2516291673878226,0
15,0,1.0,3.189898095464288,0
14,2,1.0833333333333333,3.09306920777189,0
15,0,1.0,3.323231428797621,0
13,0,1.0,3.0269868333592873,0
11,0,1.0,3.095795255000934,0
15,0,1.1666666666666667,3.3232314287976203,0
3,0,1.0,1.584962500721156,0
14,4,1.0,3.521640636343319,0
12,0,1.0,3.2516291673878226,0
6,0,1.0,2.2516291673878226,0
15,0,1.0,3.6402239289418516,0
11,0,1.0,3.095795255000934,0
13,0,1.0,3.238901256602631,0
11,0,1.25,2.413088436425758,0
10,2,1.0,2.7219280948873625,0
11,5,1.0,2.8453509366224368,0
14,0,1.0,3.182005814760214,0
15,3,1.0769230769230769,3.5068905956085183,0
15,4,1.0,3.7735572622751845,0
11,0,1.0,3.277613436819116,0
12,0,1.0,3.2516291673878226,0
11,0,1.1111111111111112,3.027169118440619,0
12,0,1.0,3.2516291673878226,0
9,1,1.0,3.169925001442312,0
12,0,1.0,3.2516291673878226,0
15,0,1.0769230769230769,3.2402239289418517,0
10,2,1.0,2.9219280948873623,0
15,0,1.0769230769230769,3.1898980954642866,0
14,0,1.0,3.039148671903071,0
10,0,1.0,2.9219280948873627,0
9,0,1.0,3.169925001442312,0
12,0,1.0,3.2516291673878226,0
14,0,1.0,3.378783493486176,0
15,0,1.0,3.506890595608519,0
10,0,1.0,3.121928094887362,0
10,0,1.0,3.121928094887362,0
10,0,1.0,2.9219280948873623,0
12,0,1.0,3.188721875540867,0
13,4,1.0,3.238901256602631,0
6,0,1.0,2.584962500721156,0
13,0,1.0,3.3927474104487847,0
7,0,1.0,2.807354922057604,0
11,0,1.0,3.459431618637298,0
6,1,1.0,2.2516291673878226,0
9,3,1.0,3.169925001442312,0
11,0,1.0,3.2776134368191165,0
12,0,1.0,3.084962500721156,0
14,0,1.0,3.039148671903071,0
11,0,1.0,2.9139770731827523,0
15,1,1.0,3.006238928653389,0
12,0,1.1,3.0849625007211556,1
15,1,1.0,3.373557262275185,0
13,0,1.0,3.3927474104487847,0
14,0,1.0,3.378783493486176,0
10,0,1.0,2.9219280948873623,0
15,1,1.0,3.6402239289418516,0
12,0,1.0,3.084962500721156,0
13,0,1.0,3.238901256602631,0
8,2,1.0,3.0,0
15,1,1.0,3.7735572622751845,0
13,0,1.0,3.3927474104487847,0
7,0,1.0,1.8423709931771084,0
15,0,1.1666666666666667,2.8729055953200557,0
12,1,1.0,3.2516291673878226,0
4,0,1.0,2.0,0
7,0,1.0,2.807354922057604,0
11,0,1.1111111111111112,2.7321588913645707,0
12,0,1.0,3.0220552088742005,0
13,0,1.0,3.238901256602631,0
11,0,1.0,3.2776134368191165,0
12,0,1.1,2.688721875540867,0
13,0,1.0,2.7773627950641697,0
7,2,1.0,2.807354922057604,0
12,1,1.0,3.418295834054489,0
9,0,1.0,2.725480556997868,0
10,0,1.125,2.4464393446710155,0
7,0,1.0,2.807354922057604,0
6,0,1.0,2.2516291673878226,0
15,0,1.0,3.1898980954642875,0
10,1,1.0,3.1219280948873624,0
7,0,1.0,2.807354922057604,0
10,0,1.0,2.9219280948873623,0
15,0,1.0769230769230769,2.9232314287976213,0
13,0,1.0,3.238901256602631,0
8,3,1.0,3.0,0
11,0,1.0,3.0957952550009344,0
8,0,1.0,3.0,0
13,2,1.0,3.392747410448785,0
15,0,1.0,3.5068905956085183,0
11,0,1.0,3.277613436819116,0
9,2,1.0,3.169925001442312,0
8,3,1.0,2.75,0
5,0,1.3333333333333333,1.5219280948873621,0
11,0,1.0,3.095795255000934,0
15,2,1.0,3.906890595608518,0
8,2,1.0,3.0,0
7,0,1.0,2.2359263506290326,0
13,0,1.0,3.0269868333592873,0
11,0,1.0,3.095795255000934,0
15,4,1.0,3.6402239289418516,0
9,0,1.0,2.5032583347756456,0
8,2,1.0,3.0,0
12,2,1.0,3.584962500721156,0
10,0,1.0,2.8464393446710154,0
6,0,1.0,2.584962500721156,0
9,0,1.0,2.94770277922009,0
8,1,1.0,2.4056390622295662,0
9,0,1.0,3.169925001442312,0
7,0,1.0,2.2359263506290326,0
13,0,1.0,3.180832987205441,0
11,0,1.0,2.5949066182439395,0
11,0,1.0,2.8453509366224368,0
15,0,1.0,3.4565647621309536,0
8,1,1.0,3.0,0
10,0,1.0,2.9219280948873623,0
12,2,1.0,3.584962500721156,0
13,0,1.0909090909090908,3.238901256602631,0
13,0,1.0909090909090908,3.238901256602631,0
12,0,1.0,3.0220552088742005,0
14,0,1.0,3.182005814760214,0
12,0,1.0,3.2516291673878226,0
14,0,1.0,3.3248629576173574,0
10,0,1.0,2.8464393446710154,0
15,1,1.0,3.1898980954642875,0
15,2,1.0,3.2729055953200556,0
11,0,1.1111111111111112,3.0957952550009344,0
12,0,1.0,3.2516291673878226,0
10,4,1.0,3.1219280948873624,0
13,0,1.0,3.238901256602631,0
11,0,1.0,2.9139770731827523,0
13,0,1.0,3.238901256602631,0
14,0,1.0,3.182005814760214,0
14,0,1.0,3.378783493486176,0
13,0,1.0,3.334679141051595,0
10,2,1.0,3.121928094887362,0
7,0,1.0,2.807354922057604,0
11,0,1.0,2.845350936622437,0
13,0,1.0,3.0269868333592873,0
12,3,1.0,3.584962500721156,0
15,1,1.0,3.323231428797621,0
15,4,1.0,3.4565647621309536,0
11,0,1.0,3.459431618637298,0
13,0,1.0,3.334679141051595,0
13,0,1.0,3.3927474104487847,0
10,0,1.0,3.121928094887362,0
7,0,1.0,2.1280852788913944,0
9,0,1.0,2.725480556997868,0
14,2,1.0,3.128085278891395,0
10,0,1.0,3.321928094887362,0
11,0,1.0,3.027169118440619,0
13,0,1.0,3.392747410448785,0
13,0,1.0,3.3927474104487847,0
11,0,1.0,2.663532754804255,0
14,0,1.0,3.378783493486176,0
10,0,1.0,3.321928094887362,0
13,0,1.0,3.238901256602631,0
7,0,1.0,2.5216406363433186,0
10,0,1.0,2.9219280948873623,0
10,0,1.0,2.8464393446710154,0
11,0,1.0,3.027169118440619,0
11,0,1.0,3.0957952550009344,0
7,1,1.0,2.521640636343318,0
8,0,1.0,2.4056390622295662,0
10,0,1.0,2.9219280948873623,0
15,0,1.0,3.7735572622751845,0
9,1,1.0,2.94770277922009,0
15,0,1.0,3.32323142879762,0
6,0,1.0,2.584962500721156,0
12,3,1.0,3.0220552088742005,0
11,0,1.0,3.0957952550009344,0
11,0,1.0,3.277613436819116,0
9,0,1.0,2.6416041678685933,0
8,3,1.0,2.75,0
15,0,1.0769230769230769,2.9232314287976213,0
9,0,1.0,2.94770277922009,0
12,0,1.0,2.751629167387823,0
13,0,1.0,3.3927474104487847,0
9,0,1.0,2.9477027792200903,0
13,0,1.0,3.3927474104487847,0
13,0,1.0909090909090908,2.873140679513133,0
14,5,1.0,3.6644977792004623,0
11,0,1.0,2.7321588913645707,0
6,0,1.0,2.584962500721156,0
12,0,1.0,3.2516291673878226,0
13,0,1.0,3.238901256602631,0
12,0,1.0,3.418295834054489,0
7,0,1.0,2.521640636343318,0
10,4,1.0,3.1219280948873624,0
7,0,1.0,2.521640636343318,0
11,0,1.0,3.095795255000934,0
9,0,1.0,3.169925001442312,0
6,0,1.0,2.2516291673878226,0
15,0,1.0,3.3735572622751855,0
12,1,1.0,3.418295834054489,0
14,4,1.0833333333333333,3.521640636343319,0
6,0,1.0,2.2516291673878226,0
9,0,1.1428571428571428,2.725480556997868,0
14,0,1.0,3.3787834934861767,0
14,0,1.0,3.2359263506290334,0
9,1,1.0,3.169925001442312,0
10,0,1.0,3.121928094887362,0
11,0,1.1111111111111112,2.845350936622437,0
6,0,1.0,2.251629167387823,0
14,0,1.0,3.3248629576173574,0
15,0,1.0,3.640223928941852,0
7,4,1.0,2.521640636343318,0
15,2,1.0,3.906890595608518,0
11,0,1.0,3.095795255000934,0
7,0,1.0,2.807354922057604,0
11,0,1.0,2.8453509366224368,0
12,0,1.0,3.084962500721156,0
9,1,1.0,2.6416041678685933,0
7,0,1.0,2.807354922057604,0
15,0,1.0769230769230769,3.2729055953200556,0
11,0,1.0,3.2776134368191165,0
10,0,1.0,3.321928094887362,0
13,0,1.0,2.9689185639620974,0
11,0,1.0,3.2776134368191165,0
15,0,1.0,3.5898980954642865,0
14,0,1.0833333333333333,2.9852281360342516,0
11,0,1.0,3.0957952550009344,0
9,0,1.0,2.503258334775646,0
11,2,1.0,3.277613436819116,0
12,2,1.1,3.084962500721156,0
8,0,1.0,2.75,0
14,2,1.0833333333333333,3.521640636343319,0
7,0,1.0,2.5216406363433186,0
7,0,1.0,2.521640636343318,0
14,0,1.0,3.378783493486176,0
12,0,1.0,3.188721875540867,1
12,0,1.0,3.418295834054489,0
7,2,1.0,2.807354922057604,0
15,0,1.0,3.506890595608518,0
10,0,1.0,3.121928094887362,0
12,0,1.0,3.0220552088742005,0
11,0,1.0,3.0957952550009344,0
11,0,1.0,2.845350936622437,0
10,0,1.2857142857142858,2.721928094887362,0
9,0,1.0,2.94770277922009,0
15,0,1.0,3.32323142879762,0
12,0,1.0,3.084962500721156,0
8,0,1.0,3.0,0
6,0,1.0,2.251629167387823,0
12,0,1.0,3.0220552088742,0
9,0,1.0,3.169925001442312,0
13,0,1.0,3.180832987205441,0
12,0,1.0,3.2516291673878226,0
11,5,1.0,3.2776134368191165,0
14,2,1.0,3.521640636343319,0
14,1,1.0,3.3248629576173574,0
15,0,1.0769230769230769,3.3232314287976203,0
14,0,1.0,3.2359263506290334,0
8,1,1.0,3.0,0
7,2,1.0,2.807354922057604,0
12,0,1.1,2.688721875540867,0
10,2,1.0,3.321928094887362,0
13,0,1.0,3.3927474104487847,0
10,0,1.0,3.121928094887362,0
12,0,1.1,2.918295834054489,0
8,3,1.1666666666666667,1.9056390622295665,0
12,0,1.0,3.084962500721156,0
10,0,1.0,3.321928094887362,0
8,0,1.0,2.75,0
6,0,1.0,2.251629167387823,0
11,5,1.25,2.550340709546389,0
11,0,1.0,3.0957952550009344,0
15,0,1.0,3.5068905956085183,0
15,1,1.0,3.640223928941851,0
13,0,1.0,3.3927474104487847,0
14,0,1.0,3.6644977792004623,0
13,2,1.0,3.085055102756477,0
13,0,1.0,3.238901256602631,0
13,1,1.0,2.8150724101159437,0
10,0,1.0,2.9219280948873623,0
12,4,1.0,3.4182958340544896,0
13,1,1.0,3.238901256602631,0
12,0,1.0,3.0220552088742,0
9,0,1.0,3.169925001442312,0
15,3,1.0,3.773557262275185,0
10,1,1.0,2.9219280948873623,0
11,0,1.0,2.5503407095463886,0
11,0,1.0,3.0957952550009344,0
14,0,1.0,3.8073549220576055,0
11,0,1.0,3.027169118440619,0
9,0,1.0,2.9477027792200903,0
12,0,1.1,3.0220552088742,0
9,0,1.0,2.6416041678685933,0
9,0,1.0,2.725480556997868,0
11,0,1.0,3.2776134368191165,0
12,0,1.1,2.5849625007211556,0
15,4,1.0,3.2402239289418517,0
13,0,1.0909090909090908,3.238901256602631,0
15,0,1.0769230769230769,3.506890595608518,0
6,0,1.0,2.251629167387823,0
12,0,1.0,2.918295834054489,0
11,0,1.1111111111111112,2.5503407095463886,0
11,0,1.0,3.0957952550009344,0
15,2,1.0769230769230769,3.506890595608518,0
10,0,1.0,3.121928094887362,0
15,1,1.0,3.32323142879762,0
8,0,1.0,2.5,0
7,0,1.0,2.5216406363433186,0
8,0,1.0,2.75,0
7,0,1.0,2.807354922057604,0
9,0,1.0,2.94770277922009,0
14,1,1.0,3.09306920777189,0
8,0,1.0,2.75,0
14,0,1.0,3.521640636343319,0
15,2,1.0,3.640223928941851,0
15,0,1.0,3.6402239289418516,0
13,2,1.0,3.334679141051595,0
14,2,1.0,3.4677201004745006,0
9,0,1.0,2.725480556997868,0
14,0,1.0,3.182005814760214,0
6,0,1.0,2.584962500721156,0
15,0,1.0,3.373557262275185,0
12,0,1.0,3.084962500721156,0
13,0,1.0,3.0850551027564768,0
15,4,1.0,3.139572261986723,0
14,0,1.0,3.3248629576173574,0
7,0,1.0,2.5216406363433186,0
13,0,1.0,3.180832987205441,0
15,0,1.0,3.2729055953200556,0
10,0,1.0,3.121928094887362,0
9,1,1.0,2.94770277922009,0
12,0,1.0,3.2516291673878226,0
11,0,1.0,2.7321588913645702,0
12,0,1.0,3.2516291673878226,0
9,1,1.0,2.725480556997868,0
9,3,1.0,2.9477027792200903,0
15,1,1.0,3.640223928941851,0
7,0,1.0,2.2359263506290326,0
12,0,1.0,3.2516291673878226,0
11,0,1.0,2.8453509366224368,0
12,0,1.0,3.2516291673878226,0
9,0,1.0,2.94770277922009,0
10,0,1.0,2.921928094887362,0
15,0,1.0,3.3735572622751855,0
11,5,1.0,3.095795255000934,0
10,0,1.0,3.321928094887362,0
13,0,1.0,3.5465935642949384,0
11,2,1.0,3.459431618637298,0
10,0,1.0,3.121928094887362,0
12,0,1.0,3.2516291673878226,0
13,0,1.0,3.180832987205441,0
8,2,1.0,3.0,0
8,2,1.1666666666666667,2.5,0
15,0,1.0769230769230769,3.2729055953200556,0
10,0,1.0,2.9219280948873623,0
11,0,1.0,2.9139770731827523,0
9,0,1.0,2.94770277922009,0
7,0,1.0,2.5216406363433186,0
12,0,1.0,3.2516291673878226,0
10,0,1.0,2.9219280948873623,0
13,0,1.0,3.0269868333592873,0
15,0,1.0,3.906890595608518,0
9,2,1.0,3.169925001442312,0
10,0,1.0,3.121928094887362,0
13,0,1.0,3.3927474104487847,0
13,0,1.0,2.7773627950641693,0
8,3,1.0,2.5,0
15,0,1.0,3.640223928941851,0
10,0,1.0,2.9219280948873623,0
14,0,1.0833333333333333,3.2359263506290334,0
15,4,1.0,3.506890595608518,0
14,1,1.0,3.2359263506290334,0
9,0,1.0,2.6416041678685933,0
12,0,1.0,2.8553885422075336,0
11,0,1.1111111111111112,2.9139770731827523,0
8,0,1.0,3.0,0
13,0,1.2,2.7192945256669794,0
6,1,1.0,2.2516291673878226,0
10,0,1.0,2.721928094887362,0
11,1,1.0,2.913977073182752,0
15,0,1.0,3.373557262275185,0
11,0,1.25,2.663532754804255,0
13,0,1.0,2.9689185639620974,0
10,0,1.0,2.9219280948873623,0
7,2,1.0,2.807354922057604,0
15,3,1.0769230769230769,3.32323142879762,0
13,0,1.0,3.238901256602631,0
10,3,1.0,3.121928094887362,0
15,4,1.0,3.589898095464287,0
9,0,1.0,2.725480556997868,0
12,2,1.0,3.584962500721156,0
14,2,1.0,3.3248629576173574,0
10,0,1.0,2.9219280948873623,0
14,0,1.0,3.378783493486176,0
14,0,1.0833333333333333,3.2359263506290334,0
12,0,1.0,3.418295834054489,0
12,0,1.0,2.918295834054489,0
12,0,1.0,2.9182958340544896,0
10,0,1.0,2.9219280948873623,0
12,0,1.0,3.0849625007211556,0
12,0,1.0,3.418295834054489,0
12,0,1.0,3.0220552088742,0
10,0,1.0,2.4464393446710155,0
11,0,1.1111111111111112,2.8453509366224368,0
10,1,1.0,3.121928094887362,0
12,0,1.0,3.084962500721156,0
8,0,1.0,2.4056390622295662,0
11,0,1.0,3.277613436819116,0
11,4,1.0,2.913977073182752,0
15,0,1.0,3.3735572622751846,0
10,0,1.0,3.121928094887362,0
8,0,1.0,2.75,0
14,2,1.0,3.3787834934861767,0
12,3,1.0,3.2516291673878226,0
12,0,1.1,3.0849625007211556,0
10,0,1.0,2.9219280948873623,0
13,0,1.0,3.3927474104487847,1
11,0,1.0,3.0957952550009344,0
12,0,1.0,3.418295834054489,0
15,0,1.0769230769230769,2.866247897312731,0
11,0,1.0,3.277613436819116,0
10,0,1.125,2.721928094887362,0
14,4,1.0833333333333333,3.182005814760214,0
8,0,1.0,2.25,0
7,0,1.0,2.807354922057604,0
13,0,1.0,3.0850551027564768,0
13,0,1.0,3.180832987205441,0
11,0,1.0,3.2776134368191165,0
15,1,1.0,3.589898095464287,0
12,1,1.0,3.084962500721156,0
12,0,1.0,3.418295834054489,0
10,3,1.0,2.9219280948873623,0
14,2,1.0,3.521640636343319,0
13,0,1.0,3.5465935642949384,0
10,0,1.0,2.9219280948873623,0
11,0,1.0,2.481714572986073,0
14,0,1.0,3.182005814760214,0
14,2,1.1818181818181819,3.182005814760214,0
12,0,1.0,3.188721875540867,0
13,0,1.0,2.66122625626979,0
14,4,1.0,3.2359263506290326,0
11,0,1.0,3.2776134368191165,0
9,2,1.0,2.725480556997868,0
13,0,1.0,2.8731406795131336,0
15,0,1.0769230769230769,3.1898980954642875,0
10,0,1.125,2.6464393446710157,0
10,0,1.0,2.721928094887362,0
9,0,1.0,2.94770277922009,0
9,0,1.0,2.6416041678685933,0
15,1,1.0,3.5068905956085183,0
13,0,1.0,3.238901256602631,0
15,0,1.0,3.456564762130953,0
14,0,1.0,3.521640636343319,0
12,0,1.0,3.2516291673878226,0
7,0,1.2,2.128085278891394,0
5,3,1.0,2.321928094887362,0
7,2,1.0,2.521640636343318,0
14,0,1.0,2.9852281360342516,0
8,0,1.0,2.75,0
11,0,1.1111111111111112,3.0957952550009344,0
7,2,1.0,2.807354922057604,0
9,0,1.0,3.169925001442312,0
14,0,1.0833333333333333,3.2359263506290334,0
9,0,1.0,2.5032583347756456,0
9,2,1.0,3.169925001442312,0
9,0,1.0,3.169925001442312,0
13,8,1.0,3.0269868333592873,0
14,0,1.0833333333333333,3.128085278891395,0
13,0,1.0,2.9689185639620974,0
11,0,1.0,3.277613436819116,0
9,0,1.0,2.94770277922009,0
10,0,1.0,2.8464393446710154,0
15,2,1.0,3.506890595608518,0
7,1,1.0,2.521640636343318,0
10,0,1.2857142857142858,2.4464393446710155,0
9,0,1.0,2.5032583347756456,0
7,0,1.0,2.807354922057604,0
12,0,1.0,3.084962500721156,0
7,0,1.0,2.807354922057604,0
10,3,1.0,3.1219280948873624,0
11,0,1.0,3.095795255000934,0
14,0,1.0,3.6644977792004623,0
15,1,1.0,3.4565647621309536,0
12,0,1.0,3.584962500721156,0
10,1,1.0,2.9219280948873623,0
10,3,1.0,2.6464393446710153,0
15,0,1.0,3.3232314287976203,0
13,0,1.0,3.238901256602631,0
12,0,1.0,3.418295834054489,0
10,0,1.0,2.9219280948873623,0
13,0,1.0,3.238901256602631,0
9,0,1.0,2.94770277922009,0
14,0,1.0,2.610577243331642,0
15,3,1.0,3.3232314287976203,0
6,1,1.0,2.584962500721156,0
7,0,1.0,2.5216406363433186,0
14,0,1.0,3.039148671903071,0
11,1,1.0,3.277613436819116,0
12,0,1.0,3.2516291673878226,0
5,2,1.0,1.9219280948873623,0
14,0,1.1818181818181819,2.7534343861887853,0
15,8,1.0,3.640223928941852,0
12,0,1.1,2.9182958340544896,0
8,0,1.0,2.75,0
6,0,1.0,1.9182958340544893,0
14,0,1.0,3.182005814760214,0
12,0,1.0,3.418295834054489,0
13,0,1.0,3.238901256602631,0
6,1,1.0,2.584962500721156,0
11,6,1.25,2.913977073182752,0
12,0,1.0,3.188721875540867,0
9,0,1.0,2.94770277922009,0
15,0,1.0769230769230769,3.189898095464287,0
7,0,1.0,2.521640636343318,0
10,0,1.0,3.121928094887362,0
10,0,1.0,2.8464393446710154,0
12,0,1.0,3.2516291673878226,0
11,1,1.0,3.277613436819116,0
7,1,1.0,2.2359263506290326,0
14,4,1.0,3.3787834934861767,0
10,0,1.0,2.7219280948873625,0
13,2,1.0,3.334679141051595,0
15,1,1.0769230769230769,3.1898980954642875,0
13,0,1.0,3.3927474104487847,0
11,0,1.0,3.2776134368191165,0
12,0,1.0,2.8553885422075336,0
6,0,1.0,2.2516291673878226,0
14,0,1.0,3.128085278891395,0
13,0,1.0,3.0269868333592873,0
15,0,1.0,3.5068905956085183,0
14,0,1.0,2.8073549220576037,0
15,0,1.0,3.323231428797621,0
13,0,1.0,3.085055102756477,0
12,0,1.0,2.8553885422075336,0
11,0,1.1111111111111112,2.845350936622437,0
12,2,1.1,3.0849625007211556,0
9,0,1.0,2.725480556997868,0
11,1,1.0,3.095795255000934,0
7,0,1.0,2.807354922057604,0
10,0,1.2857142857142858,2.5219280948873624,0
14,0,1.0833333333333333,3.378783493486176,0
14,0,1.0833333333333333,2.8962915290459277,0
11,0,1.0,3.0957952550009344,0
10,3,1.0,3.1219280948873624,0
7,0,1.0,2.521640636343318,0
8,0,1.0,2.5,0
13,2,1.0,3.334679141051595,0
11,0,1.0,2.913977073182752,0
12,0,1.0,3.0849625007211556,0
15,0,1.0,3.6402239289418516,1
3,0,1.0,1.584962500721156,0
11,0,1.0,2.845350936622437,0
11,2,1.0,3.459431618637298,0
15,0,1.0,3.5068905956085183,0
11,0,1.0,3.459431618637298,0
10,1,1.125,2.721928094887362,0
11,0,1.1111111111111112,2.663532754804255,0
12,0,1.0,3.0849625007211556,0
10,0,1.125,2.6464393446710153,0
15,0,1.0,3.5068905956085183,0
9,0,1.0,2.725480556997868,0
6,0,1.0,2.584962500721156,0
7,0,1.0,2.521640636343318,0
12,0,1.0,3.2516291673878226,0
9,0,1.0,2.4193819456463714,0
7,0,1.0,2.521640636343318,0
8,4,1.0,2.75,0
12,0,1.1,2.8553885422075336,0
11,0,1.0,3.0957952550009344,0
8,0,1.0,2.4056390622295662,0
10,0,1.0,3.121928094887362,0
7,2,1.0,2.807354922057604,0
12,2,1.0,3.584962500721156,0
14,0,1.0,3.182005814760214,0
10,2,1.0,3.321928094887362,0
15,4,1.0,3.373557262275185,0
8,0,1.0,2.25,0
12,0,1.1,2.8553885422075336,0
12,0,1.0,3.188721875540867,0
14,0,1.0,3.52164063634332,0
13,0,1.0,3.238901256602631,0
10,0,1.0,2.6464393446710157,0
13,0,1.0,3.180832987205441,0
11,4,1.0,3.2776134368191165,0
11,0,1.0,3.095795255000934,0
13,0,1.0909090909090908,3.180832987205441,0
9,0,1.0,2.94770277922009,0
9,0,1.0,2.94770277922009,0
9,0,1.0,2.94770277922009,0
12,0,1.0,2.688721875540867,0
11,3,1.0,2.8453509366224368,0
10,0,1.0,2.9219280948873623,0
9,0,1.1428571428571428,2.2810361125534233,0
10,0,1.0,2.721928094887362,0
12,4,1.1,3.2516291673878226,0
12,0,1.0,3.2516291673878226,0
10,0,1.0,2.9219280948873623,0
13,0,1.2,3.0269868333592873,0
12,0,1.0,3.084962500721156,0
9,0,1.0,2.725480556997868,0
11,0,1.0,3.027169118440619,0
9,0,1.0,1.836591668108979,0
6,0,1.0,2.584962500721156,0
8,0,1.0,2.5,0
7,0,1.0,2.807354922057604,0
7,0,1.0,2.807354922057604,0
11,0,1.0,2.9139770731827523,0
7,0,1.0,2.1280852788913944,0
11,0,1.0,3.095795255000934,0
10,0,1.0,3.121928094887362,0
11,0,1.1111111111111112,3.0957952550009344,0
10,0,1.0,3.321928094887362,0
12,0,1.0,3.0220552088742,0
13,0,1.0,2.931208948910323,0
12,0,1.0,3.0220552088742,0
13,0,1.0,3.3927474104487847,0
12,2,1.0,3.0220552088742,0
10,0,1.0,2.9219280948873623,0
14,0,1.0,3.182005814760214,0
14,0,1.0,3.182005814760214,0
7,0,1.0,2.5216406363433186,0
15,2,1.0,3.506890595608518,0
9,1,1.0,2.725480556997868,0
15,2,1.0,3.640223928941851,0
15,3,1.0,3.3232314287976203,0
12,0,1.0,3.0220552088742,0
6,3,1.0,2.251629167387823,0
11,0,1.0,2.8453509366224368,0
13,0,1.0,3.3927474104487847,0
6,0,1.0,2.584962500721156,0
9,1,1.0,2.94770277922009,0
14,0,1.0,3.6644977792004623,0
11,0,1.0,2.663532754804255,0
9,0,1.0,2.6416041678685933,0
9,0,1.3333333333333333,2.2810361125534238,0
10,0,1.0,3.321928094887362,0
13,0,1.0,3.0269868333592873,0
15,1,1.0,3.4565647621309536,0
11,0,1.0,3.277613436819116,0
8,0,1.0,3.0,0
11,0,1.0,2.8453509366224368,0
12,2,1.0,3.4182958340544896,0
15,0,1.0,3.640223928941851,0
9,1,1.3333333333333333,2.2810361125534233,0
14,0,1.0,3.521640636343319,0
12,1,1.0,3.418295834054489,0
11,0,1.0,2.8453509366224368,0
13,0,1.0,3.3927474104487847,0
12,0,1.0,3.2516291673878226,1
14,0,1.0,3.182005814760214,0
11,2,1.0,2.9139770731827523,0
8,0,1.0,3.0,0
12,0,1.0,3.418295834054489,0
10,0,1.0,3.121928094887362,0
6,1,1.0,2.2516291673878226,0
10,0,1.0,2.9219280948873623,0
10,0,1.0,2.6464393446710157,0
9,3,1.0,3.169925001442312,0
10,0,1.125,2.246439344671016,0
13,3,1.0,3.238901256602631,0
13,0,1.0,3.7004397181410926,0
10,2,1.0,2.9219280948873623,0
10,0,1.0,2.9219280948873623,0
10,0,1.0,3.1219280948873624,0
14,4,1.0,3.378783493486176,0
13,0,1.5,2.4116022179746714,0
12,0,1.0,3.2516291673878226,0
13,0,1.0,3.085055102756477,0
10,0,1.0,2.9219280948873623,0
6,0,1.0,1.9182958340544896,0
14,0,1.0833333333333333,3.09306920777189,0
10,2,1.0,3.321928094887362,0
13,0,1.0,3.3927474104487847,0
12,0,1.0,3.4182958340544896,0
9,0,1.0,2.725480556997868,0
15,0,1.0769230769230769,2.9232314287976204,0
7,0,1.0,2.807354922057604,0
8,0,1.0,3.0,0
10,0,1.125,2.7219280948873625,0
13,0,1.0,3.0269868333592873,0
14,0,1.1818181818181819,3.3787834934861767,0
12,0,1.0,3.2516291673878226,0
14,0,1.0,3.3787834934861767,0
13,0,1.0,3.238901256602631,0
12,4,1.0,3.584962500721156,0
8,2,1.0,2.5,0
11,0,1.1111111111111112,3.095795255000934,0
11,2,1.0,3.0957952550009344,0
9,0,1.3333333333333333,2.197159723424149,0
4,0,1.0,2.0,0
15,0,1.0,3.6402239289418516,0
10,0,1.0,3.1219280948873624,0
11,0,1.0,3.095795255000934,0
13,0,1.0,3.238901256602631,0
15,0,1.0,3.456564762130953,0
15,4,1.0,3.323231428797621,0
14,0,1.0,3.3787834934861767,0
7,0,1.0,2.807354922057604,0
7,0,1.0,2.5216406363433186,0
14,0,1.0833333333333333,2.950212064914747,0
11,0,1.0,3.277613436819116,0
14,0,1.0,3.3787834934861767,0
11,0,1.0,3.0957952550009344,0
15,1,1.0,3.373557262275185,0
11,0,1.0,3.095795255000934,0
10,3,1.0,2.9219280948873623,0
15,0,1.0769230769230769,3.4565647621309536,0
15,0,1.0,3.3735572622751855,0
10,0,1.0,2.7219280948873625,0
14,0,1.0,3.182005814760214,0
15,0,1.0,3.4565647621309536,0
11,0,1.0,3.277613436819116,0
15,4,1.0,3.5068905956085183,0
10,0,1.0,3.121928094887362,0
11,0,1.0,3.0957952550009344,0
10,1,1.0,3.121928094887362,0
8,1,1.0,3.0,0
12,0,1.0,3.2516291673878226,1
8,0,1.0,2.75,0
8,0,1.0,2.75,0
10,0,1.0,2.9219280948873623,0
10,0,1.0,3.121928094887362,0
15,0,1.0,3.773557262275185,0
14,0,1.0,3.378783493486176,0
9,3,1.0,2.94770277922009,0
15,0,1.0,3.189898095464287,0
8,0,1.0,3.0,0
11,2,1.0,3.2776134368191165,0
11,2,1.0,2.9139770731827523,0
10,0,1.2857142857142858,2.321928094887362,0
10,0,1.125,2.6464393446710157,0
10,0,1.0,2.9219280948873623,0
12,0,1.0,3.418295834054489,0
13,0,1.0,2.8731406795131336,0
12,0,1.0,2.9182958340544896,0
8,0,1.0,2.5,0
11,0,1.0,3.027169118440619,0
11,0,1.1111111111111112,2.8453509366224368,0
15,0,1.0,3.4565647621309536,0
14,0,1.0,3.3787834934861767,0
15,3,1.0,3.32323142879762,0
13,0,1.0,3.3927474104487847,0
12,0,1.0,2.8553885422075336,0
13,3,1.0,3.5465935642949384,0
9,0,1.0,2.94770277922009,0
7,0,1.0,2.807354922057604,0
15,0,1.0,3.456564762130954,0
14,0,1.0,3.521640636343319,0
10,0,1.0,2.446439344671015,0
9,0,1.0,2.725480556997868,0
9,1,1.0,2.725480556997868,0
15,4,1.0,3.3735572622751846,0
15,1,1.0,3.3232314287976203,0
15,0,1.0,3.4565647621309536,0
11,0,1.0,3.277613436819116,0
11,2,1.0,3.027169118440619,0
14,0,1.0,3.3787834934861767,0
12,0,1.0,3.0849625007211556,0
11,0,1.0,3.0957952550009344,0
7,0,1.0,2.807354922057604,0
12,0,1.0,3.0220552088742,0
11,0,1.0,3.459431618637298,0
9,0,1.0,3.169925001442312,0
9,0,1.0,2.94770277922009,0
15,0,1.0769230769230769,3.32323142879762,0
15,0,1.0,3.189898095464287,0
11,0,1.1111111111111112,2.9139770731827523,0
12,0,1.0,3.0220552088742,0
4,0,1.0,2.0,0
15,4,1.0,3.640223928941851,0
15,0,1.0769230769230769,3.1395722619867223,0
9,0,1.0,2.725480556997868,0
13,0,1.0,3.180832987205441,0
8,0,1.0,3.0,0
8,2,1.0,3.0,0
15,2,1.0,3.5068905956085192,0
9,0,1.0,3.169925001442312,0
12,0,1.0,3.0849625007211556,0
8,0,1.0,3.0,0
11,0,1.0,3.2776134368191165,0
10,0,1.0,3.121928094887362,0
14,0,1.0,2.950212064914747,0
9,1,1.1428571428571428,2.4193819456463714,0
11,0,1.0,2.9139770731827523,0
12,0,1.0,3.418295834054489,0
10,0,1.0,2.9219280948873623,0
12,0,1.0,3.0849625007211556,0
13,4,1.0,3.392747410448785,0
12,0,1.0,3.418295834054489,0
7,4,1.0,2.5216406363433186,0
13,2,1.0,3.238901256602631,0
15,8,1.0769230769230769,3.640223928941852,0
15,2,1.0,3.640223928941852,0
12,0,1.0,3.584962500721156,0
13,3,1.0,3.5465935642949384,0
15,0,1.0,3.373557262275185,0
7,0,1.0,2.2359263506290326,0
13,0,1.0,3.238901256602631,0
12,0,1.0,3.188721875540867,0
11,0,1.0,2.9139770731827523,0
12,0,1.0,3.418295834054489,0
8,0,1.0,2.75,0
14,5,1.0,3.521640636343319,0
9,0,1.0,2.725480556997868,0
14,4,1.0,3.378783493486176,0
12,0,1.0,3.2516291673878226,0
13,2,1.0,3.5465935642949384,0
12,0,1.0,3.084962500721156,0
15,0,1.0,3.2729055953200556,0
12,0,1.0,3.2516291673878226,0
11,0,1.1111111111111112,2.5503407095463886,0
13,0,1.0,3.3927474104487847,0
12,0,1.0,3.2516291673878226,0
13,4,1.0,2.873140679513133,0
9,1,1.0,2.725480556997868,0
11,2,1.0,3.277613436819116,0
15,8,1.0,3.3232314287976212,0
12,2,1.0,2.8553885422075336,0
15,0,1.0,3.4565647621309536,0
8,0,1.0,2.75,0
15,0,1.0,3.1898980954642875,0
11,3,1.0,3.277613436819116,0
13,0,1.0909090909090908,2.9689185639620974,0
13,2,1.0,3.238901256602631,0
10,0,1.0,2.9219280948873623,0
15,0,1.0,3.5068905956085183,0
12,0,1.0,2.918295834054489,0
12,2,1.0,3.418295834054489,0
8,0,1.0,2.75,0
8,0,1.0,3.0,0
14,0,1.0,3.3787834934861767,0
14,0,1.0,3.521640636343319,1
15,0,1.0,3.5068905956085183,0
7,0,1.0,2.5216406363433186,1
10,2,1.0,3.121928094887362,0
8,0,1.0,2.75,0
11,0,1.0,3.095795255000934,0
10,0,1.0,2.9219280948873623,0
15,0,1.0,3.4565647621309536,0
13,0,1.0909090909090908,3.180832987205441,0
9,0,1.0,2.5032583347756456,0
8,0,1.0,3.0,0
11,0,1.0,3.027169118440619,0
10,3,1.0,3.1219280948873624,0
13,0,1.0909090909090908,3.0269868333592873,0
12,0,1.0,3.251629167387823,0
15,0,1.0769230769230769,3.640223928941851,0
15,0,1.0,3.456564762130954,0
10,0,1.125,2.9219280948873623,0
10,4,1.0,2.9219280948873623,0
11,0,1.1111111111111112,2.845350936622437,0
15,0,1.0,3.3735572622751846,0
11,0,1.0,3.095795255000934,0
14,0,1.0,3.09306920777189,0
7,0,1.0,2.5216406363433186,0
15,1,1.0,3.640223928941851,0
14,0,1.0,3.3248629576173574,0
10,1,1.0,2.9219280948873623,0
11,0,1.0,2.8453509366224368,0
8,1,1.0,2.5,0
11,2,1.0,3.459431618637298,0
7,0,1.0,2.521640636343318,0
12,0,1.0,3.418295834054489,0
8,2,1.0,3.0,0
13,0,1.0,3.238901256602631,0
5,0,1.0,2.321928094887362,0
8,0,1.0,2.75,0
13,0,1.0,3.085055102756477,0
12,0,1.0,3.084962500721156,0
11,0,1.1111111111111112,3.095795255000934,0
11,0,1.0,2.9139770731827523,0
9,0,1.0,2.725480556997868,0
12,2,1.1,3.0220552088742,0
13,0,1.0,3.5465935642949384,0
11,0,1.0,3.095795255000934,0
8,0,1.0,2.5,0
12,0,1.0,3.084962500721156,0
11,0,1.0,2.5503407095463886,0
10,0,1.0,3.121928094887362,0
13,0,1.0,3.238901256602631,0
15,0,1.1666666666666667,2.7898980954642876,0
8,2,1.0,3.0,0
14,0,1.0,3.182005814760214,0
10,3,1.0,3.121928094887362,0
7,0,1.0,2.5216406363433186,0
10,0,1.0,3.121928094887362,0
10,0,1.0,2.7219280948873625,0
7,0,1.0,2.807354922057604,0
14,0,1.0,3.378783493486176,0
12,0,1.0,3.418295834054489,0
8,0,1.0,3.0,0
15,4,1.0,3.106890595608519,0
11,0,1.0,2.9139770731827523,0
10,0,1.0,3.1219280948873624,0
12,2,1.0,3.584962500721156,0
10,0,1.0,2.9219280948873623,0
15,0,1.0769230769230769,3.373557262275185,0
15,1,1.0,3.5068905956085183,0
14,1,1.0833333333333333,2.9852281360342525,0
9,0,1.0,2.4193819456463714,0
15,3,1.0769230769230769,3.32323142879762,0
10,0,1.0,2.8464393446710154,0
9,0,1.0,2.94770277922009,0
14,0,1.0,3.128085278891395,0
7,3,1.0,2.521640636343318,0
9,2,1.1428571428571428,2.725480556997868,0
11,2,1.0,3.2776134368191165,0
9,0,1.0,2.725480556997868,0
5,0,1.0,2.321928094887362,0
14,0,1.0,3.521640636343319,0
8,0,1.0,2.75,0
9,0,1.0,2.94770277922009,0
12,1,1.0,3.0220552088742005,0
8,0,1.0,2.75,0
8,0,1.0,2.75,0
8,4,1.0,2.75,0
10,3,1.0,2.9219280948873623,0
9,0,1.0,2.725480556997868,0
15,0,1.0769230769230769,3.0565647621309537,0
13,0,1.0,3.3927474104487847,0
12,0,1.0,3.584962500721156,0
14,0,1.0,3.3248629576173574,0
15,0,1.0,3.506890595608519,0
8,0,1.4,2.0,0
11,0,1.0,3.027169118440619,0
10,0,1.0,3.1219280948873624,0
14,0,1.0,3.128085278891395,0
13,0,1.0,3.7004397181410926,0
14,0,1.0,3.128085278891395,0
14,9,1.0,3.2359263506290326,0
10,0,1.0,3.1219280948873624,0
9,0,1.0,2.6416041678685933,0
12,0,1.0,3.084962500721156,0
7,0,1.0,2.2359263506290326,0
15,0,1.0,3.189898095464287,0
9,0,1.0,2.725480556997868,0
8,0,1.0,2.75,0
14,0,1.0833333333333333,3.2359263506290334,0
5,0,1.0,1.9219280948873623,0
6,0,1.0,2.584962500721156,0
8,0,1.0,2.4056390622295662,0
11,0,1.0,3.2776134368191165,0
13,0,1.0,3.0269868333592873,0
15,0,1.0769230769230769,3.1395722619867223,0
15,1,1.0,3.773557262275185,0
11,0,1.0,3.0957952550009344,0
13,0,1.0,3.238901256602631,0
15,0,1.0769230769230769,2.9232314287976204,0
9,0,1.0,2.94770277922009,0
14,0,1.0,3.521640636343319,0
11,1,1.0,3.0957952550009344,0
8,0,1.0,2.5,0
9,0,1.0,2.94770277922009,0
9,0,1.0,2.9477027792200903,0
12,0,1.0,3.2516291673878226,0
10,0,1.0,2.9219280948873623,0
14,0,1.0833333333333333,3.182005814760214,0
8,0,1.0,2.5,0
13,0,1.0909090909090908,3.3927474104487847,0
12,0,1.1,3.251629167387823,0
12,0,1.0,3.188721875540867,0
11,0,1.0,3.277613436819116,0
14,0,1.0,3.09306920777189,0
8,0,1.1666666666666667,2.5,0
11,0,1.1111111111111112,2.5503407095463886,0
14,0,1.0,3.378783493486176,0
7,0,1.0,2.5216406363433186,0
14,0,1.0,3.09306920777189,0
15,0,1.0769230769230769,3.373557262275185,0
14,0,1.0,3.09306920777189,0
14,0,1.0,3.2359263506290334,0
10,0,1.0,2.9219280948873623,0
15,1,1.0,3.4565647621309536,0
7,0,1.0,2.521640636343318,0
7,0,1.0,2.5216406363433186,0
15,0,1.0,3.4565647621309536,0
15,3,1.0,3.240223928941852,0
13,0,1.2,2.7773627950641693,0
8,0,1.0,2.75,0
9,1,1.0,2.725480556997868,0
13,0,1.0909090909090908,2.873140679513133,0
7,0,1.0,2.521640636343318,0
13,0,1.0909090909090908,3.238901256602631,0
9,4,1.0,2.5032583347756456,0
10,0,1.0,2.9219280948873623,0
10,0,1.0,3.121928094887362,0
13,0,1.0,3.7004397181410926,0
10,0,1.0,2.9219280948873623,0
8,0,1.0,2.5,0
6,0,1.0,2.584962500721156,0
12,0,1.0,3.2516291673878226,0
10,0,1.0,2.6464393446710157,0
10,0,1.0,2.6464393446710153,0
10,0,1.0,3.121928094887362,0
10,1,1.0,3.121928094887362,0
15,0,1.0,2.9735572622751856,0
8,0,1.0,2.5,0
10,0,1.0,2.521928094887362,0
11,0,1.1111111111111112,2.9139770731827523,0
10,0,1.0,3.121928094887362,0
12,0,1.0,3.2516291673878226,0
10,0,1.0,2.9219280948873623,0
10,2,1.0,2.9219280948873623,0
9,0,1.0,3.169925001442312,0
13,0,1.0,3.085055102756477,0
6,0,1.0,2.584962500721156,0
10,0,1.0,2.9219280948873623,0
8,0,1.0,1.9056390622295665,0
9,1,1.0,2.725480556997868,0
10,0,1.0,2.9219280948873627,0
10,3,1.0,2.8464393446710154,0
13,2,1.0909090909090908,2.66122625626979,0
14,0,1.0,3.378783493486176,0
13,0,1.0,3.180832987205441,0
13,0,1.0,2.9689185639620974,0
8,0,1.0,2.75,0
7,2,1.0,2.807354922057604,0
12,0,1.0,3.0220552088742005,0
11,0,1.0,2.845350936622437,0
11,0,1.1111111111111112,3.095795255000934,0
10,0,1.0,2.9219280948873623,0
13,0,1.0,3.3927474104487847,0
10,0,1.0,2.9219280948873623,0
15,1,1.0,3.4565647621309536,0
13,0,1.0,3.3927474104487847,0
12,0,1.0,3.2516291673878226,0
11,0,1.0,3.095795255000934,0
11,0,1.0,3.2776134368191165,0
13,0,1.0,3.5465935642949384,0
15,0,1.0,3.3232314287976203,0
11,1,1.0,3.0957952550009344,0
12,0,1.1,2.792481250360578,0
8,0,1.0,3.0,0
15,0,1.0769230769230769,3.3735572622751855,0
14,0,1.0833333333333333,3.039148671903071,0
7,2,1.0,2.807354922057604,0
7,1,1.0,2.807354922057604,0
14,1,1.0,3.521640636343319,0
7,0,1.0,2.521640636343318,0
10,0,1.0,2.6464393446710153,0
8,0,1.0,2.75,0
11,0,1.0,3.095795255000934,0
15,0,1.0,3.640223928941851,0
8,0,1.0,2.75,0
11,0,1.0,3.2776134368191165,0
13,0,1.0,3.0269868333592873,0
12,0,1.0,3.188721875540867,0
6,0,1.0,1.7924812503605778,0
7,0,1.0,2.807354922057604,0
15,0,1.0,2.973557262275185,1
12,0,1.0,2.918295834054489,0
6,0,1.0,2.584962500721156,0
13,0,1.0,2.8150724101159437,0
12,0,1.0,2.8553885422075336,0
10,0,1.0,3.121928094887362,0
12,3,1.0,3.2516291673878226,0
14,2,1.0,3.521640636343319,0
15,0,1.0,3.3735572622751855,0
15,0,1.0,3.506890595608518,0
13,0,1.0,3.334679141051595,0
9,2,1.0,2.94770277922009,0
10,0,1.0,3.121928094887362,0
11,0,1.0,2.9139770731827523,0
11,0,1.0,3.277613436819116,0
15,0,1.0,3.4565647621309536,0
11,0,1.0,3.277613436819116,0
10,0,1.0,2.846439344671015,0
15,0,1.0,3.189898095464287,0
12,0,1.0,3.418295834054489,0
10,0,1.0,2.9219280948873623,0
9,0,1.0,2.725480556997868,0
12,0,1.0,2.8553885422075336,0
13,0,1.0,2.931208948910323,0
8,3,1.0,3.0,0
12,0,1.0,3.584962500721156,0
15,5,1.0,3.506890595608519,0
15,0,1.2727272727272727,3.006238928653389,0
8,0,1.0,3.0,0
14,0,1.0,3.378783493486176,0
13,0,1.0,3.180832987205441,0
13,0,1.0,3.238901256602631,0
14,0,1.0,3.521640636343319,0
13,0,1.0,3.5465935642949384,0
13,0,1.0,3.7004397181410926,0
10,0,1.0,3.121928094887362,0
10,0,1.0,2.6464393446710153,0
14,0,1.0,3.378783493486176,0
14,4,1.0,2.9852281360342525,0
12,1,1.0,3.0220552088742,0
10,0,1.0,2.9219280948873623,0
10,0,1.0,3.121928094887362,0
12,0,1.0,2.918295834054489,0
15,0,1.0769230769230769,3.1068905956085184,0
13,2,1.0,3.3927474104487847,0
7,0,1.0,2.807354922057604,0
14,0,1.0,2.7534343861887853,0
7,0,1.0,2.235926350629032,0
10,0,1.0,3.121928094887362,0
11,0,1.0,3.2776134368191165,0
7,0,1.0,2.5216406363433186,0
12,0,1.0,3.084962500721156,0
9,0,1.0,2.94770277922009,0
14,0,1.0,2.950212064914747,0
12,0,1.0,3.418295834054489,0
13,0,1.0,3.085055102756477,0
13,1,1.0,2.873140679513133,0
11,0,1.1111111111111112,2.2998963911678914,0
10,0,1.0,2.9219280948873623,0
12,2,1.0,3.4182958340544896,0
10,0,1.0,2.9219280948873623,0
9,0,1.0,2.6416041678685933,0
9,0,1.0,2.5032583347756456,0
7,2,1.2,2.2359263506290326,0
10,0,1.0,2.6464393446710153,0
7,0,1.0,2.2359263506290326,0
8,3,1.0,3.0,0
14,0,1.1818181818181819,2.556656707462823,0
15,0,1.1666666666666667,3.0565647621309537,0
13,0,1.0909090909090908,3.3927474104487847,0
12,0,1.0,3.0849625007211556,0
14,0,1.0,3.2359263506290334,0
8,0,1.0,2.5,0
13,0,1.0,3.5465935642949384,0
15,0,1.0,3.32323142879762,0
13,0,1.0909090909090908,3.0850551027564768,0
11,0,1.25,2.550340709546388,0
4,0,1.0,2.0,0
7,0,1.0,2.807354922057604,0
13,0,1.0909090909090908,3.238901256602631,0
14,0,1.0,3.09306920777189,0
12,1,1.0,3.2516291673878226,0
10,0,1.0,2.4464393446710155,0
11,0,1.0,3.459431618637298,0
10,0,1.0,3.121928094887362,0
11,0,1.0,3.277613436819116,0
10,1,1.125,2.6464393446710153,0
11,3,1.0,3.095795255000934,0
7,0,1.0,2.807354922057604,0
14,0,1.0,3.6644977792004623,0
12,0,1.0,3.418295834054489,0
15,0,1.0,3.373557262275185,0
10,0,1.125,2.1219280948873624,0
9,0,1.0,2.94770277922009,0
13,0,1.0909090909090908,3.3927474104487847,0
12,0,1.0,2.9182958340544896,0
10,0,1.0,2.9219280948873623,0
15,0,1.0,3.4565647621309536,0
8,0,1.0,2.5,0
14,0,1.0,3.521640636343319,0
9,3,1.0,2.94770277922009,0
15,0,1.0,3.1898980954642875,0
12,4,1.0,3.2516291673878226,0
9,0,1.1428571428571428,2.4193819456463714,0
9,0,1.0,3.169925001442312,0
8,0,1.0,2.75,0
11,2,1.0,3.0957952550009344,0
14,2,1.0,3.4677201004745006,0
11,0,1.0,2.8453509366224368,0
15,4,1.0,3.32323142879762,0
7,0,1.0,2.807354922057604,0
9,0,1.0,2.94770277922009,0
6,0,1.0,2.584962500721156,0
15,0,1.0,3.2402239289418517,0
9,0,1.0,2.94770277922009,0
8,0,1.0,2.75,0
13,0,1.0,3.0269868333592873,0
9,0,1.0,2.6416041678685933,0
7,0,1.2,2.128085278891394,0
11,1,1.0,3.0957952550009344,0
15,8,1.0,3.640223928941852,0
14,0,1.0,3.6644977792004623,0
6,0,1.0,2.584962500721156,0
12,0,1.2222222222222223,2.355388542207534,0
8,0,1.0,2.5,0
13,0,1.0,3.0269868333592873,0
9,1,1.0,2.94770277922009,0
15,0,1.0769230769230769,3.506890595608518,0
8,0,1.0,3.0,0
12,0,1.0,3.2516291673878226,0
10,0,1.0,2.446439344671015,0
11,0,1.0,3.0957952550009344,0
12,0,1.2222222222222223,2.8553885422075336,0
13,0,1.0,3.238901256602631,0
13,0,1.0,2.8731406795131336,0
12,3,1.1,2.8553885422075336,0
11,1,1.0,2.845350936622437,0
7,2,1.0,2.807354922057604,0
7,0,1.0,2.807354922057604,0
9,0,1.0,3.169925001442312,0
7,0,1.0,2.807354922057604,0
12,0,1.0,3.251629167387823,0
14,0,1.0,3.039148671903071,0
11,0,1.1111111111111112,2.913977073182752,0
15,0,1.0,3.4565647621309536,0
8,0,1.0,2.5,0
10,0,1.0,2.721928094887362,0
13,0,1.0,3.085055102756477,0
13,4,1.0,3.085055102756477,0
14,0,1.0,2.8962915290459286,0
9,2,1.0,2.94770277922009,0
13,0,1.0,3.085055102756477,0
12,0,1.1,2.8553885422075336,0
10,0,1.0,3.321928094887362,0
12,3,1.0,3.0220552088742,0
14,0,1.1818181818181819,2.7534343861887853,0
15,2,1.0769230769230769,3.640223928941851,0
7,0,1.0,2.807354922057604,0
15,0,1.0,3.456564762130953,0
11,0,1.1111111111111112,2.413088436425758,0
15,0,1.0,3.006238928653389,0
8,0,1.0,2.75,0
11,0,1.0,3.0957952550009344,0
9,1,1.0,3.169925001442312,0
12,0,1.0,3.2516291673878226,0
12,0,1.0,3.2516291673878226,0
12,0,1.0,3.2516291673878226,0
11,0,1.1111111111111112,2.913977073182752,0
11,0,1.0,2.845350936622437,0
15,0,1.0,3.7735572622751845,0
15,0,1.0,3.5068905956085183,0
14,0,1.0,3.182005814760214,0
7,2,1.0,2.807354922057604,0
7,0,1.0,2.807354922057604,0
14,1,1.0833333333333333,2.8423709931771093,0
10,2,1.0,3.1219280948873624,0
14,2,1.1818181818181819,2.7534343861887853,0
12,0,1.0,3.2516291673878226,0
9,0,1.0,2.94770277922009,0
10,0,1.0,3.121928094887362,0
13,0,1.0909090909090908,3.0269868333592873,0
10,0,1.0,3.121928094887362,0
15,2,1.0,3.640223928941851,0
12,0,1.0,3.084962500721156,0
9,0,1.0,2.725480556997868,0
14,4,1.0,3.521640636343319,0
12,0,1.2222222222222223,2.625814583693911,0
14,0,1.0,3.2359263506290334,0
4,0,1.0,2.0,0
14,0,1.0,3.3787834934861767,0
12,4,1.0,3.584962500721156,0
10,4,1.2857142857142858,2.5219280948873624,0
15,2,1.0,3.5068905956085183,0
15,0,1.0,3.506890595608518,0
12,0,1.0,3.584962500721156,0
10,0,1.0,2.8464393446710154,0
11,0,1.0,3.277613436819116,0
15,0,1.0,2.973557262275185,0
10,0,1.2857142857142858,2.521928094887362,0
13,0,1.0,3.3927474104487847,0
8,0,1.0,2.75,0
13,0,1.0,3.546593564294939,0
11,0,1.0,3.095795255000934,0
14,0,1.0833333333333333,3.3248629576173574,0
14,0,1.0,3.4677201004745006,0
13,0,1.0909090909090908,2.931208948910323,0
12,0,1.1,2.7516291673878226,0
12,0,1.0,3.2516291673878226,0
10,3,1.0,3.1219280948873624,0
15,0,1.0769230769230769,3.323231428797621,0
13,0,1.0,3.3927474104487847,1
4,0,1.0,2.0,0
15,3,1.0,3.773557262275185,0
13,1,1.0,3.3927474104487847,0
10,1,1.0,3.121928094887362,0
9,0,1.0,2.94770277922009,0
9,0,1.0,2.2810361125534238,0
11,0,1.0,3.277613436819116,0
7,0,1.0,2.5216406363433186,0
12,0,1.0,2.688721875540867,0
13,2,1.0,3.5465935642949384,0
12,0,1.0,3.2516291673878226,1
11,0,1.1111111111111112,2.845350936622437,0
12,0,1.1,3.0849625007211556,0
12,0,1.2222222222222223,2.688721875540867,0
13,0,1.0,3.238901256602631,0
12,0,1.0,3.584962500721156,0
9,1,1.0,2.725480556997868,0
15,0,1.0,2.789898095464287,0
12,0,1.2222222222222223,2.5220552088742005,0
11,0,1.0,3.095795255000934,0
11,0,1.0,2.663532754804255,0
10,0,1.0,2.9219280948873623,0
9,0,1.0,2.725480556997868,0
14,0,1.0833333333333333,3.09306920777189,0
6,0,1.0,2.584962500721156,0
7,0,1.0,2.5216406363433186,0
12,0,1.0,3.418295834054489,0
10,0,1.0,2.9219280948873623,0
15,0,1.0,3.323231428797621,0
10,0,1.0,2.8464393446710154,0
8,0,1.0,2.75,0
13,0,1.0,3.085055102756477,0
13,2,1.0,3.5465935642949384,0
13,0,1.0,3.238901256602631,0
14,0,1.0,3.2359263506290334,0
12,0,1.0,2.751629167387823,0
11,0,1.0,3.027169118440619,0
8,1,1.0,3.0,0
11,0,1.0,3.0957952550009344,0
10,3,1.0,3.121928094887362,0
12,0,1.0,3.418295834054489,0
15,5,1.0,3.373557262275185,0
9,0,1.0,2.94770277922009,0
10,1,1.0,2.321928094887362,0
10,2,1.0,3.121928094887362,0
8,0,1.0,2.75,0
11,4,1.0,3.0957952550009344,0
10,0,1.0,2.7219280948873625,0
15,0,1.0,3.640223928941851,0
13,0,1.0,3.0269868333592873,0
9,0,1.0,2.5032583347756456,0
12,0,1.0,3.4182958340544896,0
12,2,1.0,3.2516291673878226,0
7,0,1.2,2.128085278891394,0
9,0,1.1428571428571428,2.197159723424149,0
15,0,1.0,3.3735572622751855,0
8,0,1.0,2.75,0
14,0,1.0833333333333333,2.8962915290459277,0
13,1,1.0,3.3927474104487847,0
11,0,1.0,2.8453509366224368,0
11,4,1.0,3.459431618637298,0
13,0,1.0,2.8150724101159437,0
9,0,1.0,2.9477027792200903,0
15,2,1.0,3.7735572622751845,0
10,0,1.0,2.8464393446710154,0
5,0,1.0,2.321928094887362,0
6,0,1.0,2.2516291673878226,0
10,2,1.0,2.6464393446710157,0
10,0,1.0,3.1219280948873624,0
14,0,1.0833333333333333,3.2359263506290334,0
13,0,1.0909090909090908,2.8731406795131336,0
11,0,1.0,2.7321588913645702,0
14,0,1.0833333333333333,2.9852281360342516,0
14,0,1.0,3.039148671903071,0
12,0,1.0,3.418295834054489,0
11,0,1.0,3.027169118440619,0
7,0,1.0,2.807354922057604,0
9,0,1.0,3.169925001442312,0
14,2,1.0833333333333333,3.09306920777189,0
11,1,1.0,3.2776134368191165,0
12,0,1.0,3.2516291673878226,0
13,0,1.0,3.238901256602631,0
13,0,1.0,3.3927474104487847,0
6,0,1.0,2.584962500721156,0
14,0,1.0,3.521640636343319,0
13,0,1.2,2.6235166412180155,0
13,2,1.0,3.5465935642949384,0
11,0,1.0,3.459431618637298,0
15,0,1.0,3.189898095464287,0
9,3,1.0,2.94770277922009,0
14,2,1.0833333333333333,3.3787834934861767,0
15,0,1.0,3.5898980954642865,0
13,0,1.0,3.0269868333592873,0
13,0,1.0,3.085055102756477,0
10,3,1.0,3.321928094887362,0
14,0,1.0,3.3248629576173574,0
10,0,1.0,2.9219280948873623,0
14,0,1.0,3.6644977792004623,0
15,3,1.0769230769230769,2.973557262275185,0
13,0,1.0,3.238901256602631,0
9,0,1.0,2.94770277922009,0
13,0,1.0,2.7773627950641693,0
10,0,1.0,2.4464393446710155,0
11,0,1.0,3.2776134368191165,0
15,0,1.0,3.506890595608518,0
8,0,1.0,3.0,0
14,3,1.0833333333333333,3.2359263506290334,0
9,0,1.0,2.94770277922009,0
10,0,1.0,2.8464393446710154,0
6,0,1.0,1.9182958340544893,0
15,4,1.0,3.906890595608518,0
15,0,1.0,3.5068905956085183,0
13,0,1.0,3.334679141051595,0
15,0,1.0769230769230769,3.189898095464287,0
11,0,1.1111111111111112,3.0957952550009344,0
11,0,1.0,2.9139770731827523,0
15,0,1.0,3.589898095464287,0
8,0,1.0,3.0,0
14,3,1.0,3.6644977792004623,0
12,0,1.0,3.2516291673878226,0
5,0,1.0,2.321928094887362,0
9,0,1.0,2.94770277922009,0
11,0,1.0,2.845350936622437,0
12,0,1.1,3.0849625007211556,0
9,0,1.0,2.6416041678685933,0
14,4,1.0,3.521640636343319,0
9,0,1.0,2.725480556997868,0
12,2,1.0,3.188721875540867,0
9,0,1.0,2.725480556997868,0
11,0,1.0,3.2776134368191165,0
11,0,1.0,3.2776134368191165,0
5,0,1.0,2.321928094887362,0
11,0,1.0,3.095795255000934,0
11,0,1.0,3.0957952550009344,0
13,0,1.0,3.5465935642949384,0
5,2,1.0,2.321928094887362,0
15,0,1.1666666666666667,2.789898095464287,0
15,0,1.0769230769230769,3.3232314287976203,0
14,0,1.0833333333333333,3.182005814760214,0
9,0,1.0,2.94770277922009,0
8,0,1.0,2.75,0
14,2,1.0,3.8073549220576055,0
15,1,1.0,3.0565647621309537,0
14,0,1.0,3.521640636343319,0
14,4,1.0,3.521640636343319,0
13,0,1.0,3.180832987205441,0
15,0,1.0769230769230769,3.006238928653389,0
13,0,1.0,3.0269868333592873,0
10,2,1.0,3.1219280948873624,0
10,4,1.0,3.121928094887362,0
15,0,1.0,3.506890595608519,1
14,0,1.0,3.378783493486176,0
9,0,1.0,2.94770277922009,0
7,0,1.0,2.5216406363433186,0
6,2,1.0,2.584962500721156,0
12,2,1.375,2.918295834054489,0
15,0,1.0,2.923231428797621,0
9,0,1.0,2.94770277922009,0
10,2,1.0,2.7219280948873625,0
9,0,1.0,2.94770277922009,0
15,2,1.0,3.640223928941851,0
10,0,1.8,1.9219280948873623,0
14,4,1.0833333333333333,3.378783493486176,0
14,0,1.0,3.3248629576173565,0
12,0,1.0,3.084962500721156,0
8,4,1.0,2.75,0
15,0,1.0,3.32323142879762,0
7,0,1.0,2.807354922057604,0
12,0,1.0,3.0220552088742,0
14,0,1.0,3.3248629576173574,0
15,1,1.1666666666666667,3.2402239289418517,0
12,0,1.1,2.6887218755408666,0
10,0,1.0,2.9219280948873623,0
14,0,1.0833333333333333,3.3248629576173574,0
12,0,1.0,3.418295834054489,0
15,0,1.0,3.773557262275185,0
14,0,1.0,3.3248629576173574,0
14,0,1.0,3.2359263506290334,0
8,0,1.0,2.4056390622295662,0
10,0,1.0,2.6464393446710153,0
12,4,1.1,3.0220552088742,0
11,0,1.0,3.095795255000934,0
9,0,1.0,2.94770277922009,0
11,0,1.0,2.7321588913645702,0
9,0,1.0,2.9477027792200903,0
14,0,1.0,3.378783493486176,0
12,0,1.0,3.418295834054489,0
6,0,1.0,2.584962500721156,0
12,0,1.0,3.188721875540867,0
8,0,1.0,2.75,0
15,0,1.0769230769230769,2.6825887305018328,0
7,1,1.0,2.5216406363433186,0
8,0,1.0,2.5,0
13,0,1.0909090909090908,2.873140679513133,0
10,0,1.0,3.121928094887362,0
12,0,1.0,3.418295834054489,0
10,0,1.0,2.8464393446710154,0
7,0,1.0,2.5216406363433186,0
13,0,1.0909090909090908,3.3927474104487847,0
7,0,1.0,2.5216406363433186,0
6,2,1.0,2.584962500721156,0
9,0,1.0,2.725480556997868,0
15,0,1.0769230769230769,3.189898095464287,0
8,0,1.0,2.5,0
8,0,1.0,2.75,0
11,2,1.0,3.459431618637298,0
9,0,1.0,2.6416041678685933,0
13,0,1.0,3.0269868333592873,0
15,0,1.0,3.139572261986723,0
13,3,1.0,3.238901256602631,0
4,0,1.0,2.0,0
6,0,1.0,2.584962500721156,0
14,1,1.0833333333333333,3.3248629576173574,0
12,0,1.0,3.418295834054489,0
8,0,1.0,2.5,0
10,0,1.0,2.7219280948873625,0
10,0,1.0,2.9219280948873623,0
12,3,1.0,3.584962500721156,0
15,3,1.0,3.4565647621309536,0
6,0,1.0,2.2516291673878226,0
15,1,1.0,3.3735572622751846,0
12,0,1.1,3.084962500721156,0
12,0,1.0,3.084962500721156,0
11,6,1.25,2.913977073182752,0
13,0,1.3333333333333333,3.0850551027564768,0
13,0,1.0,3.546593564294939,0
10,0,1.5,2.521928094887362,0
14,4,1.0,3.4677201004745006,0
7,0,1.0,2.807354922057604,0
11,0,1.0,3.095795255000934,0
11,0,1.0,3.2776134368191165,0
11,2,1.0,3.277613436819116,0
8,0,1.0,3.0,0
15,0,1.0769230769230769,3.3232314287976203,0
11,1,1.0,2.663532754804255,0
11,1,1.0,3.459431618637298,0
10,2,1.125,2.6464393446710157,0
9,3,1.0,2.94770277922009,0
6,0,1.0,2.584962500721156,0
15,2,1.0,3.240223928941852,0
10,4,1.0,3.321928094887362,0
15,0,1.0,3.2402239289418526,0
14,0,1.0,3.182005814760214,0
5,0,1.0,2.321928094887362,0
13,0,1.0,3.238901256602631,0
15,0,1.0,3.2402239289418517,0
14,0,1.0,3.6644977792004623,0
15,0,1.0769230769230769,3.3232314287976203,0
10,0,1.0,2.9219280948873623,0
11,0,1.0,3.459431618637298,0
10,0,1.0,3.1219280948873624,0
11,0,1.0,3.277613436819116,0
11,2,1.0,2.845350936622437,0
3,0,1.0,1.584962500721156,0
10,0,1.0,2.446439344671015,0
14,1,1.0,3.3248629576173574,0
7,0,1.0,2.5216406363433186,0
13,0,1.0,3.7004397181410926,0
13,0,1.0,2.9312089489103235,0
9,0,1.0,2.4193819456463714,0
12,0,1.0,3.084962500721156,0
13,0,1.0,3.0269868333592873,0
11,0,1.0,3.0957952550009344,0
11,0,1.0,3.277613436819116,0
14,0,1.0,3.521640636343319,0
9,0,1.0,2.94770277922009,0
12,2,1.0,3.251629167387823,0
15,4,1.0,3.32323142879762,0
12,0,1.0,3.0220552088742005,0
11,0,1.0,3.459431618637298,0
11,0,1.0,2.663532754804255,0
8,0,1.0,3.0,0
6,0,1.0,1.9182958340544893,0
10,0,1.0,2.6464393446710153,0
13,0,1.0,3.3927474104487847,0
11,1,1.0,3.459431618637298,0
13,0,1.0,3.238901256602631,0
14,0,1.0,2.9852281360342516,0
10,0,1.0,3.321928094887362,0
10,0,1.0,2.9219280948873623,0
13,1,1.0,3.5465935642949384,0
15,0,1.0,3.640223928941851,0
15,0,1.0769230769230769,3.3232314287976203,0
12,0,1.2222222222222223,2.8553885422075336,0
14,0,1.0,3.521640636343319,0
10,0,1.0,2.6464393446710157,0
6,0,1.0,2.584962500721156,0
13,0,1.0,3.180832987205441,0
11,0,1.0,2.7321588913645702,0
7,0,1.0,2.521640636343318,0
14,0,1.0,3.378783493486176,0
8,0,1.0,2.75,0
10,0,1.0,2.9219280948873623,0
9,0,1.0,3.169925001442312,1
9,0,1.0,3.169925001442312,0
6,0,1.0,2.584962500721156,0
9,0,1.0,2.94770277922009,0
15,0,1.0,3.3232314287976203,0
12,0,1.0,3.2516291673878226,0
15,2,1.0,3.6402239289418516,0
12,0,1.0,3.2516291673878226,0
14,0,1.0,3.2359263506290326,0
10,0,1.0,3.321928094887362,0
9,0,1.0,3.169925001442312,0
11,0,1.0,3.277613436819116,0
12,8,1.0,3.084962500721156,0
12,0,1.0,3.188721875540867,0
12,0,1.2222222222222223,3.0849625007211556,0
11,0,1.0,3.0957952550009344,0
10,0,1.0,3.121928094887362,0
8,0,1.0,3.0,0
11,0,1.0,3.277613436819116,0
7,0,1.0,2.2359263506290326,0
14,4,1.0833333333333333,3.3248629576173574,0
13,0,1.0,3.085055102756477,0
8,0,1.0,2.75,0
15,3,1.0,3.5068905956085183,0
14,8,1.0,3.6644977792004623,0
9,0,1.0,2.725480556997868,0
11,2,1.0,3.277613436819116,0
14,4,1.0,3.6644977792004623,0
12,2,1.0,3.418295834054489,0
12,1,1.0,3.418295834054489,0
11,0,1.0,2.663532754804255,0
15,8,1.0,2.9995812306460645,0
14,0,1.0,3.039148671903071,0
15,0,1.0,3.323231428797621,0
7,0,1.0,2.521640636343318,0
6,1,1.0,2.2516291673878226,0
14,0,1.0,3.3248629576173574,0
12,0,1.5714285714285714,2.084962500721156,0
9,0,1.0,2.6416041678685933,0
12,0,1.1,2.688721875540867,0
9,0,1.0,3.169925001442312,0
11,0,1.0,3.277613436819116,0
14,0,1.0833333333333333,3.039148671903072,0
15,0,1.0,3.323231428797621,0
13,0,1.0,3.238901256602631,0
11,0,1.0,2.845350936622437,0
13,0,1.0,3.3927474104487847,0
12,1,1.1,3.0849625007211556,0
12,0,1.0,3.418295834054489,0
12,0,1.0,3.2516291673878226,0
14,0,1.0,3.3248629576173574,0
9,0,1.0,2.94770277922009,0
12,2,1.0,3.584962500721156,0
7,0,1.0,2.2359263506290326,0
15,0,1.0,3.7735572622751845,0
12,0,1.0,3.2516291673878226,0
12,0,1.0,3.084962500721156,0
10,0,1.0,2.8464393446710154,0
11,3,1.0,3.459431618637298,0
14,0,1.0,3.2359263506290326,0
10,0,1.0,3.121928094887362,0
13,0,1.0,3.0269868333592873,0
11,0,1.0,3.0957952550009344,0
6,0,1.0,2.584962500721156,0
11,0,1.0,3.277613436819116,0
10,2,1.0,3.321928094887362,0
7,0,1.5,1.6644977792004612,0
12,0,1.0,3.418295834054489,0
10,0,1.0,2.446439344671015,0
12,0,1.1,2.7516291673878226,0
8,0,1.0,3.0,0
10,0,1.0,2.9219280948873623,0
6,0,1.0,2.251629167387823,0
11,0,1.0,3.095795255000934,0
15,0,1.0,3.373557262275185,0
8,0,1.0,2.75,0
11,0,1.0,3.0957952550009344,0
8,0,1.0,2.75,0
13,0,1.0,3.238901256602631,0
10,0,1.125,2.721928094887362,0
12,2,1.0,3.084962500721156,0
13,0,1.0909090909090908,2.873140679513133,0
10,0,1.0,2.721928094887362,0
10,0,1.0,3.121928094887362,0
12,0,1.0,3.084962500721156,0
14,3,1.0833333333333333,3.2359263506290334,0
15,0,1.0,3.5068905956085183,0
8,0,1.0,2.75,0
14,0,1.0,3.3787834934861767,0
12,0,1.0,2.918295834054489,0
14,0,1.0,3.521640636343319,0
9,0,1.0,2.94770277922009,0
9,0,1.0,2.94770277922009,0
7,0,1.0,2.2359263506290326,0
14,0,1.0,3.378783493486176,0
8,0,1.0,3.0,0
13,0,1.0,3.0269868333592873,0
13,0,1.0,3.085055102756477,0
10,0,1.125,2.6464393446710153,0
13,0,1.0,3.238901256602631,0
12,0,1.0,3.418295834054489,0
13,0,1.0,3.5465935642949384,0
6,2,1.0,2.584962500721156,0
14,2,1.0833333333333333,3.182005814760214,0
13,4,1.0,3.3927474104487847,0
10,0,1.0,2.9219280948873623,0
15,0,1.0,3.506890595608518,0
14,0,1.0,3.2359263506290334,0
10,0,1.125,2.921928094887362,0
14,0,2.1666666666666665,2.0202442071537563,0
15,0,1.0769230769230769,3.3232314287976203,0
13,0,1.0,3.3927474104487847,0
15,2,1.1666666666666667,3.106890595608519,0
8,0,1.0,2.75,0
10,0,1.0,2.9219280948873623,0
12,0,1.2222222222222223,2.5220552088742005,0
15,0,1.0769230769230769,3.32323142879762,0
14,0,1.0,3.2359263506290334,0
15,3,1.0,3.640223928941852,0
14,0,1.0,3.4677201004745006,0
15,4,1.0,3.5068905956085183,0
13,0,1.0,3.238901256602631,0
15,0,1.0,3.3232314287976203,0
9,0,1.0,3.169925001442312,0
12,4,1.0,3.4182958340544896,0
11,0,1.1111111111111112,2.8453509366224368,0
8,0,1.0,3.0,0
9,0,1.0,3.169925001442312,0
9,1,1.0,3.169925001442312,0
5,0,1.0,2.321928094887362,0
10,0,1.0,2.7219280948873625,0
15,0,1.0,3.640223928941851,0
11,0,1.0,3.095795255000934,0
6,1,1.0,2.584962500721156,0
14,0,1.0,3.2359263506290326,0
7,0,1.0,2.807354922057604,0
8,0,1.1666666666666667,1.75,0
10,0,1.125,2.9219280948873623,0
12,0,1.0,2.688721875540867,0
13,0,1.0,3.3927474104487847,0
9,0,1.0,3.169925001442312,0
8,0,1.0,3.0,0
6,0,1.0,2.584962500721156,0
9,0,1.0,2.5032583347756456,0
10,0,1.0,3.121928094887362,0
13,0,1.0909090909090908,3.238901256602631,0
8,0,1.0,2.5,0
12,0,1.2222222222222223,2.4591479170272446,0
12,0,1.0,3.418295834054489,0
12,0,1.0,3.084962500721156,0
12,0,1.0,3.0220552088742005,0
15,0,1.0769230769230769,3.2402239289418517,0
9,0,1.0,3.169925001442312,0
15,0,1.0,3.506890595608518,0
14,0,1.0,3.521640636343319,0
8,0,1.0,2.75,0
15,2,1.0,3.506890595608519,0
9,0,1.0,2.725480556997868,0
10,0,1.0,3.121928094887362,0
11,3,1.0,3.0957952550009344,0
7,0,1.0,2.807354922057604,0
12,0,1.1,2.918295834054489,0
6,0,1.0,2.584962500721156,0
12,0,1.0,3.0220552088742,0
12,0,1.0,3.084962500721156,0
14,0,1.0,3.4677201004745006,0
9,5,1.0,2.725480556997868,0
15,3,1.0,3.640223928941852,0
13,2,1.0,2.873140679513133,0
15,4,1.0,3.373557262275185,0
9,0,1.0,2.94770277922009,0
8,2,1.0,3.0,0
14,2,1.0833333333333333,3.182005814760214,0
5,0,1.0,2.321928094887362,0
9,0,1.0,2.94770277922009,0
11,0,1.0,3.459431618637298,0
10,0,1.0,2.9219280948873623,0
14,2,1.0,3.521640636343319,0
14,4,1.0,3.4677201004745006,0
10,0,1.0,3.1219280948873624,0
11,0,1.0,2.8453509366224368,0
13,0,1.2,3.0269868333592873,0
14,0,1.0833333333333333,2.8423709931771093,0
8,0,1.0,2.75,0
12,0,1.0,2.8553885422075336,0
12,0,1.0,2.9182958340544896,0
14,0,1.0,3.521640636343319,0
10,0,1.0,2.8464393446710154,0
13,0,1.0909090909090908,3.0269868333592873,0
12,0,1.0,2.617492461184755,0
10,0,1.0,3.321928094887362,0
15,4,1.0769230769230769,3.640223928941851,0
9,0,1.0,2.725480556997868,0
9,0,1.1428571428571428,2.5032583347756456,0
6,0,1.0,2.584962500721156,0
15,0,1.0,3.189898095464287,0
12,0,1.0,3.418295834054489,0
10,0,1.0,2.9219280948873623,0
10,0,1.0,3.321928094887362,0
8,2,1.0,2.75,0
15,2,1.0,3.773557262275185,0
12,0,1.0,3.084962500721156,0
14,0,1.0,3.521640636343319,0
11,0,1.0,3.027169118440619,0
13,0,1.0,2.66122625626979,0
6,0,1.0,2.251629167387823,0
14,0,1.0833333333333333,3.09306920777189,0
15,4,1.0,3.373557262275185,0
11,0,1.0,3.0957952550009344,0
8,4,1.0,2.75,0
15,0,1.0,3.0565647621309537,0
14,0,1.0,3.3248629576173574,0
10,4,1.0,3.1219280948873624,0
8,2,1.0,2.75,0
12,0,1.1,3.084962500721156,0
6,0,1.0,2.2516291673878226,0
14,0,1.0,3.521640636343319,0
15,0,1.2727272727272727,3.189898095464287,0
7,3,1.0,2.807354922057604,0
13,1,1.2,3.0850551027564768,0
12,0,1.1,2.8553885422075336,0
15,2,1.0,3.589898095464287,0
14,0,1.0,3.3248629576173574,0
12,0,1.0,3.2516291673878226,0
15,0,1.0,3.506890595608518,0
12,0,1.0,3.4182958340544896,0
14,4,1.0,3.6644977792004623,0
8,0,1.0,2.75,0
6,0,1.0,2.584962500721156,0
12,0,1.0,3.084962500721156,0
13,0,1.0909090909090908,2.6235166412180155,0
13,0,1.0909090909090908,2.7773627950641693,0
9,0,1.0,2.725480556997868,0
15,0,1.0,3.1898980954642875,0
12,0,1.1,2.6258145836939115,0
12,0,1.0,3.0220552088742,0
12,0,1.1,3.0220552088742,0
12,0,1.0,3.2516291673878226,0
8,0,1.0,2.5,0
11,0,1.0,3.027169118440619,0
15,1,1.0,3.1898980954642866,0
11,2,1.0,3.277613436819116,0
12,0,1.0,3.2516291673878226,0
8,0,1.0,2.5,0
9,0,1.0,2.6416041678685933,0
12,0,1.0,3.084962500721156,0
11,0,1.0,3.0957952550009344,0
9,2,1.0,3.169925001442312,0
15,0,1.0,3.640223928941851,0
9,0,1.3333333333333333,1.8910611120726526,0
7,0,1.0,2.807354922057604,0
10,0,1.0,3.121928094887362,0
12,0,1.0,3.2516291673878226,0
13,0,1.0,3.3927474104487847,0
7,0,1.0,2.807354922057604,0
14,1,1.0,3.521640636343319,0
8,2,1.0,3.0,0
15,1,1.0,3.1898980954642866,0
11,0,1.0,3.027169118440619,0
13,0,1.0,3.238901256602631,0
10,0,1.0,2.9219280948873623,0
9,2,1.0,3.169925001442312,0
13,1,1.2,2.873140679513133,0
9,0,1.0,2.725480556997868,0
15,0,1.0,3.373557262275185,0
11,0,1.0,3.095795255000934,0
8,0,1.4,1.811278124459133,0
10,0,1.0,2.6464393446710153,0
8,0,1.0,3.0,0
5,2,1.0,1.9219280948873623,0
14,0,1.0,3.039148671903071,0
9,2,1.1428571428571428,2.4193819456463714,0
14,1,1.0,2.950212064914747,0
11,0,1.25,2.481714572986073,0
14,2,1.0,3.6644977792004623,0
7,2,1.0,2.5216406363433186,0
6,0,1.0,2.584962500721156,0
15,4,1.0,3.7735572622751845,0
6,0,1.0,2.584962500721156,0
12,0,1.0,3.084962500721156,0
13,1,1.0,3.180832987205441,0
15,0,1.0,3.5068905956085183,0
11,0,1.0,3.277613436819116,0
7,1,1.0,2.807354922057604,0
6,2,1.0,2.584962500721156,0
14,0,1.0833333333333333,2.9852281360342516,0
11,0,1.0,3.0957952550009344,0
11,0,1.0,3.0957952550009344,0
7,0,1.5,1.3787834934861753,0
10,0,1.0,3.121928094887362,0
13,2,1.0,3.238901256602631,0
12,0,1.1,2.751629167387823,0
9,0,1.0,2.725480556997868,0
12,0,1.0,2.8553885422075336,0
13,0,1.0,3.085055102756477,0
9,0,1.0,2.94770277922009,0
6,0,1.0,2.584962500721156,0
11,0,1.0,3.277613436819116,0
8,0,1.0,2.75,0
15,3,1.0,3.506890595608518,0
14,3,1.0,3.521640636343319,0
12,0,1.0,3.084962500721156,0
13,0,1.0,3.3927474104487847,0
13,0,1.0,3.546593564294939,0
14,0,1.0,3.4677201004745006,0
12,2,1.0,3.4182958340544896,0
10,0,1.0,2.921928094887362,0
12,0,1.0,3.2516291673878226,0
10,3,1.0,3.321928094887362,0
11,0,1.0,3.027169118440619,0
13,0,1.0909090909090908,3.0269868333592873,0
8,2,1.0,2.5,0
13,0,1.0,3.0269868333592873,0
11,1,1.0,3.277613436819116,0
10,0,1.0,3.121928094887362,0
10,3,1.0,3.1219280948873624,0
8,0,1.0,2.4056390622295662,0
9,0,1.0,2.4193819456463714,0
10,0,1.0,2.4464393446710155,0
8,3,1.0,3.0,0
12,0,1.2222222222222223,2.584962500721156,0
12,0,1.0,3.0220552088742,0
13,0,1.0,3.3927474104487847,0
11,0,1.0,3.277613436819116,0
9,0,1.0,2.725480556997868,0
15,4,1.0,2.9232314287976204,0
10,0,1.0,3.321928094887362,0
9,3,1.0,3.169925001442312,0
14,0,1.0,3.6644977792004623,0
15,1,1.0,3.906890595608518,0
10,2,1.0,3.321928094887362,0
14,0,1.0,3.182005814760214,0
11,0,1.0,3.027169118440619,0
14,0,1.0,3.2359263506290326,0
11,0,1.0,3.095795255000934,0
7,0,1.0,2.807354922057604,0
15,0,1.0,3.773557262275185,0
10,0,1.0,2.9219280948873623,0
13,0,1.0,3.334679141051595,0
14,4,1.0,3.182005814760214,0
14,0,1.0833333333333333,2.9852281360342525,0
9,0,1.0,2.4193819456463714,0
13,0,1.0,3.180832987205441,0
11,0,1.0,3.459431618637298,0
7,0,1.0,2.521640636343318,0
11,0,1.0,3.095795255000934,0
13,2,1.0,3.334679141051595,0
8,0,1.0,3.0,0
11,2,1.0,3.459431618637298,0
7,0,1.0,2.807354922057604,0
11,0,1.0,3.459431618637298,0
10,0,1.0,3.321928094887362,0
13,0,1.0,3.085055102756477,0
12,0,1.375,2.355388542207534,0
13,0,1.0,3.180832987205441,0
11,0,1.0,3.027169118440619,0
13,6,1.3333333333333333,2.968918563962097,0
13,1,1.0,3.3927474104487847,0
6,0,1.0,2.2516291673878226,0
12,0,1.0,3.0220552088742,0
15,0,1.0,3.640223928941851,0
12,0,1.0,2.4591479170272446,0
10,0,1.125,2.4464393446710155,0
13,0,1.0,3.3927474104487847,0
5,1,1.0,2.321928094887362,0
15,0,1.0,3.5068905956085183,0
10,0,1.0,2.6464393446710157,0
8,0,1.1666666666666667,2.5,0
15,0,1.0,2.8225797618424915,0
15,0,1.0,3.5068905956085183,0
9,0,1.0,2.94770277922009,0
12,0,1.0,2.751629167387823,0
10,0,1.0,2.9219280948873623,1
12,2,1.0,3.2516291673878226,0
12,0,1.0,3.084962500721156,0
8,0,1.0,2.4056390622295662,0
12,0,1.2222222222222223,2.5849625007211556,0
12,0,1.0,3.418295834054489,0
13,1,1.0,3.0269868333592873,0
13,1,1.0909090909090908,3.3927474104487847,0
12,0,1.0,2.8553885422075336,0
8,3,1.0,3.0,0
14,0,1.0,3.6644977792004623,0
13,0,1.0,3.238901256602631,0
15,0,1.0,3.3232314287976203,0
10,0,1.0,2.721928094887362,0
9,0,1.0,2.94770277922009,0
12,0,1.0,3.4182958340544896,0
13,0,1.0,3.3927474104487847,0
10,0,1.0,2.9219280948873623,0
14,0,1.0,2.8423709931771093,0
15,0,1.0,3.506890595608519,0
11,8,1.6666666666666667,2.004886164091843,0
15,0,1.0,3.5068905956085183,0
11,0,1.0,2.845350936622437,0
10,0,1.0,2.5219280948873624,0
14,4,1.0,3.2359263506290334,0
14,0,1.0,3.182005814760214,0
15,2,1.0,3.906890595608518,0
12,0,1.1,2.396240625180289,0
15,1,1.0,3.5898980954642865,0
7,2,1.0,2.807354922057604,0
13,0,1.0,3.238901256602631,0
8,0,1.1666666666666667,2.1556390622295662,0
13,0,1.0,3.085055102756477,0
13,0,1.0909090909090908,3.238901256602631,0
14,0,1.0,3.3248629576173574,0
12,0,1.0,3.2516291673878226,0
10,0,1.0,3.121928094887362,0
13,0,1.0,3.334679141051595,0
12,0,1.0,2.8553885422075336,0
11,0,1.0,3.0957952550009344,0
10,0,1.0,3.1219280948873624,0
15,0,1.0769230769230769,3.240223928941852,0
8,0,1.0,3.0,0
14,0,1.0,3.2359263506290334,0
12,0,1.0,3.0849625007211556,0
10,1,1.0,2.9219280948873623,0
9,0,1.0,2.94770277922009,0
9,0,1.0,2.94770277922009,0
15,0,1.0,3.640223928941851,0
13,0,1.0,3.238901256602631,0
11,0,1.1111111111111112,3.095795255000934,0
14,0,1.0,3.521640636343319,0
15,0,1.0,3.189898095464287,0
12,0,1.0,3.2516291673878226,0
11,0,1.0,3.277613436819116,0
13,0,1.0,3.0850551027564768,0
12,0,1.0,3.418295834054489,0
13,4,1.0,2.8731406795131336,0
9,0,1.0,2.725480556997868,0
10,0,1.0,2.9219280948873623,0
12,0,1.1,2.855388542207534,0
14,2,1.0,3.2359263506290334,0
15,0,1.0,3.5068905956085183,0
13,0,1.3333333333333333,2.623516641218015,0
5,1,1.0,1.9219280948873623,0
11,1,1.0,3.277613436819116,0
8,0,1.0,3.0,0
8,2,1.0,3.0,0
14,0,1.0,3.128085278891395,0
8,2,1.0,2.75,0
12,4,1.0,3.4182958340544896,0
15,2,1.0,3.056564762130954,0
9,4,1.1428571428571428,2.4193819456463714,0
11,0,1.0,3.277613436819116,0
12,2,1.0,2.918295834054489,0
6,0,1.0,2.584962500721156,0
14,3,1.0,3.4677201004745006,0
12,0,1.0,3.2516291673878226,0
14,0,1.0833333333333333,3.3787834934861767,0
15,0,1.0,3.4565647621309536,0
14,0,1.0,3.182005814760214,0
14,0,1.0,3.4677201004745006,0
8,0,1.0,3.0,0
8,0,1.0,2.5,0
13,1,1.0,3.3927474104487847,0
15,0,1.0,3.32323142879762,0
10,0,1.0,3.121928094887362,0
6,0,1.0,2.251629167387823,0
13,0,1.0,3.3927474104487847,0
14,0,1.0,3.3248629576173574,0
15,0,1.0,3.640223928941851,0
11,0,1.0,3.277613436819116,0
11,2,1.0,3.2776134368191165,0
11,3,1.0,2.913977073182752,0
12,1,1.0,3.188721875540867,0
12,0,1.2222222222222223,2.6258145836939115,0
15,0,1.0,3.3735572622751846,0
4,0,1.0,2.0,0
14,3,1.0,3.378783493486176,0
14,2,1.0,3.378783493486176,0
15,3,1.0,3.906890595608518,0
14,2,1.0,3.378783493486176,0
10,0,1.125,2.4464393446710155,0
12,0,1.0,3.4182958340544896,0
8,0,1.0,3.0,0
13,1,1.0909090909090908,3.085055102756477,0
8,0,1.0,2.75,0
9,0,1.0,2.5032583347756456,0
11,0,1.0,3.2776134368191165,0
6,1,1.0,2.584962500721156,0
9,4,1.0,2.9477027792200903,0
15,0,1.0,3.0062389286533895,0
13,0,1.0,2.6235166412180155,0
13,0,1.0,3.180832987205441,0
8,0,1.1666666666666667,2.5,0
11,0,1.0,2.9139770731827523,0
6,0,1.0,2.584962500721156,0
14,0,1.625,1.950212064914747,0
14,0,1.0,3.3248629576173574,0
15,0,1.0,3.373557262275185,0
10,0,1.0,2.6464393446710157,0
11,0,1.0,3.0957952550009344,0
13,0,1.0,3.3927474104487847,0
12,0,1.1,2.751629167387823,0
14,0,1.0,3.182005814760214,0
11,0,1.0,2.663532754804255,0
13,0,1.0,3.5465935642949384,0
10,0,1.0,2.9219280948873623,0
14,0,1.0,3.3787834934861767,0
13,0,1.0,3.5465935642949384,0
8,0,1.0,2.5,0
10,0,1.0,2.9219280948873623,0
12,0,1.0,3.084962500721156,0
11,0,1.0,3.0957952550009344,0
12,0,1.0,3.0220552088742,0
11,0,1.0,3.095795255000934,0
15,8,1.0769230769230769,3.456564762130954,0
12,0,1.0,3.584962500721156,0
10,4,1.125,2.8464393446710154,0
8,0,1.1666666666666667,2.1556390622295662,0
12,0,1.0,3.0220552088742,0
9,2,1.0,2.94770277922009,0
15,0,1.0,3.5068905956085183,0
13,0,1.0,2.8731406795131336,0
9,0,1.0,2.94770277922009,0
15,2,1.0,3.640223928941851,0
10,2,1.0,3.321928094887362,0
12,0,1.0,3.2516291673878226,0
15,0,1.0,3.4565647621309536,0
11,0,1.0,3.0957952550009344,0
15,2,1.0769230769230769,3.0565647621309537,0
10,0,1.125,2.6464393446710153,0
10,2,1.0,2.9219280948873623,0
14,0,1.0,3.3248629576173574,0
15,0,1.0,3.6402239289418516,0
11,0,1.0,3.0957952550009344,0
14,2,1.0,3.3787834934861767,0
13,0,1.0,3.238901256602631,0
13,0,1.0,3.238901256602631,0
9,1,1.0,2.94770277922009,0
11,0,1.0,3.0957952550009344,0
14,0,1.0,3.6644977792004623,0
11,0,1.0,3.2776134368191165,0
15,2,1.0,3.506890595608518,0
12,0,1.2222222222222223,2.918295834054489,0
13,4,1.0,3.238901256602631,0
12,0,1.0,3.2516291673878226,0
13,0,1.0,3.180832987205441,0
9,0,1.0,2.94770277922009,0
3,0,1.0,1.584962500721156,0
10,0,1.0,3.121928094887362,0
15,0,1.0769230769230769,3.5068905956085183,0
11,0,1.0,3.277613436819116,0
15,0,1.0769230769230769,3.0565647621309537,0
9,0,1.1428571428571428,2.4193819456463714,0
13,0,1.0,3.180832987205441,0
7,0,1.0,2.5216406363433186,0
8,0,1.0,2.75,0
9,0,1.0,2.94770277922009,0
9,0,1.0,2.9477027792200903,0
3,0,1.0,1.584962500721156,0
12,1,1.1,2.918295834054489,0
13,0,1.0,3.3927474104487847,0
7,0,1.0,2.807354922057604,0
12,0,1.0,3.084962500721156,0
8,0,1.0,2.75,0
11,3,1.0,3.0957952550009344,0
11,0,1.0,2.8453509366224368,0
9,0,1.0,2.5032583347756456,0
14,0,1.0833333333333333,3.2359263506290326,0
9,0,1.0,2.725480556997868,0
15,0,1.0,3.4565647621309536,0
12,3,1.0,2.9182958340544896,0
10,4,1.0,3.321928094887362,0
10,0,1.0,2.8464393446710154,0
10,0,1.0,3.121928094887362,0
11,0,1.0,3.2776134368191165,0
8,0,1.0,2.75,0
11,0,1.0,2.9139770731827523,0
11,0,1.1111111111111112,2.7321588913645702,0
11,0,1.0,3.277613436819116,0
12,0,1.0,3.2516291673878226,0
13,0,1.0909090909090908,2.931208948910323,0
9,0,1.0,2.94770277922009,0
13,0,1.0,3.546593564294939,0
13,0,1.0909090909090908,3.238901256602631,0
11,0,1.0,3.027169118440619,0
15,0,1.0,3.506890595608519,0
12,0,1.0,3.084962500721156,0
8,0,1.0,2.5,0
11,0,1.0,3.2776134368191165,0
11,0,1.0,3.027169118440619,0
8,0,1.0,2.75,0
11,0,1.0,2.913977073182752,0
10,3,1.0,2.9219280948873623,0
12,0,1.0,3.584962500721156,0
15,1,1.0,3.506890595608518,0
10,0,1.0,3.321928094887362,0
15,0,1.0,3.1395722619867223,0
8,0,1.0,3.0,0
15,0,1.0,3.3735572622751846,0
9,0,1.0,2.94770277922009,0
10,0,1.0,2.6464393446710153,0
11,0,1.25,2.7321588913645702,0
12,0,1.0,3.418295834054489,0
14,0,1.1818181818181819,3.09306920777189,0
12,0,1.0,3.084962500721156,0
12,2,1.0,3.4182958340544896,0
10,0,1.0,3.121928094887362,0
7,0,1.0,2.5216406363433186,0
11,0,1.0,2.8453509366224368,0
8,2,1.0,3.0,0
12,0,1.0,2.918295834054489,0
7,3,1.0,2.807354922057604,0
12,0,1.0,3.2516291673878226,0
14,0,1.0,3.3248629576173574,0
11,0,1.0,2.845350936622437,0
10,2,1.0,3.121928094887362,0
11,0,1.0,3.459431618637298,0
13,0,1.0909090909090908,2.873140679513133,0
15,4,1.0,3.5898980954642865,0
11,0,1.0,2.913977073182752,0
13,0,1.0,3.180832987205441,0
11,2,1.0,3.277613436819116,0
14,0,1.0,3.039148671903071,0
9,0,1.0,2.94770277922009,0
12,0,1.0,3.2516291673878226,0
11,0,1.0,2.845350936622437,0
14,0,1.0833333333333333,3.378783493486176,0
11,0,1.0,3.0957952550009344,0
14,0,1.0,3.182005814760214,0
13,0,1.0,3.3927474104487847,0
13,0,1.0,3.238901256602631,0
11,0,1.1111111111111112,2.8453509366224368,0
10,0,1.0,2.9219280948873623,0
13,2,1.0,3.238901256602631,0
12,0,1.0,3.0220552088742,0
11,8,1.0,2.8453509366224368,0
12,0,1.1,2.8553885422075336,0
8,0,1.0,2.75,0
14,0,1.0,3.378783493486176,0
12,0,1.0,2.8553885422075336,0
14,0,1.0,2.8423709931771093,0
9,0,1.0,3.169925001442312,0
11,2,1.0,3.027169118440619,0
12,0,1.0,2.8553885422075336,0
6,2,1.0,2.584962500721156,0
13,2,1.0,3.085055102756477,0
14,0,1.0,3.3248629576173574,0
9,0,1.0,2.6416041678685933,0
11,0,1.0,2.9139770731827523,0
13,0,1.0909090909090908,3.3927474104487847,0
7,0,1.0,2.5216406363433186,0
7,0,1.0,1.8423709931771084,0
11,2,1.0,3.0957952550009344,0
15,0,1.0769230769230769,3.5068905956085183,0
13,0,1.0,3.085055102756477,0
8,0,1.1666666666666667,2.0,0
12,2,1.0,3.2516291673878226,0
13,0,1.0,3.238901256602631,0
9,2,1.0,3.169925001442312,0
7,0,1.0,2.521640636343318,0
10,2,1.0,3.121928094887362,0
12,0,1.0,3.2516291673878226,0
10,2,1.0,3.321928094887362,0
13,0,1.0,3.238901256602631,1
14,0,1.0,3.378783493486176,0
13,0,1.0,3.0850551027564768,0
13,0,1.0,2.931208948910323,0
11,0,1.0,3.277613436819116,0
11,0,1.0,3.027169118440619,0
13,0,1.0,3.0269868333592873,0
7,0,1.2,1.8423709931771084,0
12,0,1.0,2.688721875540867,0
13,1,1.0,3.3927474104487847,0
10,0,1.0,3.121928094887362,0
7,0,1.0,2.2359263506290326,0
9,1,1.0,3.169925001442312,0
13,0,1.0,3.238901256602631,0
8,0,1.0,2.75,0
14,0,1.0,3.378783493486176,0
13,3,1.0,3.5465935642949384,0
13,0,1.0,3.392747410448785,1
15,0,1.0,3.373557262275185,0
9,0,1.0,2.9477027792200903,0
12,0,1.0,3.418295834054489,0
6,0,1.0,2.2516291673878226,0
8,0,1.0,2.5,0
10,0,1.125,2.9219280948873627,0
14,0,1.0,3.521640636343319,0
12,1,1.0,3.2516291673878226,0
14,0,1.0,3.3248629576173574,0
13,0,1.0,3.3927474104487847,0
14,0,1.0,3.521640636343319,0
13,0,1.0,3.238901256602631,0
11,2,1.0,3.095795255000934,0
15,1,1.0,3.4565647621309536,0
7,0,1.0,2.807354922057604,0
8,0,1.0,2.75,0
8,0,1.0,2.75,0
13,0,1.0,3.0269868333592873,0
7,0,1.0,2.2359263506290326,0
12,0,1.0,2.918295834054489,0
6,0,1.0,2.584962500721156,0
14,0,1.0833333333333333,3.3787834934861767,0
10,0,1.0,2.6464393446710157,0
11,0,1.0,3.0957952550009344,0
10,1,1.0,2.8464393446710154,0
7,0,1.0,2.807354922057604,0
9,0,1.0,2.2810361125534233,0
15,0,1.0769230769230769,3.189898095464287,0
6,2,1.0,2.2516291673878226,0
12,0,1.0,3.2516291673878226,0
15,1,1.0,3.5898980954642865,1
11,0,1.0,3.2776134368191165,0
13,0,1.0,3.546593564294939,0
9,0,1.0,2.6416041678685933,0
8,0,1.0,2.75,0
9,4,1.0,2.5032583347756456,0
13,0,1.0,3.3927474104487847,0
9,0,1.0,2.725480556997868,0
8,0,1.0,2.5,0
11,0,1.0,3.0957952550009344,0
14,0,1.0833333333333333,3.3248629576173574,0
11,0,1.0,3.2776134368191165,0
14,0,1.0,3.521640636343319,0
12,0,1.0,3.0220552088742,0
10,0,1.0,2.9219280948873623,0
11,0,1.0,3.2776134368191165,0
14,3,1.0,3.521640636343319,0
13,3,1.0909090909090908,2.873140679513133,0
13,0,1.0,3.180832987205441,0
13,0,1.0,3.3927474104487847,0
7,0,1.0,2.5216406363433186,0
9,3,1.0,2.94770277922009,0
6,2,1.0,2.584962500721156,0
11,0,1.1111111111111112,3.027169118440619,0
11,0,1.1111111111111112,2.7321588913645702,0
12,0,1.0,3.584962500721156,0
9,0,1.0,2.94770277922009,0
13,0,1.0,3.5465935642949384,0
5,0,1.0,2.321928094887362,0
10,0,1.0,3.121928094887362,0
9,1,1.0,3.169925001442312,0
8,0,1.0,3.0,0
12,0,1.0,3.2516291673878226,0
11,0,1.0,3.0957952550009344,0
12,3,1.0,3.2516291673878226,0
14,1,1.0,3.3248629576173574,0
11,2,1.0,2.59490661824394,0
13,0,1.0,3.238901256602631,0
10,0,1.0,2.9219280948873623,0
15,0,1.0,3.32323142879762,0
12,0,1.0,3.084962500721156,0
10,0,1.0,3.121928094887362,0
13,1,1.2,2.7773627950641693,0
10,0,1.0,2.6464393446710157,0
11,0,1.0,3.459431618637298,0
6,0,1.0,2.584962500721156,0
7,0,1.0,2.2359263506290326,0
13,0,1.0,3.0269868333592873,0
13,0,1.0,3.0269868333592873,0
14,0,1.0,3.521640636343319,0
10,2,1.2857142857142858,2.5219280948873624,0
15,0,1.0,3.1898980954642875,0
10,1,1.0,2.8464393446710154,0
13,0,1.0,3.3927474104487847,0
14,3,1.0,3.4677201004745006,0
7,0,1.0,2.521640636343318,0
13,0,1.0,2.9312089489103235,0
15,2,1.0,3.373557262275185,0
15,0,1.0,3.640223928941851,0
15,2,1.0,3.3232314287976212,0
12,0,1.1,3.084962500721156,0
12,0,1.0,3.251629167387823,0
10,0,1.0,3.121928094887362,0
6,0,1.0,2.584962500721156,0
10,0,1.0,3.321928094887362,0
11,0,1.0,3.2776134368191165,0
15,0,1.0,3.373557262275185,0
10,0,1.0,3.1219280948873624,0
15,0,1.0,3.640223928941851,0
8,3,1.0,3.0,0
11,0,1.0,2.9139770731827523,0
12,0,1.0,3.251629167387823,0
7,0,1.0,2.807354922057604,0
6,2,1.0,2.584962500721156,0
13,0,1.0,3.3927474104487847,0
10,0,1.0,2.9219280948873623,0
6,2,1.0,2.584962500721156,0
12,0,1.0,3.2516291673878226,0
8,0,1.0,2.75,0
10,0,1.0,2.8464393446710154,0
10,2,1.0,3.321928094887362,0
7,0,1.0,2.807354922057604,0
13,3,1.0,3.5465935642949384,0
10,0,1.0,2.8464393446710154,0
14,0,1.0,3.2359263506290326,0
15,0,1.0769230769230769,3.2402239289418517,0
5,2,1.0,2.321928094887362,0
14,8,1.4444444444444444,2.403677461028802,0
15,0,1.0,3.189898095464287,0
13,0,1.0909090909090908,3.085055102756477,0
10,0,1.125,2.9219280948873623,0
12,0,1.0,3.0220552088742005,0
12,0,1.0,3.084962500721156,0
15,0,1.0769230769230769,3.056564762130954,0
15,0,1.0769230769230769,3.2402239289418513,0
8,1,1.0,2.4056390622295662,0
5,0,1.0,2.321928094887362,0
15,1,1.0,3.3735572622751855,0
14,0,1.0,3.521640636343319,0
14,0,1.0,3.2359263506290334,0
12,2,1.0,3.2516291673878226,0
7,1,1.0,2.807354922057604,0
12,0,1.0,3.2516291673878226,0
10,0,1.0,3.121928094887362,0
12,0,1.0,3.2516291673878226,0
11,0,1.0,2.9139770731827523,0
11,0,1.0,3.2776134368191165,0
6,2,1.0,2.2516291673878226,0
11,0,1.0,3.0957952550009344,0
9,0,1.0,2.725480556997868,0
13,0,1.0909090909090908,2.873140679513133,0
11,0,1.0,3.027169118440619,0
14,1,1.0,3.2359263506290334,0
15,0,1.0,3.5068905956085183,0
11,0,1.0,3.277613436819116,0
10,0,1.0,2.721928094887362,0
9,0,1.0,3.169925001442312,0
11,2,1.1111111111111112,2.913977073182752,0
10,0,1.0,2.7219280948873625,0
14,4,1.0,3.3248629576173574,0
13,0,1.0,3.238901256602631,0
12,0,1.0,3.4182958340544896,0
8,1,1.0,2.75,0
15,0,1.0,3.189898095464287,0
13,0,1.0,3.546593564294939,0
11,0,1.0,3.2776134368191165,0
11,0,1.0,2.9139770731827523,0
9,0,1.0,2.725480556997868,0
14,0,1.0833333333333333,2.8962915290459277,0
11,0,1.0,2.9139770731827523,0
11,4,1.0,3.095795255000934,0
7,0,1.0,2.235926350629032,0
13,0,1.0,3.0269868333592873,0
12,0,1.1,3.084962500721156,0
13,0,1.0909090909090908,3.238901256602631,0
11,0,1.0,3.0957952550009344,0
12,0,1.0,3.188721875540867,0
10,0,1.0,3.321928094887362,0
15,0,1.0,3.5068905956085183,0
14,0,1.0,3.3248629576173574,0
10,0,1.0,3.121928094887362,0
9,0,1.0,2.725480556997868,0
12,2,1.0,3.2516291673878226,0
14,1,1.0833333333333333,3.039148671903071,0
14,0,1.0,3.521640636343319,0
14,0,1.0833333333333333,3.039148671903071,0
12,1,1.0,3.2516291673878226,0
13,1,1.0,3.3927474104487847,0
12,0,1.0,3.084962500721156,0
12,0,1.0,3.4182958340544896,0
12,2,1.0,3.418295834054489,0
13,2,1.2,2.7773627950641693,0
10,0,1.0,3.321928094887362,0
14,0,1.0,3.3248629576173574,0
13,0,1.5,2.623516641218015,0
15,2,1.0,3.3735572622751846,0
7,0,1.0,2.521640636343318,0
13,0,1.0,3.3927474104487847,0
10,1,1.0,3.121928094887362,0
15,1,1.0,3.6402239289418516,0
5,0,1.0,2.321928094887362,0
15,0,1.0,3.5068905956085183,0
15,2,1.0,3.906890595608518,0
8,1,1.0,3.0,0
7,0,1.0,2.807354922057604,0
7,0,1.0,2.807354922057604,0
12,0,1.0,3.2516291673878226,0
14,4,1.0,3.521640636343319,0
6,2,1.0,2.584962500721156,0
14,0,1.0,3.3248629576173574,0
14,0,1.0,3.182005814760214,0
10,0,1.125,2.3709505944546687,0
12,0,1.0,3.4182958340544896,0
10,0,1.0,3.121928094887362,0
10,0,1.0,2.9219280948873623,0
10,0,1.0,2.9219280948873623,0
11,0,1.0,2.9139770731827523,0
15,0,1.0,3.373557262275186,0
8,0,1.0,2.75,0
12,0,1.0,3.584962500721156,0
14,0,1.0833333333333333,3.3248629576173574,0
10,0,1.0,2.6464393446710153,0
12,2,1.0,3.2516291673878226,0
13,0,1.0909090909090908,2.565448371820826,0
15,4,1.0,3.456564762130954,0
15,0,1.0,3.1898980954642875,0
11,0,1.0,2.9139770731827523,0
11,0,1.1111111111111112,2.6635327548042547,0
8,0,1.0,2.1556390622295662,0
12,0,1.0,3.084962500721156,0
15,2,1.0,3.3232314287976203,0
9,0,1.0,2.725480556997868,0
5,2,1.0,2.321928094887362,0
15,0,1.0,3.640223928941851,0
12,0,1.0,2.8553885422075336,0
11,0,1.0,3.0957952550009344,0
13,0,1.0,3.180832987205441,0
12,0,1.0,2.584962500721156,0
10,0,1.0,3.121928094887362,0
13,8,1.0909090909090908,3.334679141051595,0
14,4,1.0,3.521640636343319,0
15,0,1.0,3.0062389286533895,0
10,0,1.0,2.6464393446710153,0
15,0,1.0,3.4565647621309536,0
15,0,1.0,3.323231428797621,0
15,0,1.0,3.3232314287976203,0
10,2,1.0,3.1219280948873624,0
5,3,1.0,1.9219280948873623,0
11,0,1.1111111111111112,3.0957952550009344,0
12,0,1.0,3.418295834054489,0
13,0,1.0,3.238901256602631,0
15,0,1.0,3.5068905956085183,0
11,0,1.1111111111111112,2.913977073182752,0
8,2,1.0,2.5,0
13,0,1.0,3.0269868333592873,0
13,0,1.0,3.334679141051595,0
13,0,1.0,3.3927474104487847,0
10,0,1.0,2.9219280948873623,0
13,2,1.0,3.7004397181410926,0
15,1,1.0,3.506890595608518,0
15,4,1.0,3.640223928941851,0
5,0,1.0,1.9219280948873623,0
13,2,1.0,3.334679141051595,0
11,0,1.0,3.277613436819116,0
10,0,1.0,2.9219280948873623,0
8,0,1.0,2.5,0
13,0,1.0,3.180832987205441,0
14,1,1.0,2.9852281360342525,0
11,0,1.1111111111111112,2.9139770731827523,0
11,0,1.0,2.9139770731827523,0
9,0,1.0,3.169925001442312,0
9,3,1.0,3.169925001442312,0
10,0,1.0,2.7219280948873625,0
14,0,1.0,3.521640636343319,0
8,2,1.0,2.75,0
12,2,1.0,3.084962500721156,0
13,2,1.0,3.0269868333592873,0
10,0,1.0,3.321928094887362,0
10,0,1.0,3.121928094887362,0
13,0,1.0,3.3927474104487847,1
14,0,1.0,3.3787834934861767,1
10,0,1.0,3.321928094887362,0
9,0,1.0,2.6416041678685933,0
12,4,1.0,3.0220552088742005,0
15,0,1.0,3.640223928941851,0
12,0,1.0,3.2516291673878226,0
15,0,1.0,3.3232314287976203,0
10,2,1.0,3.121928094887362,0
13,0,1.0,3.0269868333592873,0
9,0,1.0,2.94770277922009,0
11,0,1.0,3.0957952550009344,0
11,0,1.4285714285714286,1.6858157091530304,0
15,0,1.0,3.373557262275185,0
10,0,1.0,2.9219280948873623,0
10,0,1.0,2.9219280948873623,0
6,0,1.0,2.2516291673878226,0
9,0,1.0,2.6416041678685933,0
12,2,1.0,3.2516291673878226,0
13,0,1.0,3.238901256602631,0
9,2,1.0,2.4193819456463714,0
11,0,1.0,3.0957952550009344,0
15,0,1.0,3.3232314287976203,0
12,0,1.0,3.188721875540867,0
10,0,1.0,3.321928094887362,0
6,3,1.0,2.251629167387823,0
8,1,1.0,2.5,0
9,0,1.0,2.94770277922009,0
11,0,1.0,3.0957952550009344,0
14,1,1.0833333333333333,3.2359263506290334,0
13,4,1.0,3.238901256602631,0
15,0,1.0,3.32323142879762,0
14,2,1.0,3.521640636343319,0
15,0,1.0,3.32323142879762,0
11,0,1.0,3.277613436819116,0
14,0,1.0,3.2359263506290334,0
7,1,1.0,2.5216406363433186,0
9,0,1.0,2.94770277922009,0
10,0,1.0,2.3709505944546683,0
15,2,1.0,3.640223928941851,0
15,0,1.0,3.7735572622751845,0
10,3,1.0,2.9219280948873623,0
14,0,1.0,3.6644977792004623,0
10,4,1.0,2.9219280948873623,0
11,3,1.0,3.095795255000934,0
13,2,1.0,3.085055102756477,0
10,1,1.125,2.721928094887362,0
13,0,1.0,3.180832987205441,0
13,0,1.0,2.7192945256669794,0
14,0,1.0,3.2359263506290334,0
13,0,1.0,3.546593564294939,0
11,0,1.1111111111111112,2.7321588913645707,0
8,0,1.0,2.75,0
14,0,1.0833333333333333,3.2359263506290326,0
10,0,1.0,3.121928094887362,0
12,0,1.0,3.4182958340544896,0
8,0,1.0,2.75,0
15,1,1.0,3.640223928941852,0
14,0,1.0,3.521640636343319,0
15,0,1.0,3.1068905956085184,0
12,0,1.0,3.0849625007211556,0
12,0,1.1,2.396240625180289,0
12,0,1.1,2.918295834054489,0
13,1,1.0,3.3927474104487847,0
13,0,1.0,3.0269868333592873,0
15,2,1.0769230769230769,3.1898980954642866,0
10,0,1.0,3.121928094887362,0
8,0,1.0,3.0,0
14,0,1.0833333333333333,3.2359263506290334,0
8,0,1.0,3.0,0
7,0,1.0,2.5216406363433186,0
14,0,1.1818181818181819,3.09306920777189,0
11,0,1.0,3.0957952550009344,0
9,0,1.0,2.94770277922009,0
15,0,1.0,3.240223928941852,0
14,0,1.0,3.3248629576173574,0
10,0,1.0,2.4464393446710155,0
8,3,1.0,3.0,0
13,0,1.0909090909090908,3.085055102756477,0
15,0,1.0,3.456564762130953,0
13,0,1.0,3.238901256602631,0
10,0,1.0,3.121928094887362,0
14,0,1.0833333333333333,3.2359263506290334,0
9,0,1.0,2.725480556997868,0
15,1,1.0,3.3232314287976203,0
11,0,1.0,2.8453509366224368,0
10,0,1.0,2.4464393446710155,0
14,0,1.0,3.3248629576173574,1
14,0,1.1818181818181819,2.950212064914748,0
15,1,1.0769230769230769,3.0565647621309537,0
12,0,1.0,3.2516291673878226,0
15,3,1.0,3.7735572622751845,0
15,1,1.0,3.7735572622751845,0
13,3,1.2,3.085055102756477,0
8,3,1.0,2.4056390622295662,0
8,1,1.0,3.0,0
11,0,1.0,2.663532754804255,0
12,0,1.0,3.084962500721156,0
14,0,1.0,3.521640636343319,0
10,0,1.0,2.9219280948873623,0
15,0,1.0,3.506890595608518,0
15,4,1.0,3.589898095464287,0
13,0,1.0,2.9312089489103235,0
8,0,1.0,3.0,0
10,2,1.0,2.9219280948873623,0
10,0,1.0,2.5219280948873624,0
6,2,1.0,2.2516291673878226,0
9,0,1.0,3.169925001442312,0
12,0,1.0,3.4182958340544896,0
7,0,1.0,2.5216406363433186,0
12,0,1.0,3.188721875540867,0
13,0,1.0909090909090908,3.3927474104487847,0
11,0,1.0,2.7321588913645707,0
15,1,1.0,3.3735572622751846,0
15,0,1.1666666666666667,3.240223928941852,0
10,0,1.0,2.8464393446710154,0
12,0,1.0,3.084962500721156,0
14,0,1.0,3.6644977792004623,0
14,0,1.0,3.182005814760214,0
13,0,1.0,3.180832987205441,0
14,0,1.0,3.3248629576173574,0
8,3,1.0,2.75,0
12,0,1.0,3.2516291673878226,0
9,0,1.0,2.94770277922009,0
10,0,1.0,2.9219280948873623,0
14,0,1.0,2.9852281360342516,0
9,2,1.0,2.9477027792200903,0
15,0,1.0,3.373557262275185,0
4,0,1.0,2.0,0
13,2,1.0909090909090908,2.931208948910323,0
11,0,1.0,2.9139770731827523,0
10,0,1.5,2.521928094887362,0
8,0,1.0,2.5,0
13,1,1.0,3.180832987205441,0
10,0,1.0,3.121928094887362,0
13,0,1.0,3.238901256602631,0
11,0,1.0,2.4040097573248604,0
9,0,1.0,3.169925001442312,0
15,0,1.0769230769230769,3.2729055953200556,0
14,0,1.0,3.6644977792004623,0
9,0,1.1428571428571428,2.725480556997868,0
12,1,1.0,3.2516291673878226,0
14,0,1.0,3.3248629576173574,0
7,0,1.0,2.521640636343318,0
10,0,1.0,2.9219280948873623,0
10,0,1.0,3.321928094887362,0
10,0,1.0,2.6464393446710153,0
9,0,1.0,2.94770277922009,0
14,1,1.0,3.182005814760214,0
14,0,1.0,3.1820058147602133,0
15,0,1.0,3.640223928941852,0
13,1,1.0,3.238901256602631,0
15,0,1.1666666666666667,2.840223928941852,0
9,9,1.0,3.169925001442312,0
14,4,1.0,3.521640636343319,0
8,0,1.0,2.75,0
11,0,1.0,2.9139770731827523,0
8,0,1.0,2.5,0
11,0,1.0,3.277613436819116,0
10,0,1.125,2.9219280948873623,0
11,0,1.0,3.2776134368191165,0
11,0,1.0,3.0957952550009344,0
12,0,1.0,3.2516291673878226,0
14,0,1.0,2.950212064914747,0
9,4,1.0,2.94770277922009,0
11,0,1.0,3.0957952550009344,0
4,0,1.0,2.0,0
12,0,1.0,3.2516291673878226,0
9,0,1.0,2.94770277922009,0
7,0,1.0,2.521640636343318,0
13,0,1.0,3.5465935642949384,0
10,0,1.0,3.321928094887362,0
8,0,1.0,3.0,0
11,8,1.1111111111111112,2.8453509366224368,0
15,8,1.0,3.323231428797621,0
15,0,1.0,3.506890595608518,0
12,0,1.0,2.751629167387823,0
14,0,1.0,3.6644977792004623,0
11,0,1.0,2.7321588913645702,0
12,1,1.0,3.584962500721156,0
10,0,1.0,3.121928094887362,0
14,0,1.0,3.182005814760214,0
9,0,1.0,3.169925001442312,0
15,4,1.0,3.373557262275185,0
8,0,1.0,2.75,0
11,0,1.1111111111111112,2.845350936622437,0
10,0,1.0,3.121928094887362,0
15,4,1.0,3.4565647621309536,0
13,0,1.0,3.5465935642949384,0
7,0,1.0,2.5216406363433186,0
10,0,1.0,2.9219280948873623,0
12,0,1.0,3.2516291673878226,0
10,2,1.0,2.5219280948873624,0
8,0,1.0,2.5,0
8,0,1.0,2.75,0
11,0,1.0,2.9139770731827523,0
9,2,1.0,2.725480556997868,0
8,2,1.0,2.75,0
13,0,1.0,3.3927474104487847,0
14,0,1.0,2.8423709931771093,0
8,0,1.0,3.0,0
8,3,1.1666666666666667,2.5,0
9,0,1.0,2.9477027792200903,0
7,0,1.0,2.807354922057604,0
8,0,1.0,3.0,0
14,0,1.0,3.6644977792004623,0
15,5,1.0,3.5068905956085183,0
14,0,1.0,3.2359263506290334,0
9,0,1.0,2.94770277922009,0
13,0,1.0,3.238901256602631,0
12,0,1.0,3.0849625007211556,0
10,0,1.0,2.9219280948873623,0
15,8,1.0769230769230769,3.323231428797621,0
15,4,1.0,3.240223928941852,0
15,0,1.0,3.373557262275185,0
13,0,1.0,3.3927474104487847,0
12,0,1.1,2.688721875540867,0
10,0,1.0,2.6464393446710153,0
14,1,1.0,3.6644977792004623,0
12,4,1.1,3.0220552088742,0
12,0,1.1,2.8553885422075336,0
14,0,1.0,3.378783493486176,0
9,0,1.0,2.725480556997868,0
15,1,1.0,3.640223928941851,0
14,0,1.0,3.3248629576173574,0
13,0,1.0,3.180832987205441,0
12,0,1.0,2.855388542207534,0
6,0,1.0,2.2516291673878226,0
9,0,1.0,2.94770277922009,0
7,0,1.0,2.5216406363433186,0
13,0,1.0,3.238901256602631,0
14,0,1.0,3.2359263506290326,0
8,0,1.0,3.0,0
13,0,1.0909090909090908,3.0269868333592873,0
11,0,1.0,3.459431618637298,0
7,1,1.0,2.807354922057604,0
10,0,1.0,2.921928094887362,0
13,1,1.2,3.0850551027564768,0
9,3,1.0,3.169925001442312,0
11,1,1.0,2.9139770731827523,0
14,0,1.0833333333333333,2.549523459597832,0
4,2,1.0,2.0,0
11,1,1.1111111111111112,2.2998963911678914,0
10,0,1.0,2.9219280948873623,0
13,0,1.0,3.5465935642949384,0
13,0,1.0,3.0269868333592873,0
12,0,1.0,2.9182958340544896,0
9,3,1.0,2.725480556997868,0
11,0,1.0,3.277613436819116,0
8,0,1.0,2.5,0
11,1,1.0,3.2776134368191165,0
15,2,1.1666666666666667,3.506890595608518,0
14,0,1.0,2.7534343861887853,0
11,0,1.0,2.9139770731827523,0
13,0,1.0,3.180832987205441,0
11,0,1.0,3.027169118440619,0
12,0,1.0,2.8553885422075336,0
15,0,1.0,3.373557262275185,0
8,0,1.0,3.0,0
15,0,1.0,3.5068905956085183,0
14,0,1.0,3.3248629576173574,0
9,0,1.0,2.2810361125534233,0
10,0,1.0,3.321928094887362,0
15,0,1.0,3.4565647621309536,0
13,0,1.0909090909090908,2.931208948910323,0
6,0,1.0,2.251629167387823,0
11,0,1.0,3.277613436819116,0
15,0,1.0769230769230769,2.973557262275185,0
12,0,1.1,3.0220552088742005,0
14,0,1.0,3.378783493486176,0
8,0,1.0,2.75,0
6,0,1.0,2.251629167387823,0
11,0,1.0,3.2776134368191165,0
9,0,1.0,2.725480556997868,0
6,1,1.0,2.584962500721156,0
7,0,1.0,2.521640636343318,0
12,0,1.0,3.418295834054489,0
14,4,1.0,3.182005814760214,0
12,2,1.1,3.0849625007211556,0
12,2,1.1,3.2516291673878226,0
7,2,1.0,2.807354922057604,0
8,0,1.0,2.75,0
9,6,1.0,2.9477027792200903,0
11,0,1.0,2.8453509366224368,0
12,0,1.0,3.0849625007211556,0
12,0,1.0,3.418295834054489,0
8,0,1.0,2.4056390622295662,0
12,0,1.0,3.418295834054489,0
11,0,1.0,3.027169118440619,0
10,0,1.0,3.321928094887362,0
6,0,1.0,2.584962500721156,0
10,0,1.0,2.9219280948873623,0
12,0,1.0,3.584962500721156,0
8,0,1.0,2.75,0
13,0,1.0,3.5465935642949384,0
7,0,1.0,2.807354922057604,0
15,0,1.0,3.506890595608518,0
11,0,1.0,3.277613436819116,0
13,0,1.0,3.5465935642949384,0
13,0,1.0,3.238901256602631,0
12,0,1.0,2.7516291673878226,0
15,0,1.0,3.323231428797621,0
14,3,1.0,3.2359263506290334,0
14,2,1.0,3.09306920777189,0
5,0,1.0,2.321928094887362,0
13,0,1.0,3.238901256602631,0
8,0,1.0,2.75,0
9,1,1.0,2.94770277922009,0
8,0,1.0,3.0,0
13,2,1.0,3.238901256602631,0
9,0,1.0,2.725480556997868,0
7,4,1.0,2.2359263506290326,0
10,0,1.0,2.5219280948873624,0
13,3,1.0,2.9689185639620974,0
10,0,1.0,2.721928094887362,0
15,0,1.0,3.189898095464287,0
12,0,1.0,3.584962500721156,0
12,0,1.1,3.2516291673878226,0
8,0,1.0,3.0,0
11,0,1.1111111111111112,2.663532754804255,0
14,0,1.0,3.3248629576173574,0
10,3,1.0,2.8464393446710154,0
9,0,1.0,2.94770277922009,0
13,0,1.0,3.180832987205441,1
15,0,1.0,3.640223928941852,0
7,4,1.0,2.807354922057604,0
12,0,1.0,3.2516291673878226,0
14,0,1.3,2.699513850319966,0
15,2,1.0,3.373557262275185,0
13,0,1.0,3.3927474104487847,0
10,0,1.0,2.9219280948873623,0
15,0,1.0769230769230769,3.106890595608518,0
12,0,1.0,3.0220552088742,0
9,0,1.0,2.94770277922009,0
12,0,1.0,3.418295834054489,0
14,0,1.0,3.6644977792004623,0
13,0,1.0,3.180832987205441,1
14,0,1.0,3.521640636343319,0
11,0,1.0,3.277613436819116,0
15,0,1.0,3.373557262275185,0
15,0,1.0,3.506890595608519,0
6,0,1.0,2.584962500721156,0
9,0,1.1428571428571428,2.725480556997868,0
15,0,1.0,3.5068905956085183,0
6,0,1.0,2.584962500721156,0
14,0,1.0,2.8962915290459277,0
10,0,1.0,2.8464393446710154,0
9,0,1.0,2.725480556997868,0
12,2,1.0,3.418295834054489,0
13,0,1.0,3.180832987205441,0
14,0,1.0,2.9852281360342516,0
14,0,1.0833333333333333,3.128085278891395,0
13,0,1.0,3.5465935642949384,0
12,0,1.2222222222222223,2.188721875540867,0
15,1,1.0,3.456564762130953,0
12,0,1.0,3.2516291673878226,0
10,4,1.0,3.321928094887362,0
11,2,1.0,3.459431618637298,0
14,2,1.0,3.182005814760214,0
10,0,1.0,2.8464393446710154,0
7,2,1.0,2.521640636343318,0
14,0,1.0,3.2359263506290334,0
9,2,1.0,3.169925001442312,0
13,0,1.0,3.180832987205441,0
13,0,1.0,3.3927474104487847,0
11,0,1.1111111111111112,2.663532754804255,0
12,3,1.0,2.9182958340544896,0
12,2,1.0,3.084962500721156,0
7,0,1.0,2.2359263506290326,0
12,2,1.1,3.0849625007211556,0
8,1,1.0,2.75,1
10,3,1.0,2.9219280948873623,0
13,0,1.0,3.238901256602631,0
12,3,1.1,3.2516291673878226,0
8,0,1.0,2.5,0
9,0,1.0,2.5032583347756456,0
15,0,1.0,3.5068905956085183,0
11,0,1.1111111111111112,2.8453509366224368,0
15,0,1.0,3.323231428797621,0
9,4,1.0,2.9477027792200903,0
13,2,1.0,3.5465935642949384,0
15,0,1.0,3.506890595608519,0
13,0,1.0,3.3927474104487847,0
10,0,1.0,2.8464393446710154,0
11,0,1.0,3.0957952550009344,0
10,0,1.0,2.4464393446710155,0
13,0,1.0,3.0269868333592873,0
14,3,1.0,3.521640636343319,0
15,0,1.0,3.3232314287976203,0
10,0,1.0,3.321928094887362,0
15,0,1.0,3.189898095464287,0
9,0,1.0,2.94770277922009,0
13,0,1.0,3.180832987205441,0
11,0,1.0,3.0957952550009344,0
14,0,1.0,3.3248629576173574,0
14,0,1.0,3.2359263506290334,0
12,0,1.0,3.084962500721156,0
10,0,1.0,2.9219280948873623,0
9,0,1.0,3.169925001442312,0
13,0,1.0,3.180832987205441,0
12,0,1.0,2.751629167387823,0
6,0,1.0,2.2516291673878226,0
11,0,1.0,3.095795255000934,0
12,0,1.0,3.2516291673878226,0
11,0,1.0,2.9139770731827523,0
11,0,1.0,3.459431618637298,0
10,0,1.0,3.121928094887362,0
12,2,1.0,3.2516291673878226,0
12,2,1.0,3.084962500721156,0
11,0,1.0,3.095795255000934,0
9,0,1.0,2.94770277922009,0
7,0,1.0,2.5216406363433186,0
13,0,1.0,3.5465935642949384,0
14,0,1.0,3.521640636343319,0
12,0,1.0,3.251629167387823,0
15,0,1.0769230769230769,2.923231428797621,0
13,0,1.0909090909090908,3.238901256602631,0
9,0,1.0,2.4193819456463714,0
9,0,1.0,2.94770277922009,0
8,2,1.0,2.75,0
13,0,1.0909090909090908,3.085055102756477,0
11,0,1.0,3.0957952550009344,0
8,3,1.0,2.5,0
15,1,1.0,3.373557262275185,0
13,0,1.0,3.392747410448785,0
10,4,1.0,3.121928094887362,0
15,0,1.0,3.506890595608519,0
14,3,1.0,3.2359263506290334,0
14,0,1.0,3.521640636343319,0
13,0,1.0,3.0850551027564768,0
8,2,1.0,2.75,0
15,0,1.0769230769230769,3.056564762130954,0
13,0,1.0,3.3927474104487847,0
11,0,1.0,3.095795255000934,0
15,0,1.0,3.3735572622751855,0
10,0,1.0,3.1219280948873624,0
6,0,1.0,2.2516291673878226,0
15,0,1.0,3.7735572622751845,0
13,0,1.0909090909090908,3.0269868333592873,0
11,2,1.0,3.0957952550009344,0
11,2,1.0,2.9139770731827523,0
9,0,1.0,2.725480556997868,0
13,0,1.0,3.238901256602631,0
15,2,1.0,3.4565647621309536,0
13,1,1.0,3.7004397181410926,0
10,0,1.0,2.9219280948873623,0
14,0,1.0,3.378783493486176,0
9,3,1.0,3.169925001442312,0
13,0,1.0,3.180832987205441,0
9,0,1.0,2.725480556997868,0
10,0,1.0,3.1219280948873624,0
14,0,1.0,3.039148671903071,0
14,3,1.0,3.2359263506290334,0
11,2,1.0,3.095795255000934,0
9,0,1.0,2.94770277922009,0
12,0,1.0,3.2516291673878226,0
14,0,1.0,3.521640636343319,0
14,0,1.0833333333333333,2.8962915290459286,0
15,2,1.0,3.640223928941851,0
10,3,1.0,3.321928094887362,0
10,0,1.0,3.121928094887362,0
12,0,1.0,3.0220552088742,0
13,0,1.0,3.546593564294939,0
15,0,1.0,3.640223928941851,0
9,0,1.0,2.94770277922009,0
9,0,1.0,3.169925001442312,0
11,0,1.0,3.277613436819116,0
11,0,1.0,3.459431618637298,0
14,2,1.0,3.3787834934861767,0
13,0,1.0,3.546593564294939,0
14,0,1.0,3.521640636343319,0
12,5,1.0,3.2516291673878226,0
11,0,1.0,3.0957952550009344,0
11,2,1.0,3.2776134368191165,0
7,0,1.0,2.807354922057604,0
13,0,1.0,3.5465935642949384,0
9,4,1.0,2.94770277922009,0
10,0,1.0,2.6464393446710153,0
7,0,1.0,2.807354922057604,0
9,0,1.1428571428571428,2.197159723424149,0
9,2,1.0,2.725480556997868,0
14,0,1.0,3.3787834934861767,0
9,0,1.0,2.94770277922009,0
8,2,1.0,3.0,0
12,0,1.1,2.3553885422075336,0
13,0,1.0,3.238901256602631,0
14,0,1.0,2.8423709931771093,0
14,0,1.0833333333333333,3.3787834934861767,0
13,0,1.0,2.9689185639620974,0
6,0,1.0,2.584962500721156,0
10,0,1.0,2.4464393446710155,0
15,0,1.0769230769230769,3.373557262275185,0
14,0,1.0,3.521640636343319,0
15,0,1.0,3.189898095464287,0
13,0,1.0,3.0269868333592873,0
6,0,1.0,2.584962500721156,0
11,0,1.0,3.095795255000934,0
11,0,1.0,3.277613436819116,0
13,8,1.0,2.8731406795131336,0
15,0,1.0769230769230769,2.9232314287976204,0
6,0,1.0,2.584962500721156,0
11,0,1.0,3.459431618637298,0
9,0,1.0,2.94770277922009,0
12,0,1.0,2.918295834054489,0
14,0,1.0,3.182005814760214,0
10,0,1.0,2.721928094887362,0
8,0,1.0,2.75,0
14,0,1.0,3.521640636343319,0
15,4,1.0769230769230769,3.4565647621309536,0
11,0,1.0,2.913977073182752,0
8,0,1.0,2.75,0
11,0,1.0,3.0957952550009344,0
14,4,1.0,3.378783493486176,0
15,1,1.0769230769230769,3.1395722619867223,0
10,2,1.0,2.921928094887362,0
11,0,1.0,2.663532754804255,0
11,0,1.0,2.9139770731827523,0
12,0,1.0,3.4182958340544896,0
10,0,1.0,3.321928094887362,0
10,0,1.0,3.121928094887362,0
14,0,1.1818181818181819,2.835237745312118,0
14,0,1.0,3.2359263506290334,0
11,0,1.0,3.0957952550009344,0
15,0,1.0,3.189898095464287,0
15,0,1.0,3.3735572622751855,0
7,0,1.0,2.521640636343318,0
8,0,1.0,3.0,0
10,0,1.0,3.1219280948873624,0
11,0,1.0,3.095795255000934,0
9,1,1.0,3.169925001442312,0
11,6,1.0,3.095795255000934,0
8,0,1.0,3.0,0
15,0,1.0,3.240223928941852,0
9,3,1.0,2.725480556997868,0
14,0,1.3,2.8352377453121176,0
9,0,1.0,2.94770277922009,0
15,0,1.0,3.3735572622751846,0
13,0,1.0909090909090908,3.238901256602631,0
12,0,1.1,3.0220552088742,0
10,0,1.0,2.8464393446710154,0
9,2,1.0,2.725480556997868,0
13,0,1.0,3.238901256602631,0
13,0,1.0,2.873140679513133,0
9,0,1.0,2.4193819456463714,0
14,1,1.0,3.3787834934861767,0
8,0,1.0,2.75,0
9,0,1.0,2.725480556997868,0
9,0,1.0,2.94770277922009,0
5,0,1.0,2.321928094887362,0
12,0,1.0,2.8553885422075336,0
11,2,1.0,2.8453509366224368,0
13,2,1.0,3.5465935642949384,0
13,0,1.0,3.3927474104487847,0
14,0,1.0833333333333333,3.182005814760214,0
7,2,1.0,2.807354922057604,0
11,1,1.1111111111111112,3.095795255000934,0
10,0,1.0,2.9219280948873623,0
11,0,1.1111111111111112,2.59490661824394,0
12,0,1.0,3.2516291673878226,0
10,2,1.0,3.121928094887362,0
11,0,1.0,3.027169118440619,0
13,3,1.0,3.546593564294939,0
12,0,1.0,3.084962500721156,0
15,0,1.0,3.373557262275185,0
14,4,1.0,3.3248629576173574,0
14,0,1.0,3.3787834934861767,0
7,0,1.0,2.2359263506290326,0
15,1,1.0,3.773557262275185,0
11,3,1.0,3.277613436819116,0
9,0,1.0,2.9477027792200903,0
7,0,1.0,2.807354922057604,1
12,0,1.0,3.2516291673878226,0
13,0,1.0,3.3927474104487847,0
8,0,1.1666666666666667,2.5,0
8,0,1.0,2.75,0
10,0,1.0,3.121928094887362,0
13,0,1.0,3.0269868333592873,0
12,1,1.0,3.2516291673878226,0
15,0,1.0,3.4565647621309536,0
9,0,1.0,2.94770277922009,0
13,0,1.0909090909090908,3.180832987205441,0
8,0,1.0,2.4056390622295662,0
10,0,1.0,2.9219280948873623,0
9,1,1.0,2.94770277922009,0
15,1,1.0769230769230769,3.2402239289418517,0
15,0,1.0769230769230769,3.506890595608518,0
13,4,1.0,3.3927474104487847,0
13,0,1.0,3.0269868333592873,0
15,0,1.0,3.32323142879762,0
6,0,1.0,2.2516291673878226,0
10,0,1.0,2.721928094887362,0
13,0,1.0,3.0269868333592873,0
8,0,1.0,2.75,0
6,0,1.0,2.2516291673878226,0
6,3,1.0,2.584962500721156,0
7,0,1.0,2.807354922057604,0
15,0,1.0769230769230769,3.506890595608518,0
10,0,1.0,3.121928094887362,0
12,0,1.1,3.2516291673878226,0
10,0,1.0,3.321928094887362,0
10,0,1.0,3.121928094887362,0
14,0,1.0833333333333333,2.835237745312118,0
11,1,1.0,3.277613436819116,0
8,0,1.0,2.75,0
15,2,1.0,3.32323142879762,0
14,0,1.0,3.521640636343319,0
11,0,1.1111111111111112,2.59490661824394,0
13,0,1.0,2.6235166412180155,0
11,0,1.0,3.027169118440619,0
11,0,1.1111111111111112,2.8453509366224368,0
10,2,1.0,2.7219280948873625,0
13,0,1.0909090909090908,3.0269868333592873,0
15,0,1.0,3.1898980954642875,0
15,0,1.0,3.323231428797621,0
6,2,1.0,2.2516291673878226,0
10,0,1.125,2.4464393446710155,0
9,0,1.0,2.725480556997868,0
10,0,1.0,2.9219280948873623,0
13,0,1.0909090909090908,3.180832987205441,0
11,0,1.0,3.459431618637298,0
10,0,1.0,3.121928094887362,0
6,3,1.0,2.251629167387823,0
8,1,1.0,2.75,0
13,0,1.0,3.3927474104487847,0
11,0,1.0,3.0957952550009344,0
13,1,1.0,3.5465935642949384,0
10,0,1.0,3.1219280948873624,0
15,0,1.1666666666666667,2.7329145639793975,0
12,0,1.0,3.2516291673878226,0
14,0,1.0833333333333333,3.09306920777189,0
12,0,1.0,3.418295834054489,0
13,0,1.0,3.3927474104487847,0
12,0,1.1,2.4508257945180887,0
15,0,1.0,3.906890595608518,0
10,2,1.0,2.7219280948873625,0
6,3,1.0,2.251629167387823,0
7,0,1.0,2.807354922057604,0
10,1,1.0,3.321928094887362,0
10,0,1.0,3.1219280948873624,0
6,3,1.0,2.584962500721156,0
15,0,1.0,3.32323142879762,0
9,0,1.0,3.169925001442312,0
9,0,1.0,2.9477027792200903,0
6,0,1.0,2.584962500721156,0
9,0,1.0,2.725480556997868,0
15,0,1.0,3.0565647621309537,0
12,0,1.0,3.2516291673878226,0
15,1,1.0769230769230769,3.3232314287976203,0
12,0,1.0,3.2516291673878226,0
11,0,1.1111111111111112,2.663532754804255,0
8,0,1.75,1.5,0
14,2,1.0,3.2359263506290334,0
13,0,1.0909090909090908,2.873140679513133,0
14,0,1.0833333333333333,3.2359263506290334,0
14,4,1.0833333333333333,3.3248629576173565,0
11,0,1.1111111111111112,2.9139770731827523,0
12,0,1.0,3.188721875540867,0
10,0,1.0,2.9219280948873623,0
8,0,1.0,3.0,0
11,0,1.1111111111111112,2.481714572986073,0
14,0,1.0,2.8962915290459286,0
8,0,1.0,3.0,0
9,0,1.0,2.9477027792200903,0
9,0,1.0,2.725480556997868,0
15,0,1.0769230769230769,3.0062389286533895,0
10,0,1.0,3.121928094887362,0
8,0,1.0,2.75,0
14,0,1.0,3.2359263506290334,0
15,0,1.0769230769230769,3.4565647621309536,0
6,0,1.0,2.584962500721156,0
12,0,1.0,3.2516291673878226,0
7,2,1.0,2.807354922057604,0
15,0,1.0769230769230769,3.139572261986723,0
11,0,1.0,3.095795255000934,0
13,0,1.0,2.9312089489103235,0
3,0,1.0,1.584962500721156,0
13,0,1.0,3.3927474104487847,0
11,0,1.0,3.0957952550009344,0
9,0,1.0,2.4193819456463714,0
9,0,1.0,2.4193819456463714,0
12,0,1.0,3.2516291673878226,0
12,0,1.0,2.688721875540867,0
10,0,1.0,2.9219280948873623,0
8,0,1.0,2.75,0
11,0,1.0,3.0957952550009344,0
14,2,1.0833333333333333,3.2359263506290334,0
14,0,1.0,3.182005814760214,0
11,2,1.0,3.027169118440619,0
13,0,1.0,3.238901256602631,0
15,1,1.0,3.3232314287976203,0
11,0,1.0,3.027169118440619,0
7,0,1.0,2.521640636343318,0
15,0,1.0,3.006238928653389,0
9,0,1.0,2.94770277922009,0
9,6,1.0,2.725480556997868,0
11,0,1.0,3.0957952550009344,0
13,1,1.0,2.9689185639620974,0
8,4,1.0,3.0,0
10,1,1.0,3.121928094887362,0
10,5,1.0,3.321928094887362,0
13,2,1.0,3.238901256602631,0
12,0,1.0,3.084962500721156,0
9,1,1.0,2.725480556997868,0
7,0,1.0,2.2359263506290326,0
12,0,2.75,1.207518749639422,0
11,0,1.0,3.277613436819116,0
10,0,1.0,3.121928094887362,0
14,0,1.0,3.6644977792004623,0
8,0,1.0,3.0,0
13,2,1.0,3.180832987205441,0
15,1,1.1666666666666667,3.0565647621309533,0
10,0,1.0,3.321928094887362,0
6,0,1.0,2.2516291673878226,0
12,0,1.0,2.9182958340544896,0
11,0,1.1111111111111112,3.0957952550009344,0
10,0,1.125,2.4464393446710155,0
13,3,1.0,3.180832987205441,0
12,5,1.0,3.418295834054489,0
14,0,1.0833333333333333,3.521640636343319,0
13,2,1.0,3.3927474104487847,0
9,1,1.0,2.725480556997868,0
7,4,1.0,2.521640636343318,0
12,0,1.0,3.2516291673878226,0
9,0,1.1428571428571428,2.725480556997868,0
12,0,1.0,3.4182958340544896,0
14,0,1.0,3.378783493486176,0
14,0,1.0,3.039148671903071,0
14,0,1.0,3.4677201004745006,0
8,2,1.0,3.0,0
13,2,1.0,3.180832987205441,0
9,2,1.0,3.169925001442312,0
12,0,1.1,3.188721875540867,0
8,0,1.0,2.75,0
11,0,1.0,3.2776134368191165,0
7,0,1.0,2.2359263506290326,0
11,0,1.0,2.7321588913645702,0
14,0,1.0,3.378783493486176,0
12,2,1.0,3.4182958340544896,0
11,0,1.0,3.027169118440619,0
14,0,1.0,3.3248629576173574,0
11,2,1.0,3.277613436819116,0
12,2,1.0,3.0849625007211556,0
15,0,1.0,3.3232314287976203,0
14,2,1.0,3.2359263506290326,0
14,0,1.0,3.378783493486176,0
7,0,1.0,2.5216406363433186,0
12,0,1.0,3.2516291673878226,0
10,0,1.0,3.121928094887362,0
13,0,1.0,3.5465935642949384,0
9,0,1.0,2.94770277922009,0
12,0,1.1,3.0220552088742,0
10,2,1.0,3.321928094887362,0
10,0,1.0,3.121928094887362,0
12,2,1.0,3.418295834054489,0
6,0,1.0,2.2516291673878226,0
11,0,1.0,3.0957952550009344,0
8,0,1.0,2.4056390622295662,0
6,2,1.0,2.584962500721156,0
12,0,1.2222222222222223,2.251629167387823,0
13,0,1.0,3.3927474104487847,0
6,0,1.0,2.584962500721156,0
14,0,1.0,3.521640636343319,0
8,0,1.0,3.0,0
11,0,1.1111111111111112,2.845350936622437,0
10,0,1.125,2.9219280948873623,0
10,0,1.0,2.846439344671015,0
9,0,1.0,2.503258334775646,0
15,0,1.2727272727272727,2.923231428797621,0
11,0,1.0,3.459431618637298,0
15,3,1.0,3.5068905956085183,0
9,0,1.0,2.6416041678685933,0
13,3,1.0,3.180832987205441,0
9,0,1.0,3.169925001442312,0
7,2,1.0,2.5216406363433186,0
12,0,1.0,3.188721875540867,0
8,0,1.0,3.0,0
14,0,1.0,3.3787834934861767,0
11,0,1.0,3.095795255000934,0
10,0,1.0,2.9219280948873623,0
15,0,1.0769230769230769,3.5068905956085183,0
11,0,1.0,3.095795255000934,0
7,0,1.0,2.5216406363433186,0
9,1,1.0,2.94770277922009,0
11,0,1.1111111111111112,2.7321588913645702,0
10,1,1.0,2.9219280948873623,0
12,3,1.0,3.418295834054489,0
12,0,1.0,2.751629167387823,0
11,0,1.0,2.8453509366224368,0
12,0,1.0,2.584962500721156,0
10,0,1.0,3.121928094887362,0
14,0,1.0833333333333333,3.2359263506290334,0
8,0,1.0,2.75,0
8,2,1.0,2.75,0
15,0,1.0,3.373557262275185,0
6,0,1.0,2.2516291673878226,0
7,4,1.0,2.521640636343318,0
9,0,1.1428571428571428,2.5032583347756456,0
15,4,1.0,3.640223928941851,0
9,0,1.0,2.725480556997868,0
9,0,1.1428571428571428,2.5032583347756456,0
15,0,1.0,3.506890595608518,0
15,0,1.0,3.506890595608518,0
8,0,1.0,3.0,0
7,0,1.0,2.5216406363433186,0
15,2,1.0,3.5068905956085183,0
9,0,1.0,2.94770277922009,0
8,0,1.0,2.4056390622295662,0
12,0,1.1,2.8553885422075336,0
10,4,1.125,2.7219280948873625,0
10,0,1.0,3.121928094887362,0
10,0,1.0,3.121928094887362,0
10,0,1.0,3.321928094887362,0
10,0,1.0,2.9219280948873623,0
12,0,1.0,3.0220552088742,0
12,1,1.0,3.418295834054489,0
15,1,1.0,3.506890595608518,0
15,0,1.0,3.5068905956085183,0
13,0,1.0,3.085055102756477,0
15,1,1.0769230769230769,3.189898095464287,0
15,0,1.0769230769230769,3.189898095464287,0
15,0,1.0,3.5068905956085183,0
13,0,1.0,3.238901256602631,0
13,0,1.0909090909090908,3.3927474104487847,0
11,0,1.0,3.459431618637298,0
10,0,1.0,2.9219280948873623,0
10,0,1.0,2.8464393446710154,0
7,0,1.0,2.1280852788913944,0
10,0,1.2857142857142858,2.3709505944546687,0
13,2,1.2,2.66122625626979,0
11,0,1.0,3.277613436819116,0
4,2,1.0,2.0,0
13,0,1.0909090909090908,2.8150724101159437,0
8,0,1.0,2.5,0
15,0,1.0,2.973557262275185,0
11,0,1.0,3.277613436819116,0
9,0,1.0,2.94770277922009,0
14,0,1.0,3.378783493486176,0
13,1,1.0,3.3927474104487847,0
12,0,1.0,2.6258145836939115,0
12,0,1.0,3.188721875540867,0
12,0,1.0,3.2516291673878226,0
10,0,1.0,2.9219280948873623,0
9,0,1.0,2.725480556997868,0
6,0,1.0,2.584962500721156,0
11,0,1.0,3.095795255000934,0
12,4,1.0,3.4182958340544896,0
11,0,1.0,3.095795255000934,0
9,0,1.0,2.4193819456463714,0
13,1,1.0,3.085055102756477,0
11,0,1.1111111111111112,2.8453509366224368,0
9,0,1.3333333333333333,2.197159723424149,0
9,2,1.0,3.169925001442312,0
13,0,1.0,2.931208948910323,0
12,0,1.0,3.2516291673878226,0
14,3,1.0,3.4677201004745006,0
14,0,1.0,2.7534343861887853,0
13,0,1.0,3.180832987205441,0
10,2,1.0,2.9219280948873623,0
15,0,1.0769230769230769,3.1329145639793974,0
10,0,1.125,2.921928094887362,0
15,2,1.0769230769230769,3.2402239289418517,0
11,0,1.0,3.2776134368191165,0
7,0,1.0,2.2359263506290326,0
11,0,1.0,3.277613436819116,0
12,0,1.0,3.2516291673878226,0
12,0,1.0,2.8553885422075336,0
12,0,1.0,3.0220552088742,0
11,0,1.0,2.8453509366224368,0
15,0,1.0,3.3735572622751855,0
14,1,1.0,3.521640636343319,0
10,0,1.0,2.9219280948873623,0
10,0,1.125,2.6464393446710153,0
8,0,1.0,2.5,0
7,0,1.0,2.521640636343318,0
11,0,1.0,3.277613436819116,0
15,0,1.0,2.923231428797621,0
13,0,1.0909090909090908,3.3927474104487847,0
14,0,1.0833333333333333,3.3248629576173565,0
10,0,1.0,2.9219280948873623,0
14,0,1.0833333333333333,3.182005814760214,0
13,0,1.0,3.238901256602631,0
12,0,1.1,2.8553885422075336,0
13,0,1.0909090909090908,2.9312089489103235,1
15,2,1.0,3.589898095464287,0
10,0,1.0,2.9219280948873623,0
15,2,1.0,3.456564762130953,0
8,0,1.0,2.75,0
12,0,1.0,3.2516291673878226,0
7,0,1.0,2.5216406363433186,0
14,0,1.0,3.3787834934861767,0
10,0,1.125,2.721928094887362,0
12,0,1.0,3.2516291673878226,0
10,0,1.0,2.9219280948873623,0
11,0,1.0,3.2776134368191165,0
8,0,1.0,3.0,0
11,0,1.0,3.095795255000934,0
15,2,1.0,3.7735572622751845,0
14,0,1.0,3.182005814760214,0
13,0,1.0,3.3927474104487847,0
13,2,1.0,3.238901256602631,0
9,0,1.0,2.94770277922009,0
15,0,1.0,3.506890595608518,0
12,1,1.0,3.418295834054489,0
8,0,1.0,2.75,0
12,0,1.0,3.0220552088742005,0
14,0,1.0,3.3787834934861767,0
15,0,1.0,3.640223928941852,0
15,0,1.0,3.3232314287976203,0
12,0,1.0,3.4182958340544896,0
9,4,1.0,2.725480556997868,0
9,0,1.0,2.6416041678685933,0
15,0,1.0,3.2402239289418517,0
11,0,1.0,3.027169118440619,0
9,0,1.0,2.6416041678685933,0
15,1,1.0,3.373557262275185,0
13,0,1.0,3.5465935642949384,0
11,0,1.0,3.277613436819116,0
10,4,1.0,3.1219280948873624,0
11,0,1.0,3.459431618637298,0
14,0,1.0833333333333333,3.182005814760214,0
14,2,1.1818181818181819,2.8073549220576046,0
9,0,1.0,2.94770277922009,0
10,1,1.125,2.9219280948873623,0
8,0,1.0,3.0,0
8,0,1.0,3.0,0
9,3,1.0,2.725480556997868,0
12,0,1.0,2.918295834054489,0
13,0,1.0,3.3927474104487847,0
12,0,1.0,3.0849625007211556,0
15,0,1.0769230769230769,3.3232314287976203,0
15,5,1.0,3.5068905956085183,0
7,2,1.0,2.521640636343318,0
11,0,1.0,2.9139770731827523,0
11,0,1.25,2.6635327548042547,0
14,0,1.0,3.2359263506290334,0
10,0,1.0,2.9219280948873623,0
12,0,1.1,3.084962500721156,0
14,0,1.0,3.2359263506290334,0
12,0,1.1,3.084962500721156,0
14,0,1.0,3.521640636343319,0
15,0,1.0,3.3735572622751855,0
14,0,1.0833333333333333,3.182005814760214,0
11,0,1.0,2.663532754804255,0
14,0,1.0,3.182005814760214,0
14,0,1.0833333333333333,3.182005814760214,0
14,0,1.0,3.6644977792004623,0
10,0,1.0,2.7219280948873625,0
15,0,1.0,3.506890595608519,0
11,4,1.0,3.095795255000934,0
10,0,1.0,2.921928094887362,0
11,0,1.0,3.459431618637298,0
13,0,1.0909090909090908,3.0850551027564768,0
13,0,1.0,3.238901256602631,0
11,0,1.0,2.9139770731827523,0
14,0,1.0,3.521640636343319,0
13,0,1.0,3.238901256602631,0
10,0,1.125,2.5219280948873624,0
9,0,1.0,2.94770277922009,0
11,0,1.0,3.0957952550009344,0
7,1,1.0,2.5216406363433186,0
15,1,1.0,3.773557262275185,0
9,1,1.0,2.94770277922009,0
13,0,1.0,3.546593564294939,0
8,0,1.0,2.75,0
13,0,1.0,3.238901256602631,0
14,0,1.0,3.521640636343319,0
14,0,1.0,3.2359263506290334,0
11,0,1.1111111111111112,2.663532754804255,0
13,0,1.0,3.238901256602631,0
11,0,1.0,3.095795255000934,0
13,0,1.0909090909090908,2.6535442970305687,0
11,0,1.0,2.8453509366224368,0
13,0,1.0,3.5465935642949384,0
14,0,1.0,2.950212064914747,0
13,0,1.0,3.3927474104487847,0
13,0,1.0,3.238901256602631,0
11,0,1.0,3.459431618637298,0
14,0,1.0833333333333333,3.3248629576173574,0
15,0,1.0,3.32323142879762,0
9,0,1.0,2.94770277922009,0
15,0,1.0,3.0062389286533895,0
12,0,1.0,3.418295834054489,0
11,3,1.0,3.095795255000934,0
13,9,1.0909090909090908,2.9312089489103235,0
8,0,1.0,3.0,0
6,0,1.0,2.584962500721156,0
12,0,1.0,2.688721875540867,0
9,0,1.0,2.94770277922009,0
14,0,1.0,3.3248629576173565,0
11,0,1.0,3.277613436819116,0
14,0,1.0,3.521640636343319,0
6,0,1.0,2.584962500721156,0
9,0,1.0,3.169925001442312,0
5,0,1.0,2.321928094887362,0
13,0,1.0,3.0269868333592873,0
12,2,1.0,3.2516291673878226,0
13,0,1.0,3.238901256602631,0
11,0,1.1111111111111112,2.9139770731827523,0
10,0,1.0,3.121928094887362,0
12,0,1.1,3.0220552088742005,0
12,0,1.0,3.2516291673878226,0
14,0,1.0,3.378783493486176,0
12,0,1.0,3.2516291673878226,0
15,0,1.0,3.5068905956085183,0
14,0,1.0,2.7534343861887853,0
15,0,1.0,3.640223928941851,0
14,0,1.0833333333333333,3.182005814760214,0
15,0,1.0,3.1898980954642875,0
7,0,1.0,2.521640636343318,0
15,3,1.0,3.1395722619867223,0
14,3,1.0,3.182005814760214,0
10,2,1.0,3.121928094887362,0
6,0,1.0,2.584962500721156,0
5,1,1.0,2.321928094887362,0
14,1,1.0,3.182005814760214,0
14,0,1.0,3.2359263506290334,0
7,0,1.0,2.521640636343318,0
13,0,1.0,3.238901256602631,0
11,0,1.0,3.0957952550009344,0
10,0,1.0,2.9219280948873623,0
12,0,1.1,2.918295834054489,0
12,0,1.0,2.7516291673878226,0
13,0,1.0909090909090908,3.3927474104487847,0
15,5,1.0,3.640223928941851,0
9,0,1.0,2.725480556997868,0
14,4,1.0,3.521640636343319,0
8,0,1.0,2.5,0
14,0,1.0,3.3787834934861767,0
9,0,1.0,2.725480556997868,0
13,0,1.0909090909090908,3.0269868333592873,0
13,0,1.0909090909090908,3.180832987205441,0
11,0,1.0,3.095795255000934,0
8,0,1.0,2.75,0
7,0,1.0,1.9502120649147465,0
12,0,1.0,3.084962500721156,0
8,0,1.0,2.75,0
9,0,1.0,2.725480556997868,0
9,0,1.0,2.94770277922009,0
12,0,1.0,3.0849625007211556,0
14,0,1.0,3.378783493486176,0
5,3,1.0,1.9219280948873623,0
14,4,1.0,3.6644977792004623,0
14,0,1.0,3.182005814760214,0
13,3,1.0,3.238901256602631,0
7,0,1.0,2.521640636343318,0
11,0,1.0,3.095795255000934,0
6,0,1.0,2.584962500721156,0
12,0,1.0,3.084962500721156,0
13,0,1.0,3.3927474104487847,0
8,0,1.0,2.75,0
15,4,1.0,3.189898095464287,0
15,0,1.0769230769230769,2.973557262275185,0
12,0,1.1,2.7516291673878226,0
14,0,1.0833333333333333,2.896291529045928,0
6,2,1.0,2.584962500721156,0
7,0,1.0,2.807354922057604,0
9,0,1.0,2.94770277922009,0
6,0,1.0,2.584962500721156,0
12,0,1.1,2.918295834054489,0
6,2,1.0,2.584962500721156,0
15,0,1.0769230769230769,3.456564762130954,0
9,2,1.0,3.169925001442312,0
15,0,1.0,3.3232314287976203,0
12,0,1.0,3.4182958340544896,0
12,0,1.0,3.2516291673878226,0
10,0,1.0,3.121928094887362,0
12,1,1.0,3.188721875540867,0
9,0,1.0,3.169925001442312,0
10,0,1.0,3.121928094887362,0
13,0,1.0,3.3927474104487847,0
11,0,1.25,2.9139770731827523,0
9,0,1.0,2.6416041678685933,0
9,0,1.0,2.94770277922009,1
12,0,1.0,3.2516291673878226,0
14,0,1.0,3.3787834934861767,0
15,0,1.0,3.32323142879762,0
15,0,1.0,3.456564762130954,0
10,0,1.0,2.4464393446710155,0
9,0,1.0,3.169925001442312,0
14,0,1.0833333333333333,3.2359263506290334,0
14,0,1.0,3.3787834934861767,0
13,0,1.0,3.3927474104487847,0
7,1,1.0,2.807354922057604,0
9,2,1.0,2.9477027792200903,0
7,4,1.0,2.807354922057604,0
13,0,1.0,3.180832987205441,0
13,0,1.0,3.180832987205441,0
11,0,1.0,3.095795255000934,0
14,0,1.0,3.8073549220576055,0
9,0,1.0,2.5032583347756456,0
12,0,1.5714285714285714,2.125814583693911,0
9,0,1.0,2.94770277922009,0
11,0,1.0,3.277613436819116,0
13,0,1.0,3.238901256602631,0
10,0,1.0,2.9219280948873623,0
4,1,1.0,2.0,0
14,5,1.0,3.52164063634332,0
11,0,1.0,3.459431618637298,0
8,2,1.0,3.0,0
9,4,1.0,2.725480556997868,0
14,0,1.0,3.521640636343319,0
10,1,1.0,3.121928094887362,0
13,0,1.0,3.3927474104487847,0
13,0,1.0,3.0850551027564768,0
9,0,1.0,2.94770277922009,0
11,0,1.1111111111111112,2.8453509366224368,0
11,0,1.0,2.845350936622437,0
10,0,1.0,3.121928094887362,0
8,0,1.0,3.0,0
13,0,1.0,3.7004397181410926,0
15,0,1.0,3.2402239289418517,0
15,0,1.0769230769230769,3.3232314287976203,0
11,0,1.0,3.2776134368191165,0
10,0,1.125,2.921928094887362,0
14,1,1.0,3.521640636343319,0
11,1,1.0,3.0957952550009344,0
15,0,1.0769230769230769,3.3735572622751846,0
13,0,1.0,3.085055102756477,0
10,0,1.0,3.121928094887362,0
9,0,1.0,2.725480556997868,0
6,0,1.0,2.2516291673878226,0
13,0,1.0,3.180832987205441,0
10,1,1.0,2.8464393446710154,0
11,0,1.0,2.9139770731827523,0
13,0,1.0,3.5465935642949384,0
10,0,1.0,2.8464393446710154,0
6,1,1.0,1.9182958340544893,0
11,0,1.0,3.459431618637298,0
12,0,1.0,3.418295834054489,0
13,2,1.0,3.238901256602631,0
10,0,1.0,2.6464393446710153,0
15,0,1.0,3.640223928941851,0
13,0,1.0,3.5465935642949384,0
15,0,1.0769230769230769,2.9232314287976204,0
8,2,1.0,2.75,0
10,0,1.0,2.7219280948873625,0
12,0,1.1,2.7516291673878226,0
12,0,1.1,3.0220552088742,0
15,0,1.0,3.773557262275185,0
15,0,1.0769230769230769,3.139572261986723,0
11,0,1.0,2.9139770731827523,0
15,0,1.0769230769230769,3.139572261986723,0
14,0,1.0,3.182005814760214,0
12,0,1.0,2.855388542207534,0
14,0,1.0,3.09306920777189,0
15,0,1.1666666666666667,2.8402239289418523,0
13,0,1.0,3.238901256602631,0
12,0,1.5714285714285714,2.418295834054489,0
13,2,1.0,3.5465935642949384,0
13,0,1.0,3.3927474104487847,1
12,1,1.0,3.584962500721156,0
10,0,1.0,3.321928094887362,0
11,0,1.0,3.0957952550009344,0
8,0,1.0,2.75,0
13,0,1.0909090909090908,3.392747410448785,0
12,0,1.0,3.2516291673878226,0
15,0,1.0,3.373557262275185,0
8,0,1.0,2.75,0
15,0,1.0769230769230769,3.4565647621309536,0
10,0,1.5,2.5219280948873624,0
11,0,1.0,2.7321588913645707,0
11,0,1.0,3.277613436819116,0
10,0,1.0,3.1219280948873624,0
11,0,1.0,2.5949066182439395,0
15,0,1.0,3.4565647621309536,0
14,0,1.0,3.2359263506290326,0
14,0,1.0,3.378783493486176,0
11,0,1.0,3.459431618637298,0
8,0,1.0,2.75,0
13,2,1.0909090909090908,3.0269868333592873,0
10,0,1.0,3.121928094887362,0
9,0,1.0,2.725480556997868,0
7,0,1.0,2.521640636343318,0
14,0,1.0,3.3248629576173574,0
5,2,1.0,2.321928094887362,0
12,0,1.1,2.8553885422075336,0
9,0,1.0,3.169925001442312,0
12,0,1.1,2.918295834054489,0
13,0,1.0909090909090908,3.238901256602631,0
14,0,1.0833333333333333,3.2359263506290334,0
8,0,1.0,2.75,0
14,0,1.0,3.2359263506290334,0
7,0,1.0,2.807354922057604,0
7,2,1.0,2.807354922057604,0
15,0,1.0,3.323231428797621,0
15,1,1.0,3.906890595608518,0
12,0,1.0,3.2516291673878226,0
7,0,1.0,2.5216406363433186,0
15,1,1.0769230769230769,3.189898095464287,0
12,0,1.0,2.792481250360578,0
15,0,1.0769230769230769,3.1395722619867223,0
10,1,1.0,2.9219280948873623,0
12,4,1.0,3.2516291673878226,0
13,0,1.0,3.546593564294939,0
15,0,1.1666666666666667,3.0565647621309537,0
10,0,1.0,2.9219280948873623,0
15,4,1.0,3.32323142879762,0
14,0,1.1818181818181819,2.950212064914747,0
8,0,1.0,2.4056390622295662,0
9,0,1.0,2.94770277922009,0
12,1,1.0,3.4182958340544896,0
14,0,1.0833333333333333,2.7534343861887853,0
15,0,1.0,3.5068905956085183,0
8,0,1.0,2.75,0
10,0,1.0,3.1219280948873624,0
10,0,1.0,3.121928094887362,0
8,0,1.0,2.4056390622295662,0
15,4,1.0769230769230769,3.3232314287976203,0
7,0,1.0,2.807354922057604,0
12,0,1.1,3.084962500721156,0
10,0,1.0,3.321928094887362,0
8,0,1.0,2.75,0
14,0,1.0,3.521640636343319,0
7,1,1.0,2.807354922057604,0
15,0,1.0769230769230769,3.3735572622751855,0
12,0,1.0,3.084962500721156,0
13,0,1.0,3.546593564294939,0
7,2,1.0,2.807354922057604,0
15,0,2.8,1.9219280948873623,0
14,0,1.0,3.378783493486176,0
14,4,1.0,3.378783493486176,0
8,0,1.0,3.0,0
11,0,1.0,2.913977073182752,0
12,0,1.0,3.084962500721156,0
15,0,1.0,3.506890595608519,0
10,2,1.0,3.321928094887362,0
13,0,1.0,3.238901256602631,0
13,2,1.0,3.5465935642949384,0
11,0,1.0,3.277613436819116,0
15,0,1.0,3.3735572622751846,0
10,0,1.0,3.121928094887362,0
13,0,1.0,3.3927474104487847,0
10,0,1.0,3.1219280948873624,0
12,0,1.0,3.084962500721156,0
14,4,1.0,3.3787834934861767,0
15,1,1.0,3.506890595608519,0
9,0,1.0,2.94770277922009,0
9,0,1.0,2.94770277922009,0
14,0,1.0,3.378783493486176,0
8,1,1.0,2.75,0
11,0,1.0,2.9139770731827523,0
9,0,1.0,2.9477027792200903,0
9,2,1.0,2.6416041678685933,0
15,0,1.0,3.240223928941852,0
8,0,1.0,2.5,0
7,1,1.0,2.807354922057604,0
9,0,1.0,2.94770277922009,0
12,0,1.0,3.2516291673878226,0
12,1,1.0,3.084962500721156,0
15,1,1.0,3.5068905956085183,0
15,1,1.5555555555555556,3.1068905956085184,0
14,2,1.0833333333333333,3.3248629576173574,0
10,0,1.0,2.9219280948873623,1
15,1,1.0,3.189898095464287,0
11,0,1.0,3.2776134368191165,0
14,0,1.0,3.378783493486176,0
12,0,1.0,3.2516291673878226,0
12,2,1.0,3.418295834054489,0
14,0,1.0,3.3787834934861767,0
12,1,1.0,3.584962500721156,0
12,0,1.0,3.4182958340544896,0
12,0,1.0,3.0220552088742,0
12,0,1.0,3.418295834054489,0
8,0,1.0,2.5,0
10,4,1.0,2.9219280948873627,0
9,0,1.0,2.6416041678685933,0
14,0,1.0,3.3248629576173574,0
13,0,1.0,3.238901256602631,0
9,0,1.0,2.725480556997868,0
6,0,1.0,2.584962500721156,0
14,0,1.0,3.378783493486176,0
14,0,1.0,3.182005814760214,0
9,0,1.1428571428571428,2.4193819456463714,0
8,0,1.0,3.0,0
12,0,1.0,3.2516291673878226,0
9,0,1.0,2.725480556997868,0
8,3,1.0,3.0,0
10,0,1.0,2.9219280948873623,0
13,0,1.0,3.3927474104487847,0
8,0,1.0,2.75,0
11,0,1.0,3.095795255000934,0
14,0,1.0833333333333333,2.8962915290459277,0
8,0,1.0,2.75,0
8,0,1.0,2.75,0
13,0,1.0,3.238901256602631,0
12,0,1.1,2.7516291673878226,0
9,2,1.0,2.94770277922009,0
7,0,1.0,2.807354922057604,0
10,0,1.0,3.321928094887362,0
13,4,1.0,3.180832987205441,0
12,0,1.0,2.8553885422075336,0
11,0,1.0,3.0957952550009344,0
9,0,1.0,3.169925001442312,0
13,0,1.0,3.3927474104487847,0
10,4,1.0,2.6464393446710153,0
13,0,1.0,3.238901256602631,0
10,0,1.0,2.721928094887362,0
11,4,1.0,3.2776134368191165,0
11,0,1.0,3.277613436819116,0
15,2,1.0,3.506890595608518,0
13,0,1.0,3.5465935642949384,0
12,0,1.0,3.2516291673878226,0
15,2,1.0,3.906890595608518,0
10,0,1.0,2.8464393446710154,0
10,0,1.0,3.321928094887362,0
14,0,1.0,3.3248629576173574,0
12,0,1.0,3.084962500721156,0
15,4,1.0,3.456564762130954,0
9,0,1.0,3.169925001442312,0
15,0,1.0,3.3735572622751846,0
10,0,1.0,3.321928094887362,0
11,2,1.0,3.277613436819116,0
13,0,1.0,3.7004397181410926,0
12,0,1.2222222222222223,2.2841591278514217,0
9,0,1.3333333333333333,2.113283334294875,0
11,0,1.0,3.277613436819116,0
15,0,1.0,3.323231428797621,0
9,0,1.0,2.9477027792200903,0
14,0,1.0,3.6644977792004623,0
9,0,1.3333333333333333,2.058813890331201,0
8,0,1.0,2.75,0
12,0,1.5714285714285714,2.4591479170272446,0
13,0,1.0,3.238901256602631,0
9,0,1.0,2.94770277922009,0
8,0,1.0,2.4056390622295662,0
12,0,1.0,3.2516291673878226,0
11,1,1.1111111111111112,3.0957952550009344,0
12,0,1.0,3.418295834054489,0
11,2,1.0,3.459431618637298,0
8,1,1.0,3.0,0
13,0,1.0,3.3927474104487847,0
14,1,1.0,3.1820058147602133,0
15,1,1.0769230769230769,2.8729055953200557,0
8,0,1.0,3.0,0
12,2,1.0,3.418295834054489,0
15,1,1.0,3.4565647621309536,0
15,0,1.0,3.4565647621309536,0
14,0,1.0,3.2359263506290334,0
9,3,1.0,2.9477027792200903,0
12,0,1.0,2.8553885422075336,0
10,0,1.0,2.7219280948873625,0
11,0,1.0,3.095795255000934,0
11,0,1.0,3.459431618637298,0
14,1,1.0,3.3787834934861767,0
8,0,1.0,3.0,0
10,0,1.0,3.121928094887362,0
11,0,1.0,2.663532754804255,0
10,0,1.0,3.321928094887362,0
8,0,1.0,2.75,0
5,0,1.0,1.9219280948873623,0
8,0,1.0,2.75,1
12,0,1.0,3.2516291673878226,0
6,0,1.0,2.2516291673878226,0
11,0,1.0,3.2776134368191165,1
6,0,1.0,1.9182958340544893,0
10,0,1.0,3.121928094887362,0
9,0,1.0,3.169925001442312,0
8,2,1.0,3.0,0
11,2,1.0,3.459431618637298,0
8,5,1.0,2.75,0
10,0,1.0,2.9219280948873623,0
5,0,1.0,2.321928094887362,1
13,0,1.0,3.3927474104487847,0
9,1,1.0,3.169925001442312,0
14,0,1.0,3.2359263506290334,0
11,0,1.0,2.59490661824394,0
9,0,1.0,2.5032583347756456,0
14,2,1.0,3.521640636343319,0
14,2,1.0,3.521640636343319,0
10,0,1.0,2.9219280948873623,0
11,0,1.25,2.5503407095463886,0
11,0,1.0,3.095795255000934,0
13,0,1.0909090909090908,3.0269868333592873,0
10,0,1.0,2.6464393446710153,0
10,0,1.0,3.321928094887362,0
10,0,1.0,2.921928094887362,0
10,1,1.0,2.9219280948873623,0
13,0,1.0,3.7004397181410926,1
7,0,1.0,2.807354922057604,0
13,2,1.0,2.931208948910323,0
15,0,1.0,3.4565647621309536,0
10,0,1.0,3.121928094887362,0
15,0,1.0769230769230769,3.006238928653389,0
13,0,1.0,3.085055102756477,0
9,0,1.0,2.5032583347756456,0
12,0,1.0,2.617492461184755,0
14,0,1.0,3.521640636343319,0
14,1,1.0,3.521640636343319,0
11,0,1.0,2.8453509366224368,0
12,0,1.0,3.0220552088742,0
14,0,1.0,3.3248629576173574,0
8,4,1.0,2.75,0
8,0,1.0,2.75,0
15,0,1.0,3.3735572622751855,0
12,0,1.0,2.688721875540867,0
9,0,1.0,3.169925001442312,0
8,0,1.0,2.75,0
8,0,1.0,2.75,0
15,2,1.0,3.589898095464287,0
13,0,1.0,3.180832987205441,0
7,1,1.0,2.5216406363433186,0
10,0,1.0,2.9219280948873623,0
8,2,1.0,3.0,0
11,0,1.0,3.277613436819116,0
14,0,1.0,3.3787834934861767,0
10,0,1.0,2.921928094887362,0
8,0,1.0,2.5,0
14,0,1.0,3.182005814760214,0
15,0,1.2727272727272727,3.0565647621309546,0
15,1,1.0,3.456564762130954,0
13,1,1.0,3.238901256602631,0
14,0,1.0,3.521640636343319,0
12,0,1.1,2.792481250360578,0
9,0,1.0,2.5032583347756456,0
12,2,1.1,3.0220552088742,0
6,0,1.0,2.584962500721156,0
12,0,1.0,2.6258145836939115,0
15,0,1.1666666666666667,3.0565647621309537,0
9,0,1.0,2.94770277922009,0
13,0,1.2,3.0269868333592873,0
10,0,1.0,2.9219280948873623,0
15,2,1.0,3.640223928941851,0
5,0,1.0,2.321928094887362,0
9,0,1.0,2.94770277922009,0
14,0,1.0,3.521640636343319,0
9,0,1.0,2.94770277922009,0
12,0,1.0,3.2516291673878226,0
13,0,1.0,3.0269868333592873,0
9,0,1.0,2.6416041678685933,1
12,0,1.0,3.418295834054489,0
9,0,1.0,2.94770277922009,0
9,0,1.0,3.169925001442312,0
15,0,1.0,3.3232314287976203,0
13,0,1.0909090909090908,3.0269868333592873,0
8,2,1.0,3.0,0
7,0,1.0,2.5216406363433186,0
11,0,1.0,3.095795255000934,0
11,0,1.0,3.095795255000934,0
13,0,1.0,3.180832987205441,0
10,0,1.0,3.321928094887362,0
8,0,1.1666666666666667,1.75,0
9,3,1.0,2.94770277922009,0
10,0,1.0,2.8464393446710154,0
15,1,1.0769230769230769,3.3735572622751846,0
12,0,1.0,3.4182958340544896,0
14,0,1.0,3.521640636343319,0
15,0,1.0,3.506890595608518,0
13,0,1.0,3.3927474104487847,0
14,0,1.0,3.3248629576173574,0
14,0,1.0,3.378783493486176,0
8,0,1.0,2.75,0
9,0,1.0,2.725480556997868,0
13,0,1.0,3.0850551027564768,0
12,0,1.0,2.8553885422075336,0
9,0,1.0,2.725480556997868,0
10,0,1.0,3.1219280948873624,0
8,0,1.0,3.0,0
5,0,1.0,1.9219280948873623,0
10,0,1.0,3.321928094887362,0
14,0,1.0,3.3787834934861767,0
12,0,1.0,2.584962500721156,0
15,0,1.0769230769230769,3.189898095464287,0
10,1,1.0,3.121928094887362,0
10,0,1.0,2.9219280948873623,0
13,0,1.0,3.085055102756477,0
9,0,1.0,2.725480556997868,0
9,0,1.0,2.94770277922009,0
13,0,1.0,3.238901256602631,0
10,0,1.0,3.121928094887362,0
7,0,1.0,2.2359263506290326,0
10,0,1.0,2.9219280948873623,0
7,0,1.0,2.807354922057604,0
9,1,1.0,3.169925001442312,0
9,0,1.1428571428571428,2.725480556997868,0
11,0,1.1111111111111112,2.9139770731827523,0
14,0,1.0,3.039148671903071,0
12,4,1.0,3.2516291673878226,0
15,0,1.0769230769230769,3.32323142879762,0
12,1,1.0,3.084962500721156,0
11,2,1.0,3.459431618637298,0
10,0,1.0,2.8464393446710154,0
14,0,1.0,3.521640636343319,0
9,4,1.6,1.8365916681089791,0
14,3,1.0,3.3248629576173574,0
9,0,1.0,3.169925001442312,0
13,0,1.0,3.085055102756477,0
15,1,1.5555555555555556,2.840223928941852,0
10,0,1.0,3.321928094887362,0
9,0,1.0,2.94770277922009,0
13,0,1.0,3.238901256602631,0
14,0,1.0,3.6644977792004623,0
9,0,1.0,2.6416041678685933,0
14,1,1.0,3.09306920777189,0
13,0,1.0909090909090908,3.0269868333592873,0
9,0,1.0,2.9477027792200903,0
14,0,1.0833333333333333,3.182005814760214,0
15,0,1.0769230769230769,3.189898095464287,0
15,0,1.0,3.4565647621309536,0
10,1,1.0,2.8464393446710154,0
14,0,1.0,3.378783493486176,0
9,0,1.1428571428571428,2.6416041678685938,0
9,0,1.0,2.725480556997868,0
15,0,1.0,3.5068905956085183,0
15,2,1.0,3.589898095464287,0
13,0,1.0,2.9689185639620974,0
11,0,1.1111111111111112,3.0957952550009344,0
9,0,1.0,2.94770277922009,0
13,0,1.0,2.9312089489103235,0
10,0,1.0,2.9219280948873623,0
14,3,1.0,3.6644977792004623,0
7,0,1.0,2.807354922057604,0
15,8,1.0,3.3232314287976203,0
8,1,1.0,2.75,0
11,0,1.0,3.0957952550009344,0
15,0,1.0,3.189898095464287,0
10,0,1.0,3.321928094887362,0
10,0,1.0,3.1219280948873624,0
12,0,1.2222222222222223,2.188721875540867,0
10,2,1.0,3.321928094887362,0
9,0,1.0,3.169925001442312,0
9,0,1.0,2.94770277922009,0
11,0,1.0,2.9139770731827523,0
15,3,1.0,3.773557262275185,0
12,0,1.0,3.084962500721156,0
7,0,1.0,2.2359263506290326,0
15,0,1.2727272727272727,3.3735572622751846,0
12,2,1.0,3.2516291673878226,0
15,0,1.0,3.189898095464287,0
14,0,1.0,3.3248629576173565,0
12,0,1.0,3.0220552088742,0
10,0,1.125,2.6464393446710153,1
12,0,1.2222222222222223,2.8553885422075336,0
12,0,1.1,2.918295834054489,0
11,0,1.0,2.6635327548042547,0
10,0,1.0,3.121928094887362,0
8,0,1.0,3.0,0
15,3,1.0,3.2729055953200556,0
15,0,1.1666666666666667,2.606238928653389,0
13,0,1.0,3.0269868333592873,0
13,0,1.0,2.9312089489103235,0
12,0,1.0,3.418295834054489,0
9,1,1.0,2.94770277922009,0
13,0,1.0,3.7004397181410926,0
9,0,1.3333333333333333,1.836591668108979,0
8,0,1.0,2.75,0
14,0,1.0833333333333333,2.7534343861887853,0
15,0,1.2727272727272727,2.7329145639793975,0
15,1,1.0769230769230769,3.373557262275185,0
11,0,1.0,3.2776134368191165,0
9,0,1.0,2.725480556997868,0
10,0,1.0,3.121928094887362,0
8,0,1.0,2.5,0
8,0,1.0,2.5,0
10,0,1.0,2.9219280948873623,0
12,0,1.0,3.084962500721156,0
11,0,1.0,3.2776134368191165,0
15,0,1.1666666666666667,3.189898095464287,0
9,1,1.0,2.94770277922009,0
15,1,1.0,3.5068905956085183,0
7,0,1.0,2.5216406363433186,0
10,0,1.0,2.7219280948873625,0
10,0,1.0,2.7219280948873625,0
13,3,1.0,3.180832987205441,0
10,0,1.0,2.9219280948873623,0
13,3,1.0,3.7004397181410926,0
9,0,1.0,2.94770277922009,0
14,0,1.0,3.378783493486176,0
10,0,1.0,3.321928094887362,0
13,0,1.0,2.9312089489103235,0
15,0,1.0,3.5068905956085183,0
10,1,1.0,3.121928094887362,0
14,0,1.0,3.521640636343319,0
15,0,1.0,3.4565647621309536,0
11,0,1.0,3.2776134368191165,0
14,2,1.0,3.521640636343319,0
14,0,1.4444444444444444,2.556656707462823,0
15,0,1.0,3.640223928941852,0
9,0,1.0,2.725480556997868,0
12,0,1.2222222222222223,2.355388542207534,0
14,0,1.0,3.3248629576173574,0
13,2,1.0,3.3927474104487847,0
15,2,1.0,3.506890595608518,0
11,0,1.0,3.277613436819116,0
11,0,1.1111111111111112,2.7321588913645707,0
14,0,1.0,3.3787834934861767,0
9,0,1.0,2.94770277922009,0
9,0,1.1428571428571428,2.197159723424149,0
13,0,1.0,3.7004397181410926,0
8,0,1.0,2.75,0
11,0,1.1111111111111112,2.9139770731827523,0
14,0,1.0,3.521640636343319,0
15,0,1.0,3.640223928941852,0
8,2,1.0,3.0,0
8,0,1.1666666666666667,2.25,0
13,0,1.0,3.0269868333592873,0
12,0,1.0,3.584962500721156,0
9,0,1.0,2.725480556997868,0
10,0,1.0,3.321928094887362,0
11,0,1.0,3.095795255000934,0
11,0,1.0,2.845350936622437,0
8,0,1.1666666666666667,2.5,0
15,0,1.1666666666666667,3.1395722619867223,0
5,0,1.0,2.321928094887362,0
8,0,1.0,2.75,0
12,0,1.1,2.8553885422075336,0
7,0,1.0,2.5216406363433186,0
15,0,1.0,3.4565647621309536,0
7,0,1.0,2.807354922057604,0
6,0,1.0,2.584962500721156,0
14,0,1.0,3.52164063634332,0
14,0,1.0,3.521640636343319,0
9,4,1.0,2.9477027792200903,0
12,3,1.0,3.2516291673878226,0
9,0,1.0,2.94770277922009,0
9,0,1.0,2.5032583347756456,0
13,0,1.0909090909090908,3.180832987205441,0
11,5,1.0,2.8453509366224368,0
8,0,1.1666666666666667,2.5,0
8,1,1.0,3.0,0
12,0,1.0,3.0220552088742,0
11,0,1.0,2.6635327548042547,0
10,0,1.0,3.121928094887362,0
8,2,1.0,3.0,0
7,0,1.0,2.807354922057604,0
8,0,1.0,2.75,0
12,0,1.0,3.584962500721156,0
14,0,1.0,3.6644977792004623,0
15,0,1.0,3.640223928941851,0
14,0,1.0,3.3248629576173574,0
13,3,1.0909090909090908,3.0269868333592873,0
11,0,1.0,3.2776134368191165,0
7,0,1.0,2.5216406363433186,0
13,0,1.0909090909090908,3.180832987205441,0
7,6,1.0,2.2359263506290326,0
12,0,1.0,3.2516291673878226,0
11,0,1.0,2.663532754804255,0
13,4,1.0,3.3927474104487847,0
15,0,1.0,3.323231428797621,0
12,0,1.1,3.084962500721156,0
13,4,1.0,3.3927474104487847,0
15,1,1.0,3.5068905956085183,0
7,1,1.0,2.5216406363433186,0
14,1,1.0,3.521640636343319,0
15,0,1.0,3.189898095464287,0
12,0,1.0,3.0220552088742005,0
14,0,1.1818181818181819,3.2359263506290334,0
8,1,1.0,2.75,0
14,0,1.0833333333333333,3.182005814760214,0
13,0,1.0,3.238901256602631,0
9,0,1.0,2.94770277922009,0
15,0,1.0,3.2402239289418517,0
15,1,1.0,3.640223928941851,0
9,0,1.0,2.94770277922009,0
7,0,1.0,2.807354922057604,0
14,0,1.0833333333333333,3.128085278891395,0
11,0,1.0,3.095795255000934,0
11,0,1.0,3.095795255000934,0
15,3,1.0,3.773557262275185,0
13,0,1.0,3.238901256602631,0
9,0,1.0,2.94770277922009,0
8,1,1.0,3.0,1
9,0,1.0,2.725480556997868,0
10,2,1.0,3.121928094887362,0
13,0,1.0,3.5465935642949384,0
6,0,1.0,2.584962500721156,0
15,0,1.0769230769230769,3.2729055953200556,0
11,0,1.0,2.8453509366224368,0
14,0,1.0,3.039148671903071,0
12,0,1.0,3.084962500721156,0
13,0,1.0,3.0269868333592873,0
12,0,1.0,3.418295834054489,0
15,0,1.0769230769230769,3.0062389286533895,0
14,2,1.0,3.521640636343319,0
15,0,1.0,3.589898095464287,0
15,0,1.0,3.2402239289418517,0
15,2,1.0,3.373557262275185,0
15,4,1.0,3.7735572622751845,0
9,0,1.0,3.169925001442312,0
15,2,1.0,3.240223928941852,0
9,0,1.0,2.94770277922009,0
13,1,1.0,3.180832987205441,0
11,2,1.0,3.459431618637298,0
15,0,1.2727272727272727,3.0062389286533895,0
11,0,1.0,3.095795255000934,0
14,0,1.0,3.039148671903071,0
11,0,1.25,2.481714572986073,0
12,1,1.0,3.418295834054489,0
9,0,1.0,3.169925001442312,0
12,0,1.0,3.2516291673878226,0
10,4,1.125,2.721928094887362,0
11,1,1.1111111111111112,2.9139770731827523,0
13,0,1.0,2.8731406795131336,0
12,0,1.0,3.418295834054489,0
7,0,1.0,2.5216406363433186,0
13,0,1.0,3.1808329872054406,0
10,0,1.0,2.8464393446710154,0
10,0,1.0,2.8464393446710154,0
8,0,1.0,2.75,0
11,0,1.0,3.095795255000934,0
14,0,1.0833333333333333,2.9852281360342516,0
13,0,1.0,3.180832987205441,0
10,0,1.0,3.321928094887362,0
9,4,1.0,3.169925001442312,0
8,3,1.0,2.5,0
12,0,1.0,3.2516291673878226,0
9,2,1.0,2.725480556997868,0
15,0,1.0,3.5068905956085183,0
12,0,1.1,3.084962500721156,0
7,1,1.0,1.8423709931771088,0
12,0,1.2222222222222223,2.4591479170272446,0
11,0,1.0,2.5503407095463886,0
13,4,1.0,3.546593564294939,0
8,4,1.0,3.0,0
7,0,1.0,2.5216406363433186,0
9,0,1.0,2.725480556997868,0
12,2,1.5714285714285714,2.084962500721156,0
15,0,1.0,3.189898095464287,0
11,2,1.0,3.277613436819116,0
14,0,1.0,3.3787834934861767,0
13,0,1.0909090909090908,3.085055102756477,0
11,1,1.0,3.277613436819116,0
15,0,1.0,3.3735572622751855,0
12,1,1.0,3.418295834054489,0
12,0,1.0,2.688721875540867,0
12,0,1.0,3.2516291673878226,0
8,0,1.1666666666666667,2.25,0
12,0,1.1,2.688721875540867,0
12,0,1.0,3.188721875540867,0
10,4,1.0,3.1219280948873624,0
15,0,1.0,2.923231428797621,0
10,0,1.0,2.6464393446710157,0
13,0,1.0909090909090908,3.0269868333592873,0
11,0,1.0,3.277613436819116,0
13,1,1.0,3.085055102756477,0
13,0,1.0,3.3927474104487847,0
12,0,1.0,3.2516291673878226,0
11,0,1.0,3.0957952550009344,0
12,2,1.1,2.8553885422075336,0
12,1,1.0,3.188721875540867,0
12,0,1.0,3.2516291673878226,0
3,0,1.0,1.584962500721156,0
7,0,1.0,2.521640636343318,0
9,2,1.0,3.169925001442312,0
14,0,1.0,3.182005814760214,0
7,0,1.0,2.2359263506290326,0
10,0,1.0,3.121928094887362,0
14,0,1.0,3.09306920777189,0
10,0,1.0,3.121928094887362,0
12,0,1.0,3.584962500721156,0
11,2,1.0,3.277613436819116,0
7,0,1.0,2.5216406363433186,0
11,0,1.0,3.095795255000934,0
9,2,1.0,3.169925001442312,0
11,1,1.0,3.277613436819116,0
14,0,1.0,3.521640636343319,0
11,0,1.1111111111111112,2.8453509366224368,0
13,2,1.0,3.3927474104487847,0
11,0,1.0,2.845350936622437,0
12,0,1.1,2.4508257945180882,0
11,0,1.0,3.0957952550009344,0
7,0,1.2,2.128085278891394,0
12,0,1.0,3.0220552088742,0
15,4,1.0769230769230769,3.189898095464287,0
8,0,1.0,2.75,0
11,0,1.0,3.0957952550009344,0
15,8,1.0,3.906890595608518,0
15,0,1.0,3.506890595608518,0
14,0,1.0,3.521640636343319,0
9,0,1.0,3.169925001442312,0
13,0,1.0,3.180832987205441,0
8,0,1.0,3.0,0
10,3,1.0,2.9219280948873623,0
15,0,1.0,3.106890595608518,0
9,0,1.0,2.725480556997868,0
11,0,1.0,3.277613436819116,0
9,0,1.0,2.94770277922009,0
10,0,1.0,2.9219280948873623,0
15,1,1.0,3.1898980954642866,0
7,0,1.0,2.807354922057604,0
7,3,1.0,2.5216406363433186,0
12,0,1.0,3.584962500721156,0
8,0,1.0,2.75,0
12,0,1.0,2.918295834054489,0
10,0,1.0,2.9219280948873623,0
15,0,1.0,3.3735572622751855,0
11,0,1.1111111111111112,2.8453509366224368,1
15,0,1.0,3.640223928941851,0
7,0,1.0,2.807354922057604,0
15,0,1.0,3.2402239289418517,0
10,0,1.0,3.321928094887362,0
10,0,1.0,2.6464393446710153,0
8,0,1.0,2.5,0
12,3,1.0,3.418295834054489,0
12,0,1.1,3.084962500721156,0
14,0,1.0,2.753434386188785,0
15,0,1.0,3.506890595608518,0
15,0,1.0,3.32323142879762,0
6,0,1.0,2.584962500721156,0
10,0,1.0,3.121928094887362,0
7,0,1.2,2.235926350629032,0
12,0,1.0,3.2516291673878226,0
11,0,1.0,3.459431618637298,0
7,0,1.0,2.5216406363433186,0
10,0,1.0,3.121928094887362,0
11,2,1.1111111111111112,2.913977073182752,0
13,0,1.0,3.5465935642949384,0
13,0,1.0909090909090908,3.085055102756477,0
10,2,1.0,2.6464393446710153,0
6,0,1.0,2.584962500721156,0
13,0,1.0,3.238901256602631,0
15,0,1.0769230769230769,3.1395722619867223,0
8,1,1.0,3.0,0
8,0,1.0,2.75,0
15,0,1.1666666666666667,3.1068905956085184,0
13,0,1.0,2.9689185639620974,0
13,0,1.0,3.238901256602631,0
8,0,1.0,2.75,0
9,0,1.0,2.725480556997868,0
8,0,1.0,2.75,0
12,0,1.0,3.0220552088742005,0
10,0,1.0,3.121928094887362,0
9,0,1.0,3.169925001442312,0
13,0,1.0,3.546593564294939,0
15,0,1.0,3.506890595608518,0
10,0,1.0,2.9219280948873623,0
14,2,1.0833333333333333,2.7534343861887853,0
12,0,1.0,3.2516291673878226,0
11,0,1.0,3.095795255000934,0
12,0,1.0,3.0220552088742005,0
10,0,1.0,3.121928094887362,0
10,0,1.0,2.9219280948873623,0
13,0,1.0,3.546593564294939,0
7,0,1.0,2.807354922057604,0
12,0,1.1,3.0849625007211556,1
13,2,1.0,3.3927474104487847,0
14,2,1.0,3.2359263506290326,0
15,0,1.0,3.373557262275185,0
9,2,1.0,3.169925001442312,0
9,0,1.0,2.94770277922009,0
11,0,1.0,3.0957952550009344,0
13,0,1.0,2.9689185639620974,0
9,0,1.0,2.725480556997868,0
15,4,1.0769230769230769,2.973557262275186,0
10,0,1.0,3.121928094887362,0
12,0,1.0,2.8553885422075336,0
8,0,1.0,2.5,0
8,0,1.0,2.75,0
12,1,1.0,3.2516291673878226,0
11,0,1.0,3.277613436819116,0
10,0,1.0,2.8464393446710154,0
11,0,1.0,3.277613436819116,0
9,0,1.0,2.6416041678685933,0
6,0,1.0,1.9182958340544896,0
14,4,1.0,3.09306920777189,0
15,0,1.0,3.3232314287976203,0
6,3,1.0,2.584962500721156,0
8,0,1.0,3.0,0
11,3,1.0,3.2776134368191165,0
12,0,1.0,3.2516291673878226,0
13,0,1.0,3.5465935642949384,0
11,0,1.0,3.0957952550009344,0
6,0,1.0,2.584962500721156,0
13,0,1.0909090909090908,3.238901256602631,0
9,0,1.0,3.169925001442312,0
8,0,1.0,2.75,0
7,0,1.0,2.807354922057604,0
10,3,1.0,2.9219280948873623,0
12,0,1.1,3.084962500721156,0
12,0,1.0,3.584962500721156,0
10,0,1.0,2.9219280948873623,0
10,0,1.0,3.121928094887362,0
10,0,1.0,2.9219280948873623,0
12,0,1.0,3.584962500721156,0
12,3,1.0,3.584962500721156,0
15,0,1.0769230769230769,3.4565647621309536,0
11,0,1.0,3.2776134368191165,0
6,0,1.0,2.2516291673878226,0
12,0,1.0,3.418295834054489,0
11,0,1.0,3.0957952550009344,0
10,0,1.0,2.6464393446710157,0
14,0,1.0,3.521640636343319,0
13,0,1.0,3.392747410448785,0
8,0,1.0,2.75,0
12,0,1.0,3.418295834054489,0
10,0,1.0,2.5219280948873624,0
10,0,1.0,3.121928094887362,0
10,2,1.0,3.1219280948873624,0
12,0,1.1,3.0849625007211556,0
11,0,1.0,2.9139770731827523,0
7,0,1.0,2.2359263506290326,0
8,0,1.0,2.4056390622295662,0
15,0,1.0,3.139572261986723,1
9,0,1.0,2.503258334775646,0
9,0,1.0,2.725480556997868,0
15,0,1.0,3.5068905956085183,0
9,0,1.0,2.2810361125534233,0
10,4,1.0,3.1219280948873624,0
10,0,1.0,2.6464393446710157,0
11,0,1.0,2.5503407095463886,0
8,2,1.0,3.0,0
15,0,1.0,3.139572261986723,0
14,0,1.0,3.3787834934861767,0
12,2,1.0,3.584962500721156,0
11,4,1.25,2.186704345910025,0
13,0,1.0,2.8150724101159437,0
9,0,1.1428571428571428,2.2810361125534238,0
15,1,1.0,3.1395722619867223,0
15,0,1.0769230769230769,3.3735572622751846,0
9,0,1.1428571428571428,2.6416041678685938,0
11,0,1.0,2.845350936622437,0
8,0,1.0,2.75,0
9,4,1.0,3.169925001442312,0
14,0,1.0,3.6644977792004623,0
11,0,1.0,2.9139770731827523,0
7,0,1.0,2.521640636343318,0
15,0,1.0,3.272905595320056,0
9,0,1.0,2.94770277922009,0
11,0,1.0,2.9139770731827523,0
12,1,1.0,3.0220552088742,0
14,0,1.0,3.3787834934861767,0
8,0,1.0,2.5,0
8,0,1.0,2.5,0
7,0,1.0,2.807354922057604,0
15,0,1.0,3.3735572622751855,0
13,0,1.0909090909090908,2.7773627950641697,0
15,0,1.0,3.1898980954642875,0
8,0,1.0,2.75,0
10,0,1.0,3.121928094887362,0
9,0,1.3333333333333333,2.2810361125534238,0
8,0,1.0,2.75,0
12,0,1.0,3.188721875540867,0
9,0,1.0,2.725480556997868,0
13,0,1.0,2.873140679513133,0
13,0,1.0,3.3927474104487847,0
15,0,1.0,3.5068905956085183,0
9,2,1.0,2.94770277922009,0
14,0,1.0,3.039148671903071,0
8,1,1.0,2.75,0
14,0,1.0,3.182005814760214,0
8,0,1.4,2.1556390622295662,0
14,0,1.0,3.182005814760214,0
11,0,1.0,3.0957952550009344,0
15,0,1.0,3.4565647621309536,0
11,0,1.1111111111111112,2.845350936622437,0
10,0,1.0,2.8464393446710154,0
11,0,1.0,3.277613436819116,0
9,0,1.0,2.94770277922009,0
11,0,1.1111111111111112,2.8453509366224368,0
11,1,1.0,3.459431618637298,0
8,0,1.0,2.5,0
15,2,1.0769230769230769,3.506890595608518,0
13,0,1.0909090909090908,2.71929452566698,0
15,0,1.0,3.640223928941851,0
14,0,1.0,3.09306920777189,0
13,0,1.0,3.238901256602631,0
14,3,1.0,3.521640636343319,0
13,0,1.0,3.3927474104487847,0
15,0,1.0769230769230769,3.32323142879762,0
11,1,1.0,3.0957952550009344,0
11,0,1.25,2.413088436425758,0
12,3,1.0,3.418295834054489,0
15,0,1.0,3.2402239289418517,0
9,8,1.0,2.725480556997868,0
5,0,1.0,2.321928094887362,0
14,0,1.0,3.6644977792004623,0
12,7,1.0,3.2516291673878226,0
8,3,1.0,2.75,0
10,0,1.0,3.321928094887362,0
12,0,1.0,3.4182958340544896,0
10,0,1.0,2.721928094887362,0
6,3,1.0,2.584962500721156,0
15,2,1.0,3.2402239289418517,0
13,0,1.0,3.3927474104487847,0
11,0,1.0,3.277613436819116,0
12,0,1.0,3.2516291673878226,0
7,0,1.0,2.807354922057604,0
11,0,1.0,3.0957952550009344,0
15,0,1.0,3.2402239289418517,0
15,0,1.0,3.373557262275185,0
12,0,1.0,3.084962500721156,0
10,2,1.0,2.9219280948873623,0
10,0,1.0,3.121928094887362,0
11,0,1.0,3.2776134368191165,0
7,3,1.0,2.807354922057604,0
11,0,1.0,3.095795255000934,0
4,0,1.0,1.5,0
10,0,1.0,3.121928094887362,0
14,6,1.0,3.2359263506290326,0
9,0,1.0,2.725480556997868,0
14,0,1.0,3.378783493486176,0
8,2,1.0,3.0,0
15,1,1.0,3.323231428797621,0
15,1,1.0,3.5898980954642865,0
9,0,1.0,2.94770277922009,0
6,0,1.0,2.2516291673878226,0
14,0,1.0833333333333333,2.8073549220576046,0
14,4,1.0,3.521640636343319,0
11,1,1.0,3.2776134368191165,0
12,0,1.0,3.418295834054489,0
14,2,1.0,3.3248629576173574,0
11,0,1.0,2.663532754804255,0
9,0,1.3333333333333333,2.5032583347756456,0
14,0,1.0,3.3787834934861767,0
9,2,1.0,2.94770277922009,0
10,0,1.0,3.321928094887362,0
12,0,1.0,2.751629167387823,0
13,0,1.0909090909090908,3.085055102756477,0
12,0,1.0,3.084962500721156,0
8,0,1.0,3.0,0
9,0,1.0,2.6416041678685933,0
12,0,1.5714285714285714,2.4591479170272446,0
13,1,1.0,3.3927474104487847,0
8,2,1.0,3.0,0
11,0,1.0,3.277613436819116,0
12,0,1.0,3.418295834054489,0
9,0,1.0,3.169925001442312,0
13,2,1.0,3.334679141051595,0
9,3,1.0,2.94770277922009,0
9,0,1.0,3.169925001442312,0
13,0,1.0909090909090908,3.238901256602631,0
11,2,1.1111111111111112,3.095795255000934,0
10,0,1.0,3.121928094887362,0
15,2,1.0,3.6402239289418516,0
11,0,1.0,3.027169118440619,0
12,0,1.0,3.418295834054489,0
13,4,1.0,3.3927474104487847,0
10,0,1.0,2.9219280948873623,0
13,0,1.0,3.180832987205441,0
15,4,1.0,3.373557262275185,0
12,0,1.0,3.0849625007211556,0
8,0,1.0,2.75,0
6,0,1.0,2.584962500721156,0
12,0,1.0,3.2516291673878226,0
15,0,1.0,3.5068905956085183,0
10,0,1.0,2.8464393446710154,0
11,2,1.0,3.277613436819116,0
11,0,1.0,3.0957952550009344,0
10,0,1.0,2.9219280948873623,0
12,0,1.0,3.188721875540867,0
9,0,1.1428571428571428,2.4193819456463714,0
12,2,1.0,2.9182958340544896,0
15,0,1.0,3.5068905956085183,0
9,0,1.0,2.725480556997868,0
10,0,1.0,3.1219280948873624,0
14,1,1.1818181818181819,2.950212064914747,0
8,2,1.0,3.0,0
8,0,1.0,3.0,0
9,2,1.0,2.94770277922009,0
8,0,1.0,2.75,0
14,0,1.0833333333333333,2.8962915290459286,0
14,0,1.0,3.6644977792004623,0
14,2,1.0,3.3248629576173574,0
10,0,1.0,3.321928094887362,0
11,0,1.0,3.459431618637298,0
6,0,1.0,2.2516291673878226,0
12,0,1.1,3.084962500721156,0
8,0,1.0,2.4056390622295662,0
11,0,1.0,3.277613436819116,0
10,0,1.0,3.121928094887362,0
12,0,1.0,3.418295834054489,0
7,0,1.0,2.521640636343318,0
12,0,1.0,2.6887218755408666,0
12,0,1.0,3.2516291673878226,0
10,0,1.0,3.321928094887362,0
12,1,1.1,2.8553885422075336,0
13,0,1.0909090909090908,3.3927474104487847,0
13,2,1.0,3.238901256602631,0
15,0,1.0769230769230769,3.006238928653389,0
12,0,1.1,3.2516291673878226,0
10,0,1.0,2.446439344671015,0
11,0,1.0,2.845350936622437,0
11,0,1.25,2.913977073182752,0
15,2,1.0,3.3735572622751846,0
15,2,1.0,3.906890595608518,0
11,0,1.0,3.0957952550009344,0
10,0,1.0,3.121928094887362,0
11,0,1.0,2.9139770731827523,0
10,0,1.0,2.5219280948873624,0
12,2,1.0,3.0849625007211556,0
8,0,1.0,2.5,0
14,0,1.0,3.128085278891395,0
13,0,1.0,3.3927474104487847,0
14,0,1.0,3.09306920777189,0
9,0,1.0,2.725480556997868,0
12,2,1.0,3.584962500721156,0
15,2,1.0,3.506890595608519,0
9,0,1.0,2.725480556997868,0
13,0,1.0,3.180832987205441,0
10,0,1.0,3.321928094887362,0
7,0,1.0,2.807354922057604,0
12,1,1.0,3.2516291673878226,0
10,0,1.0,3.121928094887362,0
9,9,1.0,2.725480556997868,0
15,0,1.0769230769230769,3.506890595608518,0
9,0,1.0,2.94770277922009,0
12,2,1.0,3.2516291673878226,0
11,2,1.0,3.095795255000934,0
11,2,1.0,3.095795255000934,0
14,0,1.1818181818181819,2.8962915290459277,0
13,0,1.0909090909090908,3.238901256602631,0
7,0,1.0,2.2359263506290326,0
13,0,1.0,3.3927474104487847,0
12,0,1.0,3.418295834054489,0
10,0,1.0,3.121928094887362,0
11,0,1.0,2.845350936622437,0
14,0,1.0,3.378783493486176,0
13,0,1.0,3.238901256602631,0
10,0,1.0,3.121928094887362,0
9,0,1.0,2.94770277922009,0
15,0,1.1666666666666667,3.189898095464287,0
15,3,1.0769230769230769,3.139572261986723,0
11,4,1.1111111111111112,2.9139770731827523,0
12,0,1.1,3.0220552088742005,0
12,0,1.0,3.084962500721156,0
9,0,1.0,2.94770277922009,0
7,1,1.0,2.5216406363433186,0
15,2,1.0,3.773557262275185,0
12,2,1.0,3.418295834054489,0
7,0,1.0,2.807354922057604,0
9,0,1.0,2.94770277922009,0
10,2,1.0,3.121928094887362,0
14,0,1.0,3.182005814760214,0
13,4,1.0,3.238901256602631,0
13,0,1.0,3.238901256602631,0
14,0,1.0,3.3248629576173574,0
10,0,1.0,3.121928094887362,0
8,2,1.0,3.0,0
14,2,1.0,3.6644977792004623,0
7,0,1.0,2.807354922057604,0
7,4,1.0,2.521640636343318,0
6,0,1.25,1.792481250360578,0
12,0,1.0,3.584962500721156,0
6,1,1.0,2.584962500721156,0
6,0,1.0,2.584962500721156,0
9,0,1.0,2.725480556997868,0
11,0,1.0,2.8453509366224368,0
10,0,1.0,2.9219280948873623,0
7,0,1.0,2.807354922057604,0
8,0,1.0,3.0,0
5,2,1.0,2.321928094887362,0
12,3,1.0,3.2516291673878226,0
7,0,1.0,2.5216406363433186,0
8,1,1.0,3.0,0
9,0,1.0,2.9477027792200903,0
7,0,1.2,1.9502120649147465,0
12,0,1.0,3.0849625007211556,0
8,1,1.0,3.0,0
10,0,1.0,3.121928094887362,0
9,0,1.0,2.725480556997868,0
15,1,1.0,3.773557262275185,0
14,0,1.0833333333333333,3.182005814760214,0
6,0,1.0,2.2516291673878226,0
12,0,1.0,3.084962500721156,0
8,2,1.0,2.75,0
15,0,1.0769230769230769,3.1898980954642866,0
9,0,1.1428571428571428,2.725480556997868,0
12,5,1.0,3.188721875540867,0
9,0,1.0,2.9477027792200903,0
11,0,1.0,3.095795255000934,0
9,0,1.0,2.94770277922009,0
6,1,1.0,2.584962500721156,0
15,0,1.0,3.2402239289418517,0
8,0,1.0,2.5,0
13,0,1.0,3.3927474104487847,0
8,2,1.0,3.0,0
13,0,1.0,3.180832987205441,0
11,0,1.0,2.663532754804255,0
10,3,1.0,2.9219280948873623,0
11,0,1.0,3.095795255000934,0
11,0,1.0,3.0957952550009344,0
12,0,1.1,2.6258145836939115,0
13,0,1.0,3.0269868333592873,0
11,0,1.0,2.663532754804255,0
13,0,1.0,3.3927474104487847,0
15,3,1.0,3.7735572622751845,0
11,0,1.0,3.095795255000934,0
8,0,1.0,3.0,0
9,0,1.0,3.169925001442312,0
10,0,1.0,2.9219280948873623,0
12,0,1.0,3.2516291673878226,0
11,0,1.0,3.459431618637298,0
12,0,1.0,3.0220552088742005,0
4,0,1.0,2.0,0
10,0,1.0,3.121928094887362,0
14,0,1.0,3.182005814760214,0
15,0,1.0,3.5898980954642865,0
8,0,1.0,2.75,0
12,0,1.0,3.084962500721156,0
9,0,1.0,2.725480556997868,0
13,0,1.0,3.180832987205441,0
9,0,1.0,2.94770277922009,0
11,0,1.1111111111111112,2.845350936622437,0
4,0,1.0,1.5,0
7,0,1.0,2.521640636343318,0
7,0,1.0,2.2359263506290326,0
12,0,1.1,3.2516291673878226,0
14,0,1.0,3.039148671903072,0
6,3,1.0,2.584962500721156,0
8,0,1.1666666666666667,2.4056390622295662,0
13,0,1.0909090909090908,3.238901256602631,0
10,2,1.0,3.321928094887362,0
10,0,1.125,2.9219280948873623,0
14,0,1.0,3.182005814760214,0
7,0,1.0,2.5216406363433186,0
12,0,1.0,3.418295834054489,0
10,0,1.0,3.121928094887362,0
11,0,1.0,3.459431618637298,0
10,0,1.0,2.7219280948873625,0
11,3,1.0,3.459431618637298,0
14,0,1.0,3.182005814760214,0
11,0,1.0,3.277613436819116,0
15,0,1.0769230769230769,3.0565647621309537,0
13,0,1.0909090909090908,2.7192945256669794,0
8,0,1.0,2.75,0
15,0,1.0,3.640223928941851,0
12,0,1.0,3.084962500721156,0
11,0,1.0,3.0957952550009344,0
11,0,1.0,2.8453509366224368,0
11,0,1.0,2.8453509366224368,0
14,0,1.0,3.2359263506290326,0
9,0,1.0,3.169925001442312,0
13,0,1.0,3.3927474104487847,0
12,0,1.0,3.0220552088742,0
15,1,1.0,3.3735572622751846,0
15,3,1.0,3.6402239289418516,0
15,0,1.0,3.5068905956085183,0
14,0,1.0,3.6644977792004623,0
12,0,1.1,3.084962500721156,0
10,0,1.125,2.846439344671016,0
5,1,1.0,2.321928094887362,0
15,0,1.0,3.3232314287976203,0
15,0,1.4,2.789898095464287,0
13,0,1.0,3.085055102756477,0
13,0,1.0,3.3927474104487847,1
11,0,1.0,3.095795255000934,0
12,0,1.0,3.0849625007211556,0
6,0,1.0,1.9182958340544893,0
10,0,1.0,2.8464393446710154,0
10,0,1.125,2.921928094887362,0
15,1,1.0769230769230769,3.1898980954642875,0
13,0,1.0,3.546593564294939,0
8,0,1.4,2.25,0
12,2,1.0,3.418295834054489,0
5,0,1.0,2.321928094887362,0
12,2,1.0,3.084962500721156,0
8,0,1.0,2.4056390622295662,0
10,0,1.0,2.721928094887362,0
13,2,1.0,3.3927474104487847,0
15,0,1.0,3.4565647621309536,0
9,0,1.0,2.503258334775646,0
13,0,1.0909090909090908,3.0269868333592873,0
8,3,1.0,3.0,0
12,3,1.0,3.2516291673878226,0
8,0,1.0,3.0,0
12,2,1.0,3.0220552088742,0
15,0,1.0769230769230769,3.189898095464287,0
7,1,1.0,2.807354922057604,0
9,0,1.0,2.725480556997868,0
13,2,1.0,3.5465935642949384,0
15,0,1.0,3.5068905956085183,0
15,0,1.0769230769230769,3.056564762130954,0
11,0,1.0,3.027169118440619,0
12,0,1.0,2.688721875540867,0
7,0,1.0,2.1280852788913944,0
9,2,1.0,2.725480556997868,0
9,4,1.0,2.94770277922009,0
10,2,1.125,2.5219280948873624,0
13,0,1.0,3.3927474104487847,0
11,1,1.1111111111111112,3.095795255000934,0
12,0,1.0,2.8553885422075336,0
11,0,1.0,3.027169118440619,0
14,0,1.0,3.182005814760214,0
12,0,1.0,3.2516291673878226,0
11,0,1.0,3.2776134368191165,0
10,0,1.0,3.121928094887362,0
14,0,1.0,3.378783493486176,0
10,0,1.125,2.9219280948873623,0
15,4,1.0,2.7898980954642876,0
11,0,1.0,2.913977073182752,0
11,0,1.1111111111111112,2.663532754804255,0
7,3,1.0,2.521640636343318,0
9,0,1.0,2.725480556997868,0
12,0,1.375,2.584962500721156,0
10,1,1.0,2.9219280948873623,0
14,0,1.0,3.378783493486176,0
12,0,1.0,3.418295834054489,0
14,0,1.0,3.4677201004745006,0
12,0,1.0,3.2516291673878226,0
13,1,1.0,3.238901256602631,0
13,0,1.0,3.238901256602631,0
8,0,1.0,2.75,0
15,0,1.0,3.6402239289418516,0
13,0,1.0,3.5465935642949384,0
7,0,1.0,2.807354922057604,0
12,3,1.0,3.418295834054489,0
14,0,1.0833333333333333,3.3787834934861767,0
12,0,1.0,3.2516291673878226,0
11,0,1.0,3.277613436819116,0
13,0,1.0,3.334679141051595,0
10,0,1.0,3.121928094887362,0
9,0,1.0,3.169925001442312,0
8,0,1.0,1.9056390622295665,0
13,0,1.0909090909090908,3.238901256602631,0
14,0,1.0833333333333333,3.182005814760214,0
14,0,1.0,3.8073549220576055,0
8,0,1.0,2.75,0
12,3,1.0,3.084962500721156,0
10,0,1.0,2.321928094887362,0
9,1,1.0,3.169925001442312,0
9,0,1.0,2.725480556997868,0
8,0,1.0,3.0,0
13,0,1.0,3.3927474104487847,0
15,0,1.0769230769230769,3.056564762130954,0
5,2,1.0,2.321928094887362,0
9,0,1.0,2.725480556997868,0
14,0,1.0,3.378783493486176,0
11,3,1.0,3.095795255000934,0
9,3,1.0,2.94770277922009,0
15,5,1.0,3.906890595608518,0
4,0,1.0,2.0,0
9,3,1.0,2.9477027792200903,0
15,4,1.0,3.773557262275185,0
12,0,1.0,3.2516291673878226,0
14,4,1.0,3.378783493486176,0
12,0,1.0,3.2516291673878226,0
14,0,1.0833333333333333,3.2359263506290326,0
12,0,1.0,3.2516291673878226,0
8,0,1.0,3.0,0
10,0,1.0,3.321928094887362,0
14,0,1.0,2.699513850319966,0
15,0,1.0,3.189898095464287,0
9,0,1.0,2.94770277922009,0
7,2,1.0,2.807354922057604,0
10,0,1.0,2.9219280948873623,0
12,0,1.1,3.0849625007211556,0
10,0,1.0,2.9219280948873623,0
11,0,1.0,3.0957952550009344,0
11,0,1.1111111111111112,2.9139770731827523,0
12,0,1.1,3.2516291673878226,0
14,1,1.0,3.2359263506290334,0
15,0,1.0,3.4565647621309536,0
11,0,1.0,3.027169118440619,0
13,0,1.0,3.0269868333592873,0
9,0,1.0,2.6416041678685933,0
11,0,1.0,3.095795255000934,0
14,0,1.0,2.9852281360342516,1
7,0,1.0,2.5216406363433186,0
12,0,1.0,3.2516291673878226,0
12,0,1.0,3.418295834054489,0
14,0,1.0,3.2359263506290334,0
9,1,1.0,2.9477027792200903,0
13,0,1.0,3.0269868333592873,0
10,1,1.0,3.121928094887362,0
6,0,1.0,2.2516291673878226,0
13,0,1.2,3.0850551027564768,0
9,0,1.0,2.94770277922009,0
15,0,1.0,3.32323142879762,0
6,0,1.0,2.2516291673878226,0
9,0,1.0,3.169925001442312,0
12,0,1.0,3.2516291673878226,0
12,0,1.0,3.2516291673878226,0
14,0,1.0,3.182005814760214,0
4,0,1.0,2.0,0
11,3,1.0,3.095795255000934,0
15,0,1.0,3.1395722619867223,0
12,0,1.0,3.4182958340544896,0
7,0,1.0,1.950212064914747,0
15,0,1.1666666666666667,3.189898095464287,0
10,6,1.0,3.121928094887362,0
13,0,1.0,3.238901256602631,0
13,0,1.0909090909090908,2.8731406795131336,0
11,0,1.1111111111111112,2.5503407095463886,0
14,0,1.0,3.378783493486176,0
12,0,1.0,3.418295834054489,0
9,0,1.0,2.94770277922009,0
13,4,1.0,3.0269868333592873,0
12,0,1.0,3.418295834054489,0
15,0,1.5555555555555556,2.6565647621309534,0
14,0,1.0,3.378783493486176,0
13,0,1.0,3.3927474104487847,0
10,0,1.0,3.121928094887362,0
13,1,1.0,3.3927474104487847,0
14,4,1.0,3.521640636343319,0
7,4,1.0,2.521640636343318,0
11,2,1.1111111111111112,2.663532754804255,0
13,0,1.0,3.180832987205441,0
11,0,1.0,3.459431618637298,0
12,0,1.0,2.918295834054489,0
11,0,1.0,3.027169118440619,0
15,0,1.0,3.2402239289418517,0
8,0,1.0,2.5,0
9,0,1.0,2.94770277922009,0
6,0,1.0,2.584962500721156,0
11,0,1.0,2.8453509366224368,0
13,0,1.0,3.5465935642949384,0
13,0,1.0,3.085055102756477,0
12,1,1.0,3.2516291673878226,0
15,0,1.0,3.5068905956085183,0
13,0,1.0,3.0269868333592873,0
15,0,1.0,3.2729055953200556,0
10,0,1.125,2.9219280948873623,0
15,0,1.0,3.7735572622751845,0
15,2,1.0,3.056564762130954,0
11,0,1.0,3.027169118440619,0
11,0,1.0,3.459431618637298,0
7,2,1.0,2.5216406363433186,0
11,0,1.0,3.095795255000934,0
9,3,1.0,2.94770277922009,0
12,0,1.0,2.9182958340544896,0
15,1,1.0,3.506890595608518,0
6,0,1.0,2.584962500721156,0
3,0,1.0,1.584962500721156,0
11,0,1.0,2.6635327548042547,0
12,0,1.0,3.2516291673878226,0
11,0,1.0,3.0957952550009344,0
10,0,1.125,2.9219280948873623,0
9,0,1.0,2.9477027792200903,0
12,0,1.0,3.2516291673878226,0
15,0,1.0,3.2729055953200556,0
8,1,1.0,3.0,0
10,10,1.0,2.521928094887362,0
14,0,1.0,3.039148671903071,0
13,0,1.0,2.931208948910323,0
13,0,1.0,3.3927474104487847,0
10,0,1.0,2.721928094887362,0
14,10,1.0,3.521640636343319,0
12,0,1.0,2.8553885422075336,0
10,3,1.0,2.9219280948873623,0
14,0,1.0,3.521640636343319,0
13,0,1.0909090909090908,3.180832987205441,0
11,0,1.0,3.277613436819116,0
5,0,1.0,2.321928094887362,0
11,1,1.0,3.459431618637298,0
7,2,1.0,2.521640636343318,0
15,0,1.0,3.2402239289418517,0
12,0,1.0,3.418295834054489,0
12,0,1.1,3.0849625007211556,0
12,0,1.0,3.2516291673878226,0
15,0,1.0769230769230769,3.2402239289418517,0
6,0,1.0,2.584962500721156,0
11,0,1.0,3.277613436819116,0
12,0,1.0,3.4182958340544896,0
10,1,1.2857142857142858,2.321928094887362,0
12,0,1.1,2.584962500721156,0
11,2,1.0,2.9139770731827523,0
13,0,1.0,3.238901256602631,0
6,0,1.0,2.584962500721156,0
12,0,1.0,3.084962500721156,0
11,0,1.0,2.9139770731827523,0
12,0,1.1,3.084962500721156,0
11,0,1.0,2.845350936622437,0
8,0,1.0,2.4056390622295662,0
14,0,1.0833333333333333,2.78845045730829,0
11,4,1.1111111111111112,3.095795255000934,0
12,0,1.0,3.0849625007211556,0
11,1,1.0,3.459431618637298,0
9,1,1.0,2.94770277922009,0
12,0,1.0,2.918295834054489,0
7,1,1.0,2.807354922057604,0
10,5,1.0,3.321928094887362,0
6,4,1.25,1.7924812503605778,0
10,0,1.125,2.721928094887362,0
10,0,1.0,2.9219280948873623,0
15,0,1.1666666666666667,3.373557262275185,0
10,1,1.0,3.321928094887362,0
15,0,1.0769230769230769,3.1898980954642875,0
9,0,1.0,2.94770277922009,0
11,0,1.1111111111111112,2.3685225277282065,0
11,0,1.0,2.845350936622437,0
6,0,1.0,2.584962500721156,0
10,0,1.0,2.446439344671015,0
12,0,1.0,3.2516291673878226,0
7,1,1.0,2.807354922057604,0
14,0,1.0,3.521640636343319,0
15,0,1.0,3.00623892865339,0
11,0,1.0,2.8453509366224368,0
11,0,1.1111111111111112,3.0957952550009344,0
13,0,1.2,2.7192945256669794,0
4,0,1.0,2.0,0
11,0,1.0,3.459431618637298,0
14,0,1.0833333333333333,2.9852281360342516,0
14,0,1.0,3.378783493486176,0
6,0,1.0,1.9182958340544896,0
15,4,1.0,3.373557262275185,0
11,2,1.0,3.095795255000934,0
15,3,1.0,3.589898095464287,0
11,0,1.0,3.0957952550009344,0
11,0,1.0,3.095795255000934,0
9,0,1.0,2.94770277922009,0
13,0,1.0,3.0269868333592873,0
13,2,1.0,3.5465935642949384,0
10,0,1.0,2.6464393446710153,1
8,0,1.0,2.75,0
12,0,1.1,2.8553885422075336,0
14,2,1.0,3.3248629576173574,0
12,0,1.1,2.5849625007211565,0
10,0,1.0,2.9219280948873623,0
12,0,1.0,3.4182958340544896,0
11,0,1.0,3.277613436819116,0
15,0,1.0769230769230769,3.32323142879762,0
10,0,1.0,2.9219280948873623,0
13,0,1.0,3.238901256602631,0
10,0,1.0,2.446439344671015,0
6,0,1.0,2.2516291673878226,0
13,0,1.0909090909090908,2.7773627950641693,0
11,0,1.0,3.459431618637298,0
10,0,1.0,2.8464393446710154,0
12,0,1.0,2.8553885422075336,0
15,0,1.0,3.3232314287976203,0
10,0,1.0,2.9219280948873623,0
11,0,1.0,2.8453509366224368,0
11,0,1.0,2.9139770731827523,0
11,0,1.0,3.095795255000934,0
9,0,1.0,2.9477027792200903,0
9,0,1.0,2.9477027792200903,0
11,0,1.0,2.9139770731827523,0
12,0,1.1,2.5220552088742005,0
13,0,1.0,3.238901256602631,0
7,2,1.0,2.807354922057604,0
15,0,1.0,3.2402239289418517,0
7,0,1.0,2.2359263506290326,0
13,0,1.0,3.180832987205441,0
10,3,1.125,2.6464393446710153,0
13,0,1.0,3.5465935642949384,0
12,0,1.0,3.188721875540867,0
12,3,1.2222222222222223,2.8553885422075336,0
11,0,1.0,2.9139770731827523,0
10,0,1.0,2.7219280948873625,0
12,0,1.0,3.418295834054489,0
12,1,1.0,3.4182958340544896,0
11,0,1.0,3.277613436819116,0
14,0,1.0,3.3787834934861767,0
11,0,1.0,2.9139770731827523,0
14,0,1.0,3.128085278891395,0
9,0,1.0,2.9477027792200903,0
13,0,1.0,3.180832987205441,0
12,0,1.0,3.084962500721156,0
15,0,1.0,3.2402239289418517,0
7,3,1.0,2.807354922057604,0
14,0,1.0,3.3248629576173574,0
15,0,1.0,3.3232314287976203,0
10,2,1.0,3.321928094887362,0
10,0,1.0,2.9219280948873623,0
12,0,1.0,2.8553885422075336,0
13,0,1.0,3.180832987205441,0
8,0,1.0,2.75,0
15,0,1.0769230769230769,3.1898980954642866,0
6,0,1.0,2.584962500721156,0
13,0,1.0,3.3927474104487847,0
11,0,1.0,3.277613436819116,0
9,0,1.0,2.94770277922009,0
7,0,1.0,2.807354922057604,0
5,1,1.0,1.9219280948873623,0
15,0,1.0,3.5068905956085183,0
9,0,1.0,2.725480556997868,0
9,0,1.0,3.169925001442312,0
7,0,1.0,2.5216406363433186,0
11,0,1.0,3.0957952550009344,0
7,0,1.0,2.807354922057604,0
9,0,1.0,2.94770277922009,0
11,0,1.1111111111111112,3.095795255000934,0
13,0,1.0,3.5465935642949384,0
15,0,1.0,3.373557262275185,0
15,1,1.0,3.5068905956085192,0
12,0,1.0,3.418295834054489,0
9,0,1.0,3.169925001442312,0
10,0,1.0,3.321928094887362,1
11,0,1.0,3.0957952550009344,0
13,4,1.0,3.3927474104487847,0
11,4,1.0,3.459431618637298,0
14,0,1.0,3.378783493486176,0
8,0,1.0,3.0,1
15,0,1.0,3.106890595608519,0
10,3,1.125,2.846439344671016,0
13,0,1.0909090909090908,2.873140679513133,0
9,0,1.0,2.94770277922009,0
15,4,1.0,3.640223928941851,0
12,0,1.0,2.918295834054489,0
9,1,1.1428571428571428,2.725480556997868,0
13,2,1.0,3.5465935642949384,0
9,0,1.0,2.725480556997868,0
7,0,1.0,2.807354922057604,0
12,4,1.0,3.2516291673878226,0
15,1,1.0769230769230769,3.006238928653389,0
10,1,1.0,3.1219280948873624,0
8,0,1.0,3.0,0
9,0,2.6666666666666665,1.584962500721156,0
13,0,1.0,3.238901256602631,0
14,0,1.0,3.6644977792004623,0
15,0,1.0,3.1068905956085184,0
14,0,1.0,3.378783493486176,0
12,0,1.0,3.0220552088742005,0
12,1,1.0,3.084962500721156,0
9,0,1.0,2.725480556997868,0
10,2,1.0,3.321928094887362,0
10,2,1.0,3.121928094887362,0
15,1,1.2727272727272727,2.8729055953200557,0
13,0,1.0,2.7773627950641693,0
9,0,1.0,2.9477027792200903,0
11,0,1.0,2.845350936622437,0
14,0,1.0,3.378783493486176,0
12,0,1.2222222222222223,2.8553885422075336,0
11,0,1.0,2.9139770731827523,0
10,0,1.0,3.321928094887362,0
13,0,1.0,3.0850551027564768,0
12,0,1.0,3.0849625007211556,0
9,0,1.1428571428571428,2.6416041678685933,0
13,0,1.0,3.238901256602631,0
15,0,1.0,3.323231428797621,0
11,0,1.0,3.2776134368191165,0
10,0,1.0,3.1219280948873624,0
15,0,1.0,3.5068905956085183,0
9,1,1.0,2.94770277922009,0
13,0,1.0,3.180832987205441,0
8,3,1.0,2.75,0
15,0,1.0,3.506890595608518,0
12,0,1.0,3.0220552088742,0
7,2,1.0,2.807354922057604,0
15,0,1.0,3.456564762130953,0
10,1,1.0,3.1219280948873624,0
11,0,1.0,2.8453509366224368,0
13,0,1.2,2.6235166412180155,0
12,0,1.0,3.0220552088742,0
14,0,1.0,3.09306920777189,0
7,0,1.0,2.5216406363433186,0
15,0,1.0,3.2402239289418517,0
15,1,1.0,3.6402239289418516,0
11,0,1.1111111111111112,3.0957952550009344,0
11,0,1.0,2.9139770731827523,0
12,0,1.0,3.0220552088742005,0
10,0,1.0,2.9219280948873623,0
12,0,1.1,3.0220552088742,0
12,2,1.0,3.2516291673878226,0
7,0,1.0,2.5216406363433186,0
13,0,1.0,3.180832987205441,0
13,3,1.0,3.3927474104487847,0
11,0,1.0,2.5503407095463886,0
12,4,1.0,3.2516291673878226,0
14,2,1.1818181818181819,3.182005814760214,0
5,0,1.0,2.321928094887362,0
10,0,1.125,2.721928094887362,0
12,0,1.0,3.2516291673878226,0
8,0,1.0,2.75,0
13,0,1.0,3.3927474104487847,0
11,0,1.0,2.913977073182752,0
6,0,1.0,1.9182958340544896,0
12,0,1.0,3.0220552088742005,0
15,0,1.0,3.6402239289418516,0
10,0,1.0,3.1219280948873624,0
8,3,1.0,2.75,0
10,0,1.0,2.9219280948873623,0
11,0,1.0,3.277613436819116,0
13,0,1.0,3.180832987205441,0
15,0,1.0,3.506890595608518,0
11,0,1.0,2.5503407095463886,0
14,2,1.0,3.6644977792004623,0
14,0,1.0,3.3248629576173574,0
9,0,1.0,2.94770277922009,0
12,0,1.0,3.2516291673878226,0
15,0,1.0,3.3232314287976203,0
10,1,1.0,3.321928094887362,0
15,0,1.0,3.506890595608519,0
11,0,1.1111111111111112,3.095795255000934,0
15,0,1.0,3.456564762130954,0
7,0,1.0,2.807354922057604,0
8,0,1.0,2.5,0
8,3,1.1666666666666667,2.4056390622295662,0
14,2,1.0,3.6644977792004623,0
11,0,1.4285714285714286,2.481714572986073,0
15,1,1.0,3.189898095464287,0
7,1,1.0,2.2359263506290326,0
14,0,1.0,3.2359263506290334,0
15,0,1.0,3.640223928941851,0
10,0,1.0,2.7219280948873625,0
13,0,1.0,3.238901256602631,0
13,0,1.0,3.238901256602631,0
6,2,1.0,2.2516291673878226,0
13,0,1.0,3.238901256602631,0
15,0,1.0,3.3735572622751855,0
9,0,1.0,3.169925001442312,0
15,0,1.0,3.3735572622751846,0
7,0,1.0,2.521640636343318,0
7,2,1.0,2.5216406363433186,0
15,0,1.0,3.4565647621309536,0
13,0,1.0,3.238901256602631,0
11,0,1.0,3.277613436819116,0
10,1,1.0,2.721928094887362,0
15,1,1.0,3.906890595608518,0
13,0,1.0,3.085055102756477,0
7,0,1.0,2.521640636343318,0
11,0,1.0,2.8453509366224368,0
14,0,1.0833333333333333,3.039148671903071,0
15,4,1.0,3.240223928941852,0
5,0,1.0,2.321928094887362,0
9,0,1.0,3.169925001442312,0
8,0,1.0,2.5,0
11,0,1.0,3.095795255000934,0
11,0,1.0,2.8453509366224368,0
10,2,1.0,3.121928094887362,0
11,0,1.0,3.0957952550009344,0
8,0,1.0,2.5,0
14,0,1.1818181818181819,3.2359263506290334,0
13,0,1.0,3.238901256602631,0
8,0,1.0,2.5,0
12,1,1.0,3.084962500721156,0
8,1,1.0,2.4056390622295662,0
12,0,1.0,3.2516291673878226,0
13,0,1.0,3.180832987205441,0
14,0,1.0,3.521640636343319,0
10,0,1.0,3.121928094887362,0
15,3,1.0769230769230769,3.373557262275185,0
11,0,1.0,3.0957952550009344,0
14,2,1.0,3.521640636343319,0
15,0,1.0,3.1898980954642866,0
11,0,1.0,2.913977073182752,0
10,0,1.0,2.7219280948873625,0
10,0,1.0,2.921928094887362,0
11,0,1.0,3.277613436819116,0
12,0,1.0,3.084962500721156,0
12,0,1.0,3.084962500721156,0
15,0,1.0,3.189898095464287,0
8,0,1.0,2.75,0
12,0,1.0,3.2516291673878226,0
15,0,1.0,3.506890595608518,0
11,1,1.0,3.0957952550009344,0
7,0,1.0,2.807354922057604,0
11,0,1.0,3.0957952550009344,0
12,0,1.1,3.0220552088742,0
8,0,1.0,3.0,0
10,0,1.0,3.121928094887362,0
9,0,1.1428571428571428,2.4193819456463714,0
15,1,1.0,3.189898095464287,0
11,3,1.1111111111111112,3.095795255000934,0
12,2,1.0,3.418295834054489,0
14,0,1.0,3.6644977792004623,0
15,2,1.0,3.1898980954642875,0
14,0,1.0,3.3248629576173565,0
15,0,1.0769230769230769,3.3735572622751855,0
8,0,1.0,2.75,0
15,8,1.0769230769230769,3.056564762130954,0
10,0,1.0,2.8464393446710154,0
11,0,1.0,3.0957952550009344,0
11,0,1.0,3.0957952550009344,0
9,0,1.0,2.725480556997868,0
13,0,1.0909090909090908,3.085055102756477,0
15,0,1.0,3.4565647621309536,0
13,2,1.0909090909090908,3.0850551027564768,0
15,0,1.0,3.5068905956085183,0
8,0,1.0,2.75,0
12,3,1.1,3.0220552088742,0
7,0,1.0,2.807354922057604,0
9,4,1.0,2.9477027792200903,0
10,0,1.0,2.9219280948873623,0
14,1,1.0833333333333333,3.378783493486176,0
11,0,1.25,2.2998963911678914,0
11,0,1.0,3.0957952550009344,0
15,0,1.0,3.640223928941851,0
6,0,1.0,2.2516291673878226,0
10,0,1.0,2.6464393446710153,0
10,4,1.0,2.7219280948873625,0
13,4,1.0,3.180832987205441,0
12,0,1.0,3.2516291673878226,0
15,5,1.0,3.640223928941852,0
14,0,1.3,3.2359263506290334,0
10,0,1.0,3.1219280948873624,0
8,0,1.0,2.5,0
9,0,1.0,2.9477027792200903,0
13,0,1.0,3.0269868333592873,0
11,1,1.0,2.845350936622437,0
9,0,1.0,2.94770277922009,1
13,0,1.0909090909090908,3.0269868333592873,0
15,0,1.1666666666666667,2.7329145639793975,0
14,0,1.0833333333333333,2.950212064914748,0
8,0,1.0,1.9056390622295665,0
5,1,1.0,1.9219280948873623,0
10,0,1.0,2.721928094887362,0
15,0,1.0,3.3232314287976203,0
9,0,1.0,3.169925001442312,0
10,0,1.0,2.9219280948873623,0
12,0,1.0,2.9182958340544896,0
14,3,1.0,3.128085278891395,0
15,0,1.0,3.189898095464287,0
11,0,1.0,2.481714572986073,0
9,0,1.0,2.6416041678685933,0
15,3,1.0,3.456564762130953,0
14,0,1.0,3.3787834934861767,0
7,0,1.0,2.5216406363433186,0
11,0,1.0,3.095795255000934,0
15,0,1.1666666666666667,2.9559130951758243,0
15,0,1.0,3.4565647621309536,0
10,0,1.0,2.9219280948873623,0
11,0,1.0,3.095795255000934,0
10,0,1.0,2.9219280948873623,0
6,0,1.0,2.251629167387823,0
8,4,1.0,2.75,0
12,0,1.0,3.2516291673878226,0
14,0,1.0,3.521640636343319,0
13,3,1.0,3.5465935642949384,0
13,0,1.2,2.8150724101159437,0
8,0,1.0,2.5,0
7,0,1.0,2.5216406363433186,0
13,2,1.0,3.238901256602631,0
9,0,1.1428571428571428,2.725480556997868,0
12,0,1.0,2.8553885422075336,0
10,0,1.0,3.121928094887362,0
11,0,1.0,2.9139770731827523,0
11,0,1.0,3.0957952550009344,0
11,0,1.0,3.277613436819116,0
14,0,1.0,3.2359263506290334,0
5,2,1.0,2.321928094887362,0
12,0,1.0,2.751629167387823,0
7,2,1.0,2.807354922057604,0
12,0,1.0,3.418295834054489,0
11,0,1.0,3.277613436819116,0
11,0,1.0,2.845350936622437,0
9,0,1.0,2.197159723424149,0
7,0,1.0,2.521640636343318,0
9,0,1.0,2.94770277922009,0
14,0,1.0,2.8962915290459277,0
15,0,1.4,2.4662478973127313,0
8,0,1.0,3.0,0
14,2,1.0,3.3248629576173574,0
9,0,1.0,3.169925001442312,1
9,0,1.0,2.94770277922009,0
13,1,1.0,3.0269868333592873,0
9,0,1.0,2.725480556997868,0
9,0,1.0,2.4193819456463714,0
8,4,1.0,3.0,0
11,0,1.0,3.095795255000934,0
8,1,1.0,2.5,0
8,0,1.0,2.75,0
15,0,1.0769230769230769,3.106890595608518,0
15,0,1.0,3.5068905956085183,0
11,0,1.0,2.9139770731827523,0
10,0,1.0,2.721928094887362,0
14,0,1.0,3.039148671903071,0
15,0,1.0,3.4565647621309536,0
15,0,1.0,3.056564762130954,0
10,0,1.0,3.121928094887362,0
13,0,1.0909090909090908,2.873140679513133,0
9,0,1.0,2.94770277922009,0
10,0,1.125,2.6464393446710153,0
9,0,1.0,2.94770277922009,0
13,0,1.0909090909090908,3.238901256602631,0
7,0,1.0,2.5216406363433186,0
15,3,1.0,3.1395722619867223,0
10,0,1.0,2.7219280948873625,0
9,0,1.0,2.2810361125534233,0
15,0,1.0,3.640223928941851,0
7,0,1.0,2.2359263506290326,0
14,2,1.0,3.3787834934861767,0
7,0,1.0,2.5216406363433186,0
11,0,1.0,3.027169118440619,0
15,1,1.0,3.240223928941852,0
13,0,1.0,3.5465935642949384,0
10,3,1.0,3.321928094887362,0
12,0,1.0,3.418295834054489,0
10,0,1.0,2.9219280948873623,0
11,0,1.0,3.0957952550009344,0
15,0,1.0769230769230769,3.4565647621309536,0
8,2,1.0,3.0,0
10,1,1.0,3.121928094887362,0
10,0,1.0,2.8464393446710154,0
15,0,1.0,3.506890595608518,0
15,0,1.0769230769230769,3.1898980954642866,0
13,0,1.0,3.3927474104487847,0
11,0,1.1111111111111112,3.095795255000934,0
11,0,1.0,3.2776134368191165,0
6,0,1.0,2.584962500721156,0
14,0,1.0,3.521640636343319,0
15,0,1.0769230769230769,3.3735572622751855,0
9,0,1.0,2.94770277922009,0
8,0,1.0,2.75,0
14,0,1.0833333333333333,3.378783493486176,0
12,2,1.0,3.4182958340544896,0
12,2,1.0,3.2516291673878226,0
12,0,1.0,3.2516291673878226,0
12,0,1.0,2.918295834054489,0
15,0,1.0,3.3735572622751855,0
12,0,1.0,3.188721875540867,0
12,0,1.0,3.418295834054489,0
15,0,1.0,3.2402239289418517,0
11,0,1.0,3.277613436819116,0
12,0,1.0,3.084962500721156,0
13,2,1.0,3.3927474104487847,0
12,0,1.0,3.084962500721156,0
11,0,1.0,3.459431618637298,0
7,0,1.0,2.807354922057604,0
8,2,1.0,3.0,0
11,0,1.1111111111111112,2.5503407095463886,0
14,1,1.0,2.9852281360342525,0
14,0,1.0,3.2359263506290334,1
15,0,1.0,3.32323142879762,0
14,4,1.0,3.4677201004745006,0
13,0,1.0,3.238901256602631,0
13,1,1.0,3.238901256602631,0
7,0,1.0,1.8423709931771086,0
15,4,1.0,3.5068905956085183,0
7,4,1.0,2.807354922057604,0
10,0,1.0,3.321928094887362,0
13,1,1.0909090909090908,3.085055102756477,0
13,0,1.0,2.931208948910323,0
6,0,1.0,2.251629167387823,0
8,0,1.0,3.0,0
11,0,1.0,3.095795255000934,0
13,0,1.0,3.3927474104487847,0
13,1,1.0,3.334679141051595,0
11,0,1.0,3.095795255000934,0
14,0,1.0,3.2359263506290334,0
11,0,1.0,3.0957952550009344,0
14,0,1.0,3.039148671903071,0
13,3,1.0,3.238901256602631,0
14,0,1.0,3.2359263506290334,0
11,0,1.0,3.277613436819116,0
15,1,1.0769230769230769,3.1395722619867223,0
11,1,1.0,3.277613436819116,0
6,0,1.0,2.584962500721156,0
13,0,1.0,3.180832987205441,0
12,0,1.0,2.918295834054489,0
7,0,1.0,2.521640636343318,0
9,0,1.1428571428571428,2.503258334775646,0
11,0,1.0,2.845350936622437,0
13,0,1.0909090909090908,3.0269868333592873,0
12,0,1.0,3.2516291673878226,0
14,0,1.0,3.521640636343319,0
14,0,1.0,3.6644977792004623,0
6,3,1.0,2.584962500721156,0
7,0,1.0,2.807354922057604,0
9,2,1.0,3.169925001442312,0
10,0,1.0,2.9219280948873623,0
6,2,1.0,2.584962500721156,0
11,0,1.0,2.9139770731827523,0
10,0,1.0,3.1219280948873624,0
15,0,1.0,3.589898095464287,0
10,0,1.0,3.121928094887362,0
13,0,1.0,3.3927474104487847,0
12,0,1.0,3.188721875540867,0
8,0,1.0,3.0,0
9,0,1.0,3.169925001442312,0
15,0,1.0,3.6402239289418516,0
13,0,1.0,3.238901256602631,0
7,4,1.2,2.128085278891394,0
10,2,1.0,3.321928094887362,0
14,0,1.0,3.09306920777189,0
5,0,1.0,1.9219280948873623,0
13,0,1.0,3.180832987205441,0
10,0,1.125,2.9219280948873627,0
10,2,1.0,3.321928094887362,0
10,0,1.0,2.9219280948873623,0
7,0,1.0,2.807354922057604,0
11,0,1.0,2.9139770731827523,0
14,0,1.0,3.6644977792004623,0
12,0,1.0,2.792481250360578,0
9,0,1.0,2.94770277922009,0
15,0,1.0769230769230769,3.2402239289418517,0
15,0,1.0,3.640223928941851,0
12,0,1.0,3.418295834054489,0
14,0,1.0,3.182005814760214,0
9,0,1.0,2.94770277922009,0
15,0,1.0,3.640223928941851,0
9,0,1.1428571428571428,2.4193819456463714,0
9,0,1.0,2.94770277922009,0
15,0,1.0769230769230769,3.4565647621309536,0
9,0,1.0,3.169925001442312,0
15,0,1.0,3.773557262275185,0
12,0,1.0,3.418295834054489,0
15,0,1.0,3.3232314287976203,0
14,0,1.0,3.182005814760214,0
14,0,1.0,3.4677201004745006,0
12,0,1.0,3.0220552088742,0
13,0,1.0,3.238901256602631,0
15,0,1.0769230769230769,3.373557262275185,0
14,3,1.0,3.6644977792004623,0
7,0,1.0,2.807354922057604,0
10,0,1.0,3.321928094887362,0
13,0,1.0909090909090908,2.8731406795131336,0
12,2,1.0,3.418295834054489,0
7,3,1.0,2.521640636343318,0
9,0,1.0,2.725480556997868,0
13,0,1.0,3.3927474104487847,0
10,0,1.0,3.321928094887362,0
9,0,1.0,2.9477027792200903,0
13,0,1.0,3.3927474104487847,0
10,0,1.0,2.9219280948873623,0
14,4,1.0,3.378783493486176,0
10,0,1.0,2.7219280948873625,0
15,1,1.2727272727272727,2.866247897312731,0
8,0,1.0,2.75,0
9,5,1.1428571428571428,2.4193819456463714,0
12,0,1.1,2.688721875540867,0
11,0,1.0,3.277613436819116,0
14,0,1.0,3.378783493486176,0
10,0,1.0,2.9219280948873623,0
12,0,1.0,2.8553885422075336,0
14,0,1.0,3.521640636343319,0
15,0,1.0,2.7395722619867224,0
7,0,1.0,2.5216406363433186,0
13,0,1.0,3.3927474104487847,0
12,0,1.0,3.0849625007211556,0
11,0,1.0,3.095795255000934,0
14,4,1.0,3.521640636343319,0
8,0,1.0,3.0,0
9,0,1.0,2.94770277922009,0
7,0,1.0,2.2359263506290326,0
11,2,1.0,2.913977073182752,0
9,0,1.0,2.725480556997868,0
15,0,3.5,1.0389205950315936,0
11,0,1.0,3.277613436819116,0
8,0,1.0,2.75,0
11,0,1.0,3.277613436819116,0
13,3,1.0,3.5465935642949384,0
15,0,1.1666666666666667,2.8662478973127308,0
5,0,1.0,2.321928094887362,0
10,0,1.0,2.4464393446710155,0
13,0,1.0,3.238901256602631,0
13,0,1.0,3.085055102756477,0
15,0,1.2727272727272727,3.2402239289418513,0
15,0,1.0,3.373557262275185,0
11,6,1.0,2.9139770731827523,0
8,0,1.0,2.75,0
14,0,1.0,3.2359263506290334,0
14,0,1.0,3.2359263506290334,0
14,1,1.0,3.182005814760214,0
13,0,1.0,2.8150724101159437,0
13,2,1.0,3.5465935642949384,0
8,1,1.4,2.1556390622295662,0
7,2,1.0,2.807354922057604,0
7,0,1.0,2.521640636343318,0
7,0,1.0,2.5216406363433186,0
9,0,1.1428571428571428,2.4193819456463714,0
9,0,1.0,2.4193819456463714,0
9,0,1.0,2.94770277922009,0
8,1,1.0,2.75,0
12,0,1.0,2.9182958340544896,0
10,0,1.0,3.121928094887362,0
12,4,1.0,3.418295834054489,0
8,0,1.0,2.5,0
12,0,1.0,3.418295834054489,0
7,1,1.0,2.521640636343318,0
11,0,1.0,2.913977073182752,0
9,0,1.0,2.725480556997868,0
8,2,1.0,2.75,0
11,0,1.0,2.9139770731827523,0
13,0,1.0,3.334679141051595,0
10,0,1.0,2.9219280948873627,0
15,0,1.0,3.3232314287976203,0
15,0,1.1666666666666667,3.240223928941852,0
11,1,1.0,3.0957952550009344,0
14,1,1.0,3.378783493486176,0
9,0,1.0,2.94770277922009,0
13,0,1.0,3.238901256602631,0
9,0,1.0,2.94770277922009,0
6,0,1.0,2.251629167387823,0
8,0,1.0,2.25,0
9,4,1.3333333333333333,2.113283334294875,0
8,0,1.0,3.0,0
10,0,1.0,3.1219280948873624,0
8,0,1.0,2.1556390622295662,0
12,0,1.0,3.2516291673878226,0
6,3,1.0,2.2516291673878226,0
10,0,1.0,2.8464393446710154,0
10,0,1.0,3.321928094887362,0
5,2,1.0,2.321928094887362,0
7,0,1.0,2.521640636343318,0
15,0,1.0,3.006238928653389,0
14,0,1.0,3.52164063634332,0
9,0,1.0,2.94770277922009,0
8,2,1.0,2.75,0
14,0,1.0,3.09306920777189,0
12,0,1.0,3.251629167387823,0
11,0,1.0,3.277613436819116,0
7,0,1.0,2.5216406363433186,0
6,0,1.0,1.7924812503605778,0
14,2,1.1818181818181819,2.610577243331642,0
13,0,1.0,3.546593564294939,0
12,0,1.0,3.2516291673878226,0
8,1,1.0,3.0,0
14,0,1.0,3.4677201004745006,0
11,0,1.1111111111111112,2.5503407095463886,0
11,0,1.0,2.9139770731827523,0
13,0,1.0,3.3927474104487847,0
11,0,1.0,2.9139770731827523,0
12,4,1.1,2.8553885422075336,1
9,0,1.0,2.725480556997868,0
14,0,1.0,3.2359263506290334,0
12,0,1.1,3.084962500721156,0
15,0,1.0,3.006238928653389,0
12,1,1.0,2.918295834054489,0
12,0,1.1,3.084962500721156,0
8,4,1.0,2.75,0
13,2,1.0,3.3927474104487847,0
9,0,1.0,2.725480556997868,0
10,0,1.0,3.121928094887362,0
11,0,1.0,2.9139770731827523,0
15,0,1.0,3.2402239289418517,0
10,0,1.0,3.121928094887362,0
13,0,1.0,3.238901256602631,0
12,0,1.0,3.4182958340544896,0
15,0,1.0,3.373557262275186,0
8,0,1.4,1.5487949406953985,0
15,1,1.0769230769230769,2.7395722619867224,0
9,0,1.0,2.725480556997868,0
11,0,1.4285714285714286,2.0403733936884962,1
10,0,1.0,2.9219280948873623,0
11,4,1.0,3.459431618637298,0
15,0,1.0769230769230769,3.4565647621309536,0
11,0,1.0,2.663532754804255,0
15,0,1.0,3.373557262275185,0
12,0,1.0,3.584962500721156,0
13,0,1.0,3.238901256602631,0
13,0,1.0,3.180832987205441,0
11,0,1.0,2.9139770731827523,0
12,1,1.0,3.0220552088742,0
9,1,1.0,2.725480556997868,0
11,0,1.1111111111111112,3.0957952550009344,0
9,0,1.0,2.94770277922009,0
10,0,1.0,2.9219280948873623,0
12,0,1.0,2.8553885422075336,0
6,3,1.25,1.792481250360578,0
14,0,1.0,3.09306920777189,0
7,0,1.0,2.5216406363433186,0
10,0,1.0,2.8464393446710154,0
12,0,1.375,2.251629167387823,0
14,0,1.1818181818181819,3.039148671903071,0
7,0,1.0,2.521640636343318,0
15,0,1.2727272727272727,2.6062389286533896,0
8,0,1.0,2.75,0
11,0,1.0,3.2776134368191165,0
10,0,1.0,3.121928094887362,0
10,0,1.0,2.446439344671015,0
11,0,1.0,3.2776134368191165,0
12,0,1.0,3.2516291673878226,0
15,5,1.0,3.7735572622751845,0
11,0,1.0,3.095795255000934,0
15,1,1.0,3.5068905956085183,0
11,0,1.1111111111111112,2.2998963911678914,0
7,2,1.0,2.807354922057604,0
15,1,1.0769230769230769,2.8729055953200557,0
15,0,1.0769230769230769,3.4565647621309536,0
14,0,1.0,3.3787834934861767,0
12,0,1.1,2.8553885422075336,0
3,0,1.0,1.584962500721156,0
15,0,1.0,3.1068905956085184,0
15,0,1.0,3.1898980954642866,0
14,0,1.0,3.3787834934861767,0
11,0,1.0,3.459431618637298,0
6,0,1.0,2.2516291673878226,0
9,0,1.0,3.169925001442312,0
10,2,1.0,3.121928094887362,0
13,0,1.3333333333333333,2.8150724101159437,0
10,1,1.0,3.121928094887362,0
6,0,1.0,2.584962500721156,0
12,0,1.0,3.2516291673878226,0
15,0,1.0769230769230769,3.189898095464287,0
7,0,1.0,2.521640636343318,0
13,1,1.0,3.085055102756477,0
7,0,1.0,2.5216406363433186,0
11,0,1.0,2.9139770731827523,0
12,0,1.0,3.418295834054489,0
14,0,1.3,2.7534343861887853,0
12,0,1.0,3.084962500721156,0
10,0,1.0,2.8464393446710154,0
9,0,1.1428571428571428,2.4193819456463714,0
11,0,1.0,3.277613436819116,0
9,3,1.0,3.169925001442312,0
7,0,1.0,2.5216406363433186,0
10,0,1.0,2.8464393446710154,0
15,0,1.0,2.8729055953200553,0
10,0,1.0,3.121928094887362,0
11,0,1.0,2.9139770731827523,0
14,0,1.3,3.09306920777189,0
10,3,1.0,3.121928094887362,0
15,4,1.0,3.5068905956085183,0
13,0,1.0,3.085055102756477,0
11,0,1.0,2.9139770731827523,0
15,0,1.0,3.189898095464287,0
8,0,1.0,2.5,0
12,0,1.0,3.0220552088742,0
15,0,1.0,3.0062389286533895,0
12,2,1.0,3.0220552088742,0
10,0,1.0,2.9219280948873623,0
10,4,1.0,2.6464393446710157,0
14,0,1.0833333333333333,3.2359263506290334,0
14,0,1.3,2.4956029237290123,0
13,0,1.0,3.180832987205441,0
15,4,1.0,3.7735572622751845,0
12,0,1.0,3.2516291673878226,0
14,0,1.0833333333333333,3.182005814760214,0
8,0,1.0,2.75,0
12,0,1.0,3.084962500721156,0
13,0,1.0909090909090908,3.0850551027564768,0
13,0,1.0,3.3927474104487847,0
12,4,1.0,3.0220552088742005,0
12,0,1.5714285714285714,2.5220552088742,0
13,2,1.0,3.5465935642949384,0
8,0,1.0,2.5,0
8,4,1.0,3.0,0
11,4,1.0,3.277613436819116,0
9,2,1.0,3.169925001442312,0
12,0,1.1,2.617492461184755,0
13,2,1.0,3.238901256602631,0
14,2,1.0,3.2359263506290334,0
6,0,1.0,2.584962500721156,0
13,0,1.0,3.180832987205441,0
12,0,1.0,3.0220552088742,0
6,0,1.0,2.2516291673878226,0
8,0,1.0,2.75,0
10,0,1.0,2.9219280948873623,0
14,0,1.0833333333333333,3.378783493486176,0
13,0,1.0,3.3927474104487847,0
12,0,1.0,2.751629167387823,0
7,0,1.0,2.2359263506290326,0
9,0,1.0,2.94770277922009,0
9,0,1.0,2.94770277922009,0
13,2,1.0,3.3927474104487847,0
7,0,1.0,2.1280852788913944,0
12,0,1.0,3.084962500721156,0
7,0,1.0,2.807354922057604,0
12,0,1.1,3.2516291673878226,0
13,1,1.0,3.180832987205441,0
13,3,1.0,3.238901256602631,0
11,0,1.1111111111111112,2.6635327548042547,0
10,0,1.0,2.9219280948873623,0
9,3,1.0,2.94770277922009,0
8,0,1.0,2.1556390622295662,0
11,0,1.0,3.277613436819116,0
11,0,1.0,3.0957952550009344,0
8,0,1.0,2.75,0
13,0,1.0,3.238901256602631,0
15,0,1.0,3.5068905956085183,0
11,0,1.0,3.2776134368191165,0
9,0,1.0,2.725480556997868,0
14,0,1.0,3.521640636343319,0
11,0,1.0,3.095795255000934,0
15,0,1.0,3.240223928941852,0
15,0,1.0,3.106890595608518,0
13,5,1.0,3.3927474104487847,0
11,4,1.0,3.095795255000934,0
11,6,1.0,3.459431618637298,0
12,0,1.0,3.2516291673878226,0
14,0,1.0,3.3787834934861767,0
15,0,1.0,3.6402239289418516,0
15,0,1.0,3.506890595608518,0
15,0,1.0,3.5068905956085192,0
8,0,2.3333333333333335,1.061278124459133,0
9,2,1.0,2.725480556997868,0
15,2,1.0,3.640223928941852,0
11,4,1.0,3.459431618637298,0
12,0,1.1,2.584962500721156,0
9,0,1.0,2.94770277922009,0
15,0,1.0,3.506890595608519,0
10,0,1.0,3.121928094887362,0
15,0,1.0,3.506890595608518,0
7,0,1.0,2.807354922057604,0
13,0,1.0,3.546593564294939,0
13,0,1.0,3.3927474104487847,0
12,0,1.0,3.418295834054489,0
9,0,1.0,2.4193819456463714,0
3,0,1.0,1.584962500721156,0
8,0,1.1666666666666667,2.5,0
10,0,1.0,3.121928094887362,0
13,0,1.0,3.3927474104487847,0
9,0,1.0,2.94770277922009,0
9,3,1.0,3.169925001442312,0
3,0,1.0,0.9182958340544896,0
14,2,1.0,3.378783493486176,0
8,4,1.1666666666666667,2.5,0
11,0,1.0,2.663532754804255,0
13,0,1.0,3.3927474104487847,0
12,0,1.0,3.418295834054489,0
10,0,1.125,2.6464393446710153,0
13,8,1.0,3.3927474104487847,0
12,0,2.75,1.207518749639422,0
11,0,1.0,2.9139770731827523,0
10,0,1.0,3.121928094887362,0
10,0,1.0,3.121928094887362,0
7,0,1.0,2.807354922057604,0
15,3,1.0,3.773557262275185,0
15,0,1.0,3.4565647621309536,0
14,0,1.0,3.8073549220576055,0
9,0,1.0,2.9477027792200903,0
11,0,1.0,3.0957952550009344,0
9,0,1.0,2.6416041678685933,0
9,2,1.0,2.94770277922009,0
14,0,1.0,3.09306920777189,0
11,3,1.4285714285714286,2.7321588913645702,0
14,0,1.0833333333333333,3.039148671903071,0
15,0,1.0769230769230769,3.189898095464287,0
7,1,1.0,2.5216406363433186,0
12,0,1.2222222222222223,2.4591479170272446,0
10,0,1.125,2.9219280948873623,0
15,0,1.1666666666666667,2.9232314287976204,0
10,0,1.0,2.9219280948873623,0
12,0,1.0,3.0220552088742,0
11,2,1.0,3.277613436819116,0
12,1,1.0,3.418295834054489,0
15,0,1.0,3.373557262275185,0
10,0,1.125,2.6464393446710157,0
15,2,1.0,3.2729055953200556,0
13,0,1.0,3.238901256602631,0
15,0,1.0,3.32323142879762,0
7,2,1.0,2.235926350629032,0
15,5,1.0,3.2402239289418517,0
6,1,1.0,2.584962500721156,0
15,4,1.0,3.0565647621309537,0
7,0,1.0,2.2359263506290326,0
9,0,1.0,2.94770277922009,0
11,4,1.0,3.459431618637298,0
9,4,1.0,2.9477027792200903,0
15,0,1.0769230769230769,3.1898980954642866,0
9,0,1.0,2.94770277922009,0
15,4,1.0769230769230769,3.0565647621309546,0
10,2,1.0,2.7219280948873625,0
9,0,1.0,3.169925001442312,0
7,0,1.0,2.807354922057604,0
9,0,1.0,2.94770277922009,0
10,0,1.0,3.121928094887362,0
9,4,1.0,2.725480556997868,0
10,0,1.0,3.1219280948873624,0
15,5,1.0,3.1898980954642866,0
12,0,1.0,3.0220552088742,0
9,2,1.0,2.94770277922009,0
8,0,1.0,3.0,0
14,0,1.1818181818181819,2.950212064914747,0
11,0,1.0,3.095795255000934,0
11,0,1.1111111111111112,2.7321588913645702,0
10,0,1.0,3.1219280948873624,0
15,4,1.0,3.2402239289418517,0
12,0,1.0,2.688721875540867,0
10,0,1.0,2.9219280948873623,0
7,0,1.0,2.807354922057604,0
7,2,1.0,2.521640636343318,0
9,0,1.0,2.6416041678685933,0
10,0,1.0,2.9219280948873623,0
15,0,1.0,3.0565647621309537,0
14,0,1.0,3.039148671903071,0
11,0,1.0,2.5503407095463886,0
8,0,1.0,3.0,0
8,0,1.0,2.5,0
12,0,1.1,3.251629167387823,0
8,2,1.0,3.0,0
10,1,1.0,3.321928094887362,0
15,2,1.0,3.4565647621309536,0
9,2,1.0,2.94770277922009,0
10,0,1.0,3.121928094887362,0
12,0,1.0,3.2516291673878226,0
15,0,1.0,3.506890595608518,0
15,0,1.0,3.1395722619867223,0
12,0,1.0,2.792481250360578,0
15,0,1.0,3.5898980954642865,0
8,0,1.0,2.75,0
10,0,1.0,2.8464393446710154,0
9,0,1.0,3.169925001442312,0
13,0,1.0,3.3927474104487847,0
8,0,1.1666666666666667,2.5,0
15,0,1.0,3.1395722619867223,0
13,0,1.0,3.238901256602631,0
14,1,1.0,3.2359263506290334,0
11,1,1.0,3.277613436819116,0
14,0,1.0,3.521640636343319,0
14,0,1.0,3.182005814760214,0
15,0,1.0,3.6402239289418516,0
10,1,1.125,2.6464393446710153,0
8,0,1.0,2.75,0
10,0,1.0,2.9219280948873623,0
11,0,1.0,3.095795255000934,0
14,0,1.0,3.521640636343319,0
13,2,1.0909090909090908,3.180832987205441,0
13,3,1.0,3.238901256602631,0
9,0,1.0,2.4193819456463714,0
8,0,1.1666666666666667,2.5,0
9,0,1.0,2.94770277922009,0
9,0,1.0,2.4193819456463714,0
14,0,1.0,3.3248629576173574,0
8,0,1.0,3.0,0
4,0,1.0,2.0,0
15,4,1.1666666666666667,3.2402239289418526,0
12,0,1.0,3.2516291673878226,0
13,0,1.0,3.180832987205441,0
13,1,1.0,3.5465935642949384,0
14,0,1.0,3.09306920777189,0
5,0,1.0,2.321928094887362,0
14,0,1.0,3.378783493486176,0
7,0,1.0,2.521640636343318,0
11,0,1.0,3.459431618637298,0
15,0,1.0,3.323231428797621,0
14,4,1.0,3.3248629576173574,0
7,0,1.0,2.521640636343318,0
7,0,1.0,2.5216406363433186,0
11,4,1.0,3.277613436819116,0
13,0,1.0909090909090908,2.931208948910323,0
14,0,1.0,3.378783493486176,0
13,0,1.0,3.3927474104487847,0
14,0,1.0,3.3787834934861767,0
9,0,1.0,3.169925001442312,0
13,0,1.0,3.238901256602631,0
13,0,1.0,3.238901256602631,0
15,1,1.0,2.973557262275185,0
9,0,1.0,2.94770277922009,0
12,0,1.0,3.2516291673878226,0
14,0,1.0,3.521640636343319,0
15,2,1.0,3.0565647621309537,0
3,0,1.0,1.584962500721156,0
13,0,1.0909090909090908,2.873140679513133,0
5,0,1.0,1.9219280948873623,0
12,0,1.0,3.251629167387823,0
13,2,1.3333333333333333,2.7773627950641693,0
7,0,1.0,2.807354922057604,0
11,0,1.0,2.7321588913645702,0
11,0,1.0,2.663532754804255,0
15,0,1.0769230769230769,3.1068905956085184,0
12,0,1.0,3.0220552088742,0
14,2,1.0833333333333333,3.3248629576173574,0
11,0,1.0,3.095795255000934,1
13,0,1.0,3.238901256602631,0
13,2,1.0,3.238901256602631,0
11,0,1.0,2.845350936622437,0
11,0,1.0,3.027169118440619,0
7,0,1.0,2.807354922057604,0
11,0,1.0,3.277613436819116,0
15,0,1.0,3.3735572622751846,0
15,1,1.0769230769230769,3.1898980954642866,0
7,0,1.0,2.807354922057604,0
12,0,1.0,3.4182958340544896,0
15,4,1.0,3.640223928941851,0
15,0,1.0769230769230769,3.3735572622751855,0
9,4,1.0,2.94770277922009,0
8,0,1.0,2.5,0
8,1,1.0,3.0,0
10,0,1.0,2.9219280948873623,0
13,0,1.0,3.546593564294939,0
11,0,1.0,3.0957952550009344,0
12,0,1.0,3.188721875540867,0
14,4,1.0,3.521640636343319,0
15,0,1.0,3.189898095464287,0
14,0,1.0,3.09306920777189,0
13,0,1.0909090909090908,2.7773627950641693,0
15,2,1.0,3.7735572622751845,0
6,1,1.0,2.2516291673878226,0
5,0,1.0,2.321928094887362,0
12,0,1.0,3.0220552088742005,0
15,0,1.0769230769230769,2.9735572622751847,0
12,0,1.0,2.8553885422075336,0
7,0,1.0,2.2359263506290326,0
5,2,1.0,2.321928094887362,0
14,0,1.0,3.521640636343319,0
12,0,1.0,3.418295834054489,0
8,0,1.0,2.5,0
13,0,1.0,3.334679141051595,0
15,2,1.0,3.373557262275185,0
6,4,1.0,2.2516291673878226,0
14,4,1.0,3.521640636343319,0
14,0,1.0,3.09306920777189,0
12,0,1.0,3.418295834054489,0
15,0,1.0,3.640223928941851,0
11,0,1.1111111111111112,2.8453509366224368,0
11,0,1.0,3.0957952550009344,0
11,0,1.0,3.0957952550009344,0
15,0,1.0,3.6402239289418516,0
10,0,1.0,3.1219280948873624,0
10,0,1.0,2.8464393446710154,0
11,0,1.0,2.9139770731827523,0
10,2,1.125,2.6464393446710153,0
11,0,1.0,3.459431618637298,0
12,0,1.1,2.4182958340544896,0
11,0,1.0,3.2776134368191165,0
14,1,1.0833333333333333,3.378783493486176,0
10,0,1.0,3.121928094887362,0
15,3,1.0,3.139572261986723,0
11,0,1.0,3.0957952550009344,0
11,0,1.0,3.095795255000934,0
5,0,1.0,2.321928094887362,0
12,2,1.0,3.418295834054489,0
14,0,1.0,2.6644977792004614,0
12,0,1.0,3.084962500721156,0
9,0,1.0,2.725480556997868,0
13,0,1.0,3.3927474104487847,0
13,0,1.2,2.5654483718208256,0
9,0,1.0,3.169925001442312,0
15,4,1.0769230769230769,3.240223928941852,0
14,0,1.0833333333333333,2.8073549220576037,0
12,0,1.0,3.584962500721156,0
12,0,1.1,2.751629167387823,0
8,0,1.0,2.0,0
15,0,1.0,3.906890595608518,0
7,0,1.0,2.807354922057604,0
9,0,1.0,2.725480556997868,0
8,0,1.0,2.75,0
15,0,1.0,3.32323142879762,0
12,3,1.0,3.584962500721156,0
7,0,1.0,2.5216406363433186,0
9,0,1.0,2.4193819456463714,0
12,0,1.0,3.0849625007211556,0
9,0,1.0,2.9477027792200903,0
13,0,1.0,3.238901256602631,0
5,2,1.0,2.321928094887362,0
11,0,1.0,3.277613436819116,0
13,0,1.0,3.238901256602631,0
12,0,1.0,3.084962500721156,0
9,0,1.0,2.94770277922009,0
12,0,1.0,3.0849625007211556,0
15,0,1.0,3.5068905956085183,0
11,3,1.1111111111111112,3.0957952550009344,0
9,0,1.0,2.94770277922009,0
15,0,1.0,2.9995812306460645,0
11,0,1.0,3.095795255000934,0
6,0,1.0,2.584962500721156,0
14,0,1.0,3.378783493486176,0
10,0,1.0,3.321928094887362,0
12,0,1.0,2.751629167387823,0
13,0,1.0,3.0269868333592873,0
9,0,1.0,2.2810361125534233,0
12,0,1.0,2.8553885422075336,0
7,0,1.0,2.807354922057604,0
13,0,1.0,3.238901256602631,0
8,0,1.0,2.75,0
13,0,1.0,3.0269868333592873,0
14,0,1.0,3.039148671903071,0
11,0,1.0,3.0957952550009344,0
9,0,1.0,2.94770277922009,0
10,0,1.0,2.9219280948873623,0
6,0,1.0,2.584962500721156,0
11,0,1.0,2.663532754804255,0
14,0,1.0,3.521640636343319,0
11,0,1.25,2.4040097573248604,0
15,2,1.0,3.773557262275185,0
15,1,1.0,3.506890595608518,0
13,2,1.0,3.0269868333592873,0
15,0,1.0,3.0062389286533895,0
13,0,1.0909090909090908,2.9312089489103235,0
10,0,1.125,2.6464393446710153,0
10,0,1.0,3.321928094887362,0
10,0,1.0,2.9219280948873623,0
8,0,1.0,2.75,0
15,0,1.0,3.3735572622751855,0
11,0,1.0,3.0957952550009344,0
14,0,1.0,3.378783493486176,0
9,0,1.0,2.725480556997868,0
12,0,1.0,3.4182958340544896,0
13,0,1.0,3.5465935642949384,0
14,0,1.0833333333333333,3.2359263506290326,0
8,0,1.0,2.5,0
9,0,1.0,3.169925001442312,0
12,0,1.0,3.188721875540867,0
13,0,1.0,3.3927474104487847,0
13,0,1.0,3.180832987205441,0
13,0,1.0,2.873140679513133,0
8,0,1.0,3.0,0
13,0,1.0909090909090908,2.6612262562697895,0
7,0,1.0,2.521640636343318,0
13,3,1.0,3.3927474104487847,0
14,0,1.0833333333333333,2.835237745312118,0
6,0,1.0,2.584962500721156,0
12,0,1.0,3.2516291673878226,0
13,0,1.0,3.334679141051595,0
10,0,1.0,3.321928094887362,0
10,0,1.0,3.121928094887362,0
15,0,1.0,3.3735572622751855,0
13,0,1.0,3.5465935642949384,0
13,0,1.0,3.180832987205441,0
7,0,1.0,2.807354922057604,0
12,1,1.1,3.0220552088742,0
15,2,1.0769230769230769,3.3735572622751846,0
15,0,1.0,3.323231428797621,0
14,0,1.0,3.182005814760214,0
8,0,1.0,2.5,0
8,3,1.0,3.0,0
11,0,1.0,3.0957952550009344,0
13,0,1.0,3.0269868333592873,0
12,0,1.0,3.4182958340544896,0
15,1,1.0,3.7735572622751845,0
13,0,1.0,3.0269868333592873,0
15,2,1.0,3.773557262275185,0
9,0,1.0,2.725480556997868,0
12,0,1.0,3.2516291673878226,0
11,0,1.0,3.277613436819116,0
14,0,1.0,3.6644977792004623,0
13,0,1.0,3.085055102756477,0
11,0,1.0,2.481714572986073,0
11,0,1.0,2.9139770731827523,0
13,0,1.0,3.3927474104487847,0
14,0,1.0833333333333333,2.8423709931771084,0
13,0,1.0,2.7192945256669794,0
11,0,1.0,3.277613436819116,0
13,0,1.0909090909090908,3.0850551027564768,0
11,0,1.1111111111111112,2.913977073182752,0
5,3,1.0,2.321928094887362,0
8,0,1.0,2.75,0
12,0,1.0,3.084962500721156,1
15,0,1.0769230769230769,3.373557262275185,0
11,0,1.1111111111111112,2.845350936622437,0
15,0,1.0,3.5068905956085183,0
12,0,1.1,3.0220552088742005,0
10,0,1.0,3.121928094887362,0
12,0,1.0,3.0849625007211556,0
15,0,1.0769230769230769,3.2402239289418517,0
8,2,1.0,2.75,0
13,0,1.0,3.0269868333592873,0
13,0,1.0,3.3927474104487847,0
13,0,1.0,3.5465935642949384,0
13,3,1.0,3.3927474104487847,0
10,0,1.0,3.321928094887362,0
12,1,1.0,3.084962500721156,0
15,0,1.0769230769230769,3.272905595320056,0
12,0,1.0,3.0849625007211556,0
8,0,1.0,2.75,0
15,2,1.0,3.5068905956085183,0
6,0,1.0,2.2516291673878226,0
9,0,1.0,2.6416041678685933,0
9,0,1.0,2.94770277922009,0
8,2,1.0,3.0,0
13,0,1.0,3.238901256602631,0
14,0,1.0,3.039148671903071,0
12,0,1.0,3.084962500721156,0
14,0,1.0,3.521640636343319,0
11,0,1.0,2.8453509366224368,0
8,0,1.0,3.0,0
11,3,1.1111111111111112,2.8453509366224368,0
14,0,1.0,3.3248629576173574,0
8,1,1.4,2.1556390622295662,0
12,0,1.0,3.0220552088742,0
14,0,1.0,3.521640636343319,0
11,0,1.0,3.0957952550009344,0
10,0,1.0,2.9219280948873623,0
11,0,1.0,3.2776134368191165,0
8,0,1.0,2.4056390622295662,0
13,0,1.0,3.085055102756477,0
14,0,1.0,3.2359263506290334,0
8,2,1.0,3.0,0
11,0,1.0,3.459431618637298,0
9,0,1.0,2.94770277922009,0
11,0,1.0,2.9139770731827523,0
13,3,1.0,3.3927474104487847,0
11,0,1.0,3.095795255000934,0
14,0,1.0,3.3787834934861767,0
13,0,1.0,3.3927474104487847,0
14,0,1.0833333333333333,2.8423709931771084,0
15,0,1.0,3.373557262275185,0
7,2,1.0,2.5216406363433186,0
10,0,1.0,2.9219280948873623,0
10,2,1.0,3.121928094887362,0
7,0,1.0,2.2359263506290326,1
15,0,1.0,3.1898980954642866,0
14,0,1.0,3.182005814760214,0
12,0,1.0,2.7516291673878226,0
14,0,1.0,3.3248629576173574,0
10,0,1.0,2.9219280948873623,0
13,0,1.0,3.5465935642949384,0
11,0,1.0,3.2776134368191165,0
11,0,1.0,3.0957952550009344,0
9,0,1.0,2.725480556997868,0
9,0,1.1428571428571428,2.5032583347756456,0
7,0,1.0,2.5216406363433186,0
15,1,1.0769230769230769,3.2402239289418517,0
15,3,1.0,3.906890595608518,0
10,4,1.0,3.321928094887362,0
9,0,1.0,2.725480556997868,0
7,0,1.0,2.521640636343318,0
7,3,1.0,2.521640636343318,0
11,0,1.0,3.277613436819116,0
14,0,1.0,3.3248629576173574,0
8,0,1.0,2.75,0
15,4,1.0,3.640223928941851,0
11,0,1.0,3.095795255000934,0
11,0,1.0,3.459431618637298,0
10,5,1.0,3.321928094887362,0
11,2,1.0,3.027169118440619,0
10,0,1.0,2.8464393446710154,0
6,0,1.0,2.584962500721156,0
8,1,1.0,3.0,0
11,2,1.0,2.8453509366224368,0
13,0,1.0,3.180832987205441,0
14,0,1.0,3.182005814760214,0
9,0,1.0,2.94770277922009,0
6,0,1.0,2.584962500721156,0
8,1,1.0,2.75,0
13,0,1.0,3.238901256602631,0
9,0,1.1428571428571428,2.2810361125534238,0
13,0,1.0,3.392747410448785,0
11,1,1.0,3.027169118440619,0
12,0,1.0,2.8553885422075336,0
7,0,1.0,2.235926350629032,0
11,0,1.0,2.481714572986073,0
13,2,1.0,3.546593564294939,0
12,0,1.0,3.2516291673878226,0
10,3,1.0,3.321928094887362,0
12,0,1.1,3.084962500721156,0
10,0,1.0,2.4464393446710155,0
8,0,1.0,2.75,0
9,0,1.0,2.94770277922009,0
8,0,1.0,3.0,0
10,0,1.0,2.9219280948873623,0
7,0,1.0,2.807354922057604,0
10,0,1.0,3.121928094887362,0
13,0,1.0,3.7004397181410926,0
12,0,1.0,3.2516291673878226,0
12,0,1.2222222222222223,2.8553885422075336,0
11,0,1.0,3.277613436819116,0
8,0,1.0,2.5,0
15,0,1.1666666666666667,3.2402239289418517,0
15,0,1.0,3.1329145639793974,0
11,0,1.0,3.095795255000934,0
14,0,1.0,3.182005814760214,0
13,0,1.0,3.180832987205441,0
8,0,1.0,2.75,0
8,1,1.0,2.75,0
10,1,1.0,3.321928094887362,0
12,1,1.0,3.418295834054489,0
10,0,1.0,2.9219280948873623,0
12,0,1.0,3.084962500721156,0
9,1,1.0,3.169925001442312,0
3,0,1.0,1.584962500721156,0
14,0,1.0,3.182005814760214,0
8,4,1.0,2.75,0
10,0,1.125,2.4464393446710155,0
11,0,1.0,3.0957952550009344,0
9,1,1.0,3.169925001442312,0
11,0,1.0,3.0957952550009344,0
11,2,1.0,2.8453509366224368,0
8,0,1.0,2.75,0
13,0,1.0,3.180832987205441,0
10,0,1.0,3.121928094887362,0
11,0,1.0,3.459431618637298,0
14,4,1.0833333333333333,3.3787834934861767,0
10,0,1.125,2.921928094887362,0
14,0,1.0,3.09306920777189,0
13,0,1.0,3.238901256602631,0
15,4,1.0,3.640223928941852,0
12,0,1.1,3.2516291673878226,0
12,0,1.1,2.688721875540867,0
6,2,1.0,2.2516291673878226,0
13,0,1.0,3.180832987205441,0
9,0,1.1428571428571428,2.197159723424149,0
15,1,1.0,3.5068905956085183,0
13,0,1.0909090909090908,2.6612262562697895,0
11,0,1.0,3.027169118440619,0
12,0,1.0,3.084962500721156,0
8,0,1.0,2.75,0
7,2,1.0,2.807354922057604,0
14,0,1.0,3.6644977792004623,0
10,0,1.0,3.121928094887362,0
14,0,1.0,3.3248629576173574,0
9,0,1.0,2.94770277922009,0
11,0,1.0,3.0957952550009344,0
12,0,1.0,3.2516291673878226,0
9,0,1.1428571428571428,2.4193819456463714,0
11,4,1.0,3.095795255000934,0
13,0,1.0,3.3927474104487847,0
8,1,1.0,2.75,0
12,0,1.0,3.188721875540867,0
10,2,1.0,2.9219280948873623,0
15,0,1.0,3.3232314287976203,0
10,0,1.0,3.1219280948873624,0
5,1,1.0,2.321928094887362,0
15,1,1.0769230769230769,3.1898980954642875,0
11,0,1.0,3.277613436819116,0
10,0,1.125,2.446439344671015,0
15,0,1.0,3.506890595608518,0
14,0,1.0833333333333333,2.8423709931771093,0
9,0,1.0,2.725480556997868,0
9,1,1.0,2.6416041678685933,0
8,0,1.0,3.0,0
15,0,1.0,3.4565647621309536,0
9,0,1.0,2.94770277922009,0
6,0,1.0,2.2516291673878226,0
10,0,1.0,2.9219280948873623,0
8,0,1.0,2.75,0
12,0,1.0,3.0220552088742,0
11,4,1.0,3.095795255000934,0
13,0,1.0,3.180832987205441,0
9,0,1.0,2.4193819456463714,0
12,0,1.0,3.418295834054489,1
9,0,1.0,2.725480556997868,0
10,0,1.0,2.9219280948873623,0
15,2,1.0,3.5068905956085183,0
15,0,1.0,3.506890595608518,0
15,0,1.0,3.456564762130953,0
6,0,1.0,2.251629167387823,0
10,1,1.0,3.121928094887362,0
13,0,1.0,3.7004397181410926,0
11,0,1.0,3.277613436819116,0
15,1,1.0,3.506890595608518,0
11,0,1.0,3.277613436819116,0
6,0,1.0,2.584962500721156,0
13,0,1.0,2.6612262562697895,0
12,0,1.1,2.7516291673878226,0
10,0,1.0,2.9219280948873623,0
6,0,1.0,2.2516291673878226,0
8,2,1.0,3.0,0
9,0,1.0,2.725480556997868,0
8,0,1.0,2.75,0
14,0,1.0,3.378783493486176,0
14,0,1.0,3.6644977792004623,0
11,2,1.0,3.095795255000934,0
15,0,1.0,3.373557262275185,0
6,0,1.0,2.2516291673878226,0
13,0,1.0,3.238901256602631,0
14,0,1.0,3.3248629576173574,0
11,0,1.0,3.0957952550009344,0
10,0,1.125,2.6464393446710153,0
12,0,1.0,3.4182958340544896,0
13,0,1.0,3.180832987205441,0
12,0,1.0,3.0220552088742,0
5,0,1.0,2.321928094887362,0
13,0,1.0,3.180832987205441,0
7,0,1.0,2.807354922057604,0
15,3,1.0,3.32323142879762,0
14,0,1.0,3.3787834934861767,0
11,0,1.0,3.2776134368191165,0
13,0,1.0,3.3927474104487847,0
13,0,1.0,3.238901256602631,0
12,0,1.0,3.584962500721156,0
13,0,1.2,2.7192945256669794,0
10,2,1.0,3.121928094887362,0
11,0,1.0,2.9139770731827523,0
12,0,1.0,3.0220552088742,0
9,0,1.0,2.725480556997868,1
10,0,1.0,2.9219280948873623,0
15,0,1.0,2.9232314287976204,0
10,1,1.0,3.1219280948873624,0
12,4,1.0,3.2516291673878226,0
15,0,1.0,3.773557262275185,0
15,3,1.0,3.640223928941851,0
6,4,1.0,2.2516291673878226,0
13,3,1.0,3.334679141051595,0
8,0,1.0,2.4056390622295662,0
15,4,1.0,3.640223928941852,0
15,0,1.0769230769230769,3.2402239289418517,0
7,0,1.0,2.807354922057604,0
14,3,1.0,3.3248629576173574,0
9,0,1.0,2.725480556997868,0
11,0,1.0,3.459431618637298,0
11,0,1.0,2.845350936622437,0
14,0,1.0,3.3787834934861767,0
7,0,1.0,2.807354922057604,0
14,0,1.0,3.182005814760214,0
14,2,1.0833333333333333,3.2359263506290334,0
11,0,1.0,2.663532754804255,0
11,0,1.25,2.5503407095463886,0
14,0,1.0,3.09306920777189,0
9,1,1.1428571428571428,2.725480556997868,0
11,0,1.0,3.0957952550009344,0
13,0,1.0,2.7192945256669794,0
9,0,1.0,2.725480556997868,0
9,0,1.0,2.94770277922009,0
14,0,1.0,3.521640636343319,1
6,0,1.0,2.584962500721156,0
10,0,1.125,2.4464393446710155,0
6,0,1.0,2.584962500721156,0
15,0,1.0769230769230769,3.1898980954642875,0
8,0,1.0,2.4056390622295662,0
15,0,1.0,3.056564762130954,0
10,0,1.0,2.7219280948873625,0
14,0,1.0,3.521640636343319,0
11,0,1.0,2.8453509366224368,0
9,3,1.0,3.169925001442312,0
14,2,1.0,3.3248629576173574,0
15,0,1.0,3.056564762130954,0
12,0,1.0,3.084962500721156,0
10,0,1.0,3.121928094887362,0
8,2,1.0,3.0,0
9,0,1.0,2.94770277922009,0
14,0,1.0,2.950212064914747,0
11,0,1.0,3.277613436819116,0
11,0,1.0,3.095795255000934,0
12,0,1.0,3.418295834054489,0
11,0,1.0,3.095795255000934,0
9,0,1.0,2.94770277922009,0
15,0,1.0769230769230769,3.1395722619867223,0
12,0,1.0,3.418295834054489,0
8,4,1.0,2.75,0
4,2,1.0,2.0,0
7,0,1.0,2.521640636343318,0
7,0,1.0,2.807354922057604,0
9,0,1.0,2.725480556997868,0
7,0,1.0,2.807354922057604,1
13,0,1.0,3.238901256602631,0
15,0,1.0769230769230769,3.3735572622751855,0
7,0,1.0,2.807354922057604,0
6,0,1.0,2.2516291673878226,0
6,0,1.0,1.7924812503605778,0
6,1,1.0,2.2516291673878226,0
10,0,1.0,3.121928094887362,0
4,0,1.0,2.0,0
13,0,1.0,2.7773627950641693,0
13,0,1.0909090909090908,3.180832987205441,0
14,0,1.0,3.378783493486176,0
6,0,1.0,2.251629167387823,0
13,0,1.0,3.0850551027564768,0
7,2,1.0,2.807354922057604,0
13,0,1.0,3.238901256602631,0
12,0,1.8333333333333333,2.2516291673878226,0
14,0,1.0,2.8423709931771084,0
15,0,1.0,3.1898980954642875,0
12,0,1.0,3.418295834054489,0
14,1,1.0,3.521640636343319,0
12,0,1.0,3.0220552088742005,0
9,0,1.1428571428571428,2.4193819456463714,0
10,0,1.125,2.9219280948873623,0
7,0,1.0,2.807354922057604,0
8,4,1.0,2.75,0
14,8,1.0,3.521640636343319,0
11,0,1.0,3.277613436819116,0
9,0,1.0,3.169925001442312,0
11,2,1.0,3.459431618637298,0
9,0,1.0,2.725480556997868,0
8,0,1.0,2.75,0
11,0,1.0,3.027169118440619,0
8,0,1.0,2.75,0
11,0,1.0,3.2776134368191165,0
11,0,1.0,2.7321588913645702,0
6,3,1.0,2.584962500721156,0
15,1,1.0769230769230769,3.2402239289418517,0
8,1,1.0,3.0,0
8,4,1.1666666666666667,2.5,0
10,1,1.0,3.121928094887362,0
12,0,1.0,3.0849625007211556,0
6,2,1.0,2.584962500721156,0
15,0,1.0,3.506890595608518,0
8,0,1.0,3.0,0
14,0,1.0,3.521640636343319,0
15,3,1.0,3.6402239289418516,0
15,0,1.0,3.2402239289418517,0
10,1,1.0,2.9219280948873623,0
8,0,1.0,2.4056390622295662,0
15,0,1.0,3.456564762130954,0
7,0,1.0,2.1280852788913944,0
8,0,1.0,2.5,0
8,0,1.0,2.75,0
15,0,1.0,3.00623892865339,0
10,0,1.0,2.5219280948873624,0
9,0,1.0,2.94770277922009,0
9,1,1.0,3.169925001442312,0
13,0,1.0909090909090908,3.238901256602631,0
12,0,1.0,2.792481250360578,0
8,1,1.0,2.75,0
8,0,1.0,3.0,0
9,0,1.0,2.725480556997868,0
14,0,1.0,2.8962915290459286,0
15,0,1.0769230769230769,3.106890595608518,0
7,0,1.0,2.807354922057604,0
11,0,1.0,3.095795255000934,0
11,0,1.0,3.277613436819116,0
12,2,1.0,3.418295834054489,0
10,0,1.0,2.721928094887362,0
10,4,1.0,3.1219280948873624,0
10,0,1.0,3.321928094887362,0
13,0,1.0,3.3927474104487847,0
12,0,1.0,3.0220552088742005,0
8,0,1.1666666666666667,2.1556390622295662,0
14,4,1.0833333333333333,3.128085278891395,0
12,0,1.0,3.084962500721156,0
11,1,1.0,3.027169118440619,0
12,0,1.375,2.2841591278514217,0
10,0,1.0,3.121928094887362,0
9,1,1.0,3.169925001442312,0
12,0,1.0,3.418295834054489,0
7,2,1.0,2.807354922057604,0
13,2,1.0,3.546593564294939,0
6,0,1.0,2.584962500721156,0
9,0,1.0,3.169925001442312,0
12,0,1.0,3.584962500721156,0
8,0,1.0,2.75,0
9,1,1.0,2.94770277922009,0
7,0,1.0,2.2359263506290326,0
7,0,1.0,2.2359263506290326,0
14,1,1.0,3.3248629576173574,0
11,2,1.0,3.0957952550009344,0
10,0,1.0,2.9219280948873623,0
12,0,1.0,3.084962500721156,0
9,0,1.0,2.9477027792200903,0
12,0,1.0,3.188721875540867,0
12,0,1.0,3.2516291673878226,1
12,0,1.0,2.918295834054489,0
11,0,1.1111111111111112,2.8453509366224368,0
8,0,1.0,2.75,0
13,0,1.0,2.7773627950641693,0
12,0,1.0,3.188721875540867,0
15,3,1.0,3.906890595608518,0
9,0,1.0,2.725480556997868,0
11,0,1.0,3.0957952550009344,0
11,0,1.0,3.277613436819116,0
12,0,1.0,3.418295834054489,0
15,0,1.0,3.6402239289418516,0
14,0,1.0833333333333333,3.039148671903071,0
7,2,1.0,2.807354922057604,0
12,0,1.0,3.2516291673878226,0
15,0,1.0,3.373557262275185,0
8,0,1.0,3.0,0
12,0,1.0,3.418295834054489,0
11,0,1.25,2.7321588913645702,0
9,0,1.0,2.5032583347756456,0
9,0,1.0,2.94770277922009,0
12,2,1.0,3.0220552088742,0
14,0,1.0,3.182005814760214,0
11,0,1.0,3.459431618637298,0
10,0,1.0,3.1219280948873624,0
8,2,1.0,2.75,0
13,0,1.0,3.238901256602631,0
10,0,1.0,2.7219280948873625,0
9,0,1.0,3.169925001442312,0
8,0,1.0,2.75,0
11,0,1.0,3.0957952550009344,0
14,0,1.0833333333333333,3.182005814760214,0
7,0,1.0,2.2359263506290326,0
14,2,1.0,3.521640636343319,0
10,0,1.0,3.121928094887362,0
14,0,1.0,3.3248629576173574,0
8,0,1.0,2.5,0
9,0,1.0,3.169925001442312,0
12,1,1.0,3.584962500721156,0
9,0,1.0,2.94770277922009,0
11,0,1.0,3.459431618637298,0
15,0,1.0,3.3735572622751855,0
14,0,1.0,3.521640636343319,0
12,0,1.0,3.0220552088742005,0
8,0,1.0,2.75,0
15,0,1.0,3.189898095464287,0
8,3,1.0,3.0,0
13,0,1.0,2.9312089489103235,0
5,0,1.0,2.321928094887362,0
15,0,1.0,3.773557262275185,0
12,2,1.0,3.418295834054489,0
6,0,1.0,2.2516291673878226,0
9,0,1.0,2.6416041678685933,0
11,0,1.0,2.9139770731827523,0
15,0,1.0,3.3735572622751846,0
10,0,1.0,3.121928094887362,0
15,4,1.0,3.4565647621309536,0
10,0,1.0,2.9219280948873623,0
14,2,1.0,3.2359263506290334,0
12,0,1.0,2.751629167387823,0
8,0,1.0,3.0,0
13,0,1.0,2.873140679513133,0
15,2,1.0,3.506890595608518,0
15,2,1.0,3.589898095464287,0
15,1,1.0,3.32323142879762,0
15,2,1.0769230769230769,3.5068905956085183,0
11,0,1.0,3.0957952550009344,0
10,0,1.0,3.321928094887362,0
10,0,1.125,2.6464393446710153,1
10,0,1.0,2.6464393446710153,0
11,0,1.0,3.095795255000934,0
12,0,1.0,2.918295834054489,0
14,0,1.0,3.3248629576173574,0
15,0,1.0,3.4565647621309536,0
7,0,1.0,2.807354922057604,0
11,0,1.0,3.0957952550009344,0
13,4,1.0,3.3927474104487847,0
11,0,1.0,3.0957952550009344,0
14,0,1.0,2.950212064914747,0
10,0,1.0,3.121928094887362,0
13,0,1.0,2.9689185639620974,0
9,0,1.0,2.725480556997868,0
13,0,1.0909090909090908,3.238901256602631,0
11,0,1.0,3.459431618637298,0
13,0,1.0909090909090908,2.8731406795131336,0
9,0,1.0,2.725480556997868,0
6,0,1.0,2.584962500721156,0
14,0,1.0833333333333333,2.9852281360342516,0
11,1,1.0,3.459431618637298,0
13,0,1.0,3.180832987205441,0
9,0,1.0,3.169925001442312,0
11,0,1.0,3.027169118440619,0
13,0,1.0,2.66122625626979,0
7,0,1.0,2.2359263506290326,0
12,0,1.0,3.418295834054489,0
13,4,1.0909090909090908,3.0269868333592873,0
8,1,1.0,3.0,0
9,0,1.0,3.169925001442312,0
11,1,1.0,3.027169118440619,0
12,0,1.0,3.0849625007211556,0
10,0,1.0,2.9219280948873623,0
11,0,1.0,2.845350936622437,0
15,0,1.0769230769230769,2.8402239289418514,0
15,1,1.0769230769230769,3.189898095464287,0
10,0,1.0,3.321928094887362,0
9,0,1.0,2.94770277922009,0
9,0,1.0,3.169925001442312,0
15,0,1.0,3.3735572622751846,0
10,0,1.0,3.1219280948873624,0
9,0,1.0,2.94770277922009,0
12,1,1.0,3.0849625007211556,0
10,2,1.0,3.121928094887362,0
14,0,1.0,3.521640636343319,0
9,0,1.0,2.725480556997868,0
13,0,1.0909090909090908,3.0269868333592873,0
8,1,1.0,3.0,0
9,2,1.0,2.94770277922009,0
6,2,1.0,2.584962500721156,0
7,0,1.0,2.807354922057604,0
8,2,1.0,3.0,0
11,0,1.0,3.095795255000934,0
8,3,1.0,2.75,0
10,2,1.0,2.9219280948873623,0
7,1,1.0,2.5216406363433186,0
11,2,1.0,3.095795255000934,0
8,0,1.0,3.0,0
14,0,1.0,3.2359263506290334,0
10,4,1.0,3.1219280948873624,0
11,4,1.0,3.095795255000934,0
9,0,1.0,3.169925001442312,0
7,0,1.0,2.807354922057604,0
10,0,1.0,3.121928094887362,0
8,0,1.0,2.4056390622295662,0
13,0,1.0,3.3927474104487847,0
11,0,1.0,3.027169118440619,0
13,0,1.0,3.180832987205441,0
10,0,1.0,2.9219280948873623,0
10,0,1.0,2.9219280948873623,0
12,0,1.0,3.2516291673878226,0
15,0,1.0,3.106890595608519,0
14,0,1.0,3.182005814760214,0
9,0,1.0,2.94770277922009,0
12,0,1.0,3.084962500721156,0
14,0,1.0,3.3248629576173574,0
8,3,1.0,2.75,0
8,0,1.0,2.75,0
15,0,1.0769230769230769,3.2729055953200556,0
10,0,1.0,2.721928094887362,0
15,0,1.0,3.6402239289418516,0
11,0,1.1111111111111112,2.3685225277282065,0
9,0,1.0,2.94770277922009,0
15,0,1.0769230769230769,2.8729055953200557,0
15,0,1.0,3.323231428797621,0
10,0,1.0,2.9219280948873623,0
10,0,1.0,3.121928094887362,0
12,0,1.0,2.8553885422075336,0
14,0,1.0,3.182005814760214,0
6,0,1.0,2.584962500721156,0
8,0,1.0,3.0,0
12,0,1.0,3.084962500721156,0
6,0,1.0,1.9182958340544896,0
15,0,1.0,3.4565647621309536,0
10,0,1.0,3.121928094887362,0
10,0,1.0,3.1219280948873624,0
11,0,1.0,3.0957952550009344,0
12,0,1.0,3.084962500721156,0
14,0,1.0,3.182005814760214,0
15,1,1.0,3.189898095464287,0
14,0,1.0833333333333333,3.378783493486176,0
14,2,1.0,3.2359263506290334,0
15,0,1.0769230769230769,3.4565647621309536,0
10,1,1.0,2.9219280948873623,0
10,0,1.0,3.121928094887362,0
6,2,1.0,2.584962500721156,0
14,0,1.0,3.6644977792004623,0
11,3,1.0,3.027169118440619,0
15,0,1.0,3.0565647621309537,0
11,0,1.0,3.277613436819116,0
8,0,1.0,2.75,0
7,1,1.0,2.521640636343318,0
10,4,1.125,2.7219280948873625,0
14,0,1.0,3.039148671903071,0
13,0,1.0,3.238901256602631,0
8,2,1.0,2.75,0
5,0,1.0,2.321928094887362,0
15,2,1.0769230769230769,3.323231428797621,0
6,2,1.0,2.584962500721156,0
12,0,1.0,3.418295834054489,0
12,0,1.0,2.688721875540867,0
11,2,1.0,3.0957952550009344,0
13,0,1.0,3.0269868333592873,0
11,0,1.0,3.277613436819116,0
13,0,1.0,3.238901256602631,0
10,0,1.0,3.321928094887362,0
7,0,1.0,2.807354922057604,0
15,0,1.0,3.1395722619867223,0
15,0,1.0,3.5068905956085183,0
7,0,1.0,2.807354922057604,0
6,2,1.0,2.584962500721156,0
14,3,1.0833333333333333,3.521640636343319,0
10,0,1.125,2.721928094887362,0
9,0,1.0,2.9477027792200903,0
7,0,1.0,2.2359263506290326,0
12,0,1.0,3.0220552088742,0
13,0,1.0,3.3927474104487847,0
12,0,1.0,2.9182958340544896,0
14,0,1.0,3.3787834934861767,0
12,0,1.0,3.584962500721156,0
12,0,1.1,3.2516291673878226,0
7,1,1.0,2.807354922057604,0
9,2,1.0,2.725480556997868,0
6,0,1.0,2.251629167387823,0
14,0,1.0,3.2359263506290334,0
10,0,1.0,2.721928094887362,0
9,2,1.0,3.169925001442312,0
7,0,1.0,2.807354922057604,0
15,0,1.0,3.4565647621309536,0
11,4,1.0,3.277613436819116,0
15,1,1.1666666666666667,3.189898095464287,0
8,0,1.0,2.75,0
14,0,1.1818181818181819,3.2359263506290334,0
9,0,1.0,2.725480556997868,0
12,0,1.0,3.418295834054489,0
15,5,1.0,3.189898095464288,0
15,0,1.0,3.1898980954642875,0
9,0,1.0,2.94770277922009,0
13,0,1.0,3.5465935642949384,0
10,0,1.0,2.9219280948873623,0
10,0,1.0,3.121928094887362,0
8,0,1.0,2.4056390622295662,0
13,0,1.0,3.5465935642949384,0
10,0,1.0,3.321928094887362,0
13,0,1.0909090909090908,2.9312089489103235,0
12,0,1.0,3.2516291673878226,0
9,0,1.0,2.5032583347756456,0
8,0,1.0,2.75,0
12,0,1.0,3.084962500721156,0
9,0,1.0,3.169925001442312,0
15,0,1.0769230769230769,3.139572261986723,0
12,6,1.2222222222222223,2.792481250360578,0
13,0,1.0,3.238901256602631,0
15,0,1.0,3.5068905956085183,0
9,0,1.0,2.94770277922009,0
8,0,1.0,2.75,0
8,0,1.0,2.75,0
10,2,1.0,3.121928094887362,0
11,2,1.0,3.095795255000934,0
13,0,1.0,3.180832987205441,0
9,1,1.0,2.94770277922009,0
8,0,1.0,2.75,0
14,0,1.0833333333333333,2.9852281360342516,0
13,0,1.0,3.3927474104487847,0
15,0,1.0,3.773557262275185,0
13,0,1.0,3.3927474104487847,0
15,0,1.0,3.3735572622751855,0
9,0,1.0,3.169925001442312,0
13,0,1.0,3.0269868333592873,0
12,0,1.0,2.8553885422075336,0
11,0,1.0,2.9139770731827523,0
12,2,1.0,3.188721875540867,0
10,0,1.0,3.321928094887362,0
13,2,1.0,3.238901256602631,0
4,0,1.0,2.0,0
7,0,1.0,2.2359263506290326,0
8,0,1.0,2.5,0
15,0,1.0,3.506890595608519,0
15,0,1.0,3.106890595608518,0
13,0,1.0,3.085055102756477,0
13,0,1.0,3.3927474104487847,0
13,0,1.0,3.0850551027564768,0
14,0,1.0,2.9852281360342525,0
4,1,1.0,2.0,0
13,0,1.0,3.0850551027564768,0
13,0,1.0,3.0269868333592873,0
9,0,1.0,2.94770277922009,0
11,0,1.0,3.277613436819116,0
9,0,1.0,3.169925001442312,0
11,1,1.0,3.0957952550009344,0
12,4,1.0,3.2516291673878226,0
12,0,1.0,3.418295834054489,0
14,0,1.0,3.378783493486176,0
11,1,1.1111111111111112,2.845350936622437,0
11,0,1.25,2.4130884364257574,0
10,0,1.125,2.721928094887362,0
9,0,1.0,2.94770277922009,0
7,1,1.0,2.807354922057604,0
5,2,1.0,2.321928094887362,0
11,0,1.0,3.277613436819116,0
11,0,1.1111111111111112,2.9139770731827523,0
10,0,1.0,3.121928094887362,0
9,0,1.0,2.94770277922009,0
9,0,1.6,1.4466166676282082,0
14,0,1.0,3.2359263506290334,0
11,0,1.0,3.095795255000934,0
11,0,1.0,3.095795255000934,0
8,2,1.0,2.5,0
7,0,1.0,2.5216406363433186,0
11,0,1.0,3.095795255000934,0
8,0,1.0,2.5,0
11,0,1.4285714285714286,2.3685225277282065,0
11,0,1.0,3.277613436819116,0
11,0,1.0,3.0957952550009344,0
7,2,1.0,2.5216406363433186,0
10,0,1.2857142857142858,2.4464393446710155,0
13,0,1.0909090909090908,3.238901256602631,0
13,0,1.0,3.0269868333592873,0
12,0,1.0,3.0220552088742005,0
9,2,1.0,2.6416041678685933,0
13,4,1.0,3.0850551027564768,0
14,2,1.0,3.182005814760214,0
15,0,1.0769230769230769,3.0565647621309537,0
7,0,1.2,1.8423709931771086,0
15,0,1.0,3.506890595608518,0
9,0,1.0,2.94770277922009,0
9,0,1.0,2.94770277922009,0
11,0,1.0,2.663532754804255,0
12,0,1.1,3.084962500721156,0
10,0,1.0,2.6464393446710157,0
8,0,1.0,2.75,0
15,0,1.0769230769230769,3.506890595608518,0
10,0,1.0,2.721928094887362,0
12,0,1.1,2.8553885422075336,0
13,0,1.0,3.180832987205441,0
10,0,1.0,2.721928094887362,0
10,0,1.125,2.321928094887362,0
14,0,1.0,3.039148671903071,1
13,0,1.2,2.873140679513133,0
15,3,1.0,3.5068905956085183,0
15,0,1.0769230769230769,3.240223928941852,0
15,0,1.0,3.3232314287976203,0
9,0,1.0,2.725480556997868,0
8,1,1.0,2.75,0
13,0,1.0,3.0269868333592873,0
12,2,1.0,2.9182958340544896,0
8,0,1.0,3.0,0
9,0,1.0,2.4193819456463714,0
12,0,1.0,3.2516291673878226,0
10,1,1.125,2.9219280948873623,0
13,0,1.0909090909090908,3.180832987205441,0
13,0,1.0,3.3927474104487847,0
7,0,1.0,2.807354922057604,0
11,0,1.0,3.277613436819116,0
14,0,1.0833333333333333,3.039148671903071,0
14,0,1.0,3.1820058147602133,0
15,2,1.0769230769230769,3.0565647621309537,0
11,0,1.0,2.9139770731827523,0
11,2,1.1111111111111112,2.9139770731827523,0
15,0,1.0,3.2402239289418526,0
12,0,1.1,3.084962500721156,0
9,2,1.0,2.94770277922009,0
15,0,1.0,3.506890595608518,0
15,2,1.0,3.5068905956085183,0
11,0,1.0,2.481714572986073,0
14,0,1.1818181818181819,2.41379956460568,0
14,0,1.0,3.52164063634332,0
15,8,1.0,3.773557262275185,0
14,3,1.1818181818181819,2.950212064914748,0
13,0,1.0,3.238901256602631,1
9,0,1.1428571428571428,2.2810361125534233,0
12,0,1.0,3.2516291673878226,0
10,0,1.0,3.121928094887362,0
11,3,1.0,3.0957952550009344,0
10,0,1.0,2.9219280948873623,0
15,2,1.5555555555555556,2.4634582986483036,0
4,1,1.0,2.0,0
9,0,1.0,2.94770277922009,0
15,0,1.0,3.640223928941851,0
9,2,1.0,2.725480556997868,0
7,0,1.0,2.5216406363433186,0
14,4,1.0,3.3248629576173565,0
12,0,1.0,3.2516291673878226,0
11,0,1.1111111111111112,2.9139770731827523,0
13,0,1.0,3.085055102756477,0
11,0,1.1111111111111112,3.0957952550009344,0
11,0,1.0,2.8453509366224368,0
7,0,1.0,2.2359263506290326,0
14,0,1.0,3.3248629576173574,0
15,0,1.0,3.2402239289418517,0
7,0,1.0,2.807354922057604,0
15,0,1.0,3.640223928941851,1
7,3,1.0,2.807354922057604,0
12,4,1.0,2.9182958340544896,0
13,0,1.0,3.0269868333592873,0
14,0,1.0,3.2359263506290334,0
13,0,1.0909090909090908,2.7192945256669794,0
7,4,1.0,2.521640636343318,0
15,3,1.0,3.773557262275185,0
7,2,1.0,2.5216406363433186,0
9,0,1.0,2.94770277922009,0
15,2,1.0,3.323231428797621,0
12,0,1.0,3.2516291673878226,0
11,0,1.0,3.277613436819116,0
11,0,1.0,2.913977073182752,0
12,0,1.0,3.2516291673878226,0
10,0,1.0,2.9219280948873623,0
6,0,1.0,2.584962500721156,0
8,0,1.0,2.75,0
11,0,1.0,2.845350936622437,0
13,0,1.0909090909090908,2.411602217974672,0
7,0,1.0,2.807354922057604,0
9,0,1.0,2.94770277922009,0
11,1,1.0,3.277613436819116,0
12,0,1.0,3.2516291673878226,0
10,0,1.0,2.6464393446710153,0
14,2,1.0833333333333333,3.2359263506290334,0
12,2,1.0,2.9182958340544896,0
15,2,1.1666666666666667,3.0062389286533895,0
10,0,1.0,3.121928094887362,0
11,0,1.0,3.459431618637298,0
7,2,1.0,2.807354922057604,0
9,0,1.0,3.169925001442312,0
12,0,1.0,3.418295834054489,0
7,4,1.0,2.807354922057604,0
14,0,1.0,3.039148671903071,0
12,1,1.0,3.0220552088742,0
15,0,1.0,3.5898980954642865,0
11,0,1.0,3.0957952550009344,0
13,0,1.0,3.238901256602631,0
9,0,1.0,3.169925001442312,0
14,2,1.0833333333333333,3.039148671903071,0
9,0,1.0,2.503258334775646,0
4,1,1.0,2.0,0
15,1,1.0,3.4565647621309536,0
14,0,1.0,3.6644977792004623,0
9,0,1.0,2.113283334294875,0
11,2,1.0,3.095795255000934,0
11,0,1.0,2.8453509366224368,0
13,0,1.0,3.180832987205441,0
11,0,1.0,2.8453509366224368,0
11,0,1.1111111111111112,2.663532754804255,0
12,0,1.0,3.2516291673878226,0
12,4,1.0,3.418295834054489,0
14,2,1.0,3.6644977792004623,0
15,0,1.0769230769230769,3.323231428797621,0
13,0,1.0909090909090908,3.0269868333592873,0
12,3,1.0,3.2516291673878226,0
10,0,1.0,3.321928094887362,0
15,0,1.1666666666666667,3.006238928653389,0
8,2,1.0,3.0,0
10,1,1.0,3.321928094887362,0
12,0,1.0,3.188721875540867,0
15,0,1.0,3.5068905956085183,0
9,0,1.0,2.6416041678685933,0
11,0,1.0,3.095795255000934,0
12,6,1.1,3.251629167387823,0
15,0,1.0,3.640223928941851,0
10,2,1.0,2.9219280948873623,0
10,1,1.0,3.121928094887362,0
10,0,1.0,3.121928094887362,0
11,0,1.0,3.2776134368191165,0
15,0,1.0,3.3232314287976203,0
9,2,1.0,3.169925001442312,0
8,0,1.0,2.75,0
13,0,1.0,3.5465935642949384,0
13,0,1.0,3.3927474104487847,0
12,0,1.0,3.0220552088742,0
10,0,1.125,2.6464393446710153,0
11,0,1.0,3.095795255000934,0
10,0,1.125,2.7219280948873625,0
15,3,1.0,3.640223928941852,0
12,0,1.1,2.625814583693911,0
13,0,1.0,3.5465935642949384,0
13,4,1.0,3.3927474104487847,0
6,0,1.0,2.2516291673878226,0
15,0,1.0769230769230769,2.973557262275185,0
15,0,1.0769230769230769,3.0565647621309537,0
13,0,1.0,3.546593564294939,0
14,0,1.0,3.3248629576173565,0
14,3,1.0,3.378783493486176,0
8,0,1.1666666666666667,2.5,0
10,0,1.0,2.721928094887362,0
15,0,1.0,3.323231428797621,0
10,0,1.0,3.121928094887362,0
13,0,1.0909090909090908,3.238901256602631,0
13,8,1.0,3.392747410448785,0
15,0,1.0,3.139572261986723,0
12,0,1.0,3.188721875540867,0
13,0,1.0,3.3927474104487847,0
10,0,1.0,2.9219280948873623,0
11,0,1.0,2.9139770731827523,0
14,0,1.0833333333333333,3.039148671903072,0
7,0,1.0,2.807354922057604,0
14,0,1.0,2.8073549220576046,0
11,0,1.0,2.845350936622437,0
13,2,1.0,3.3927474104487847,0
14,1,1.0,3.378783493486176,0
12,0,1.5714285714285714,2.4182958340544896,0
12,0,1.0,3.188721875540867,0
5,0,1.0,1.9219280948873623,0
12,0,1.0,3.584962500721156,0
13,0,1.0,3.238901256602631,0
9,3,1.1428571428571428,2.6416041678685938,0
10,0,1.0,3.321928094887362,0
15,0,1.0,3.7735572622751845,0
9,0,1.1428571428571428,2.2810361125534233,0
10,0,1.0,2.7219280948873625,0
10,0,1.0,2.9219280948873623,0
7,0,1.0,2.5216406363433186,0
12,0,1.0,3.2516291673878226,0
10,1,1.0,2.9219280948873623,0
6,0,1.0,1.9182958340544893,0
11,0,1.0,2.9139770731827523,0
9,0,1.0,2.725480556997868,0
13,0,1.0,3.0850551027564768,0
9,0,1.0,2.725480556997868,0
7,0,1.2,2.2359263506290326,0
11,0,1.0,3.027169118440619,0
12,0,1.0,3.188721875540867,0
13,0,1.0909090909090908,3.085055102756477,0
11,0,1.0,3.0957952550009344,0
12,0,1.1,2.751629167387823,0
13,0,1.0,3.5465935642949384,0
14,0,1.0,3.6644977792004623,0
8,0,1.0,2.75,0
13,1,1.0,3.5465935642949384,0
15,0,1.0769230769230769,3.373557262275185,0
14,3,1.0,3.4677201004745006,0
13,0,1.0,3.238901256602631,0
12,0,1.0,3.418295834054489,0
7,0,1.0,2.807354922057604,0
15,0,1.0769230769230769,3.1395722619867223,0
11,0,1.0,3.277613436819116,0
10,0,1.0,2.9219280948873623,0
12,0,1.0,3.2516291673878226,0
14,1,1.0,3.521640636343319,0
15,0,1.0,3.5068905956085183,0
10,0,1.0,2.8464393446710154,0
11,0,1.0,3.2776134368191165,0
11,2,1.0,3.459431618637298,0
14,0,1.0,3.039148671903071,0
9,0,1.0,2.725480556997868,0
6,0,1.0,2.584962500721156,0
12,0,1.0,3.2516291673878226,0
14,0,1.0,3.182005814760214,0
13,0,1.0,3.238901256602631,0
12,0,1.0,3.084962500721156,0
14,0,1.0,3.4677201004745006,0
14,0,1.0,3.4677201004745006,0
12,0,1.0,2.9182958340544896,0
12,0,1.0,2.918295834054489,0
12,0,1.1,3.2516291673878226,0
9,0,1.0,2.94770277922009,0
13,0,1.0909090909090908,2.7773627950641693,0
9,0,1.0,2.725480556997868,0
9,0,1.0,2.94770277922009,0
10,0,1.0,2.9219280948873623,1
14,0,1.0,3.521640636343319,0
13,0,1.0,3.238901256602631,0
9,1,1.0,2.94770277922009,0
7,0,1.0,2.5216406363433186,0
9,0,1.0,2.725480556997868,0
7,0,1.0,2.807354922057604,0
12,0,1.2222222222222223,2.625814583693911,0
9,0,1.0,2.94770277922009,0
12,0,1.1,2.625814583693911,0
13,0,1.0,3.0269868333592873,0
10,0,1.0,2.321928094887362,0
12,0,1.0,3.4182958340544896,0
5,0,1.0,1.9219280948873623,0
12,0,1.0,3.2516291673878226,0
13,0,1.0,3.3927474104487847,0
13,1,1.0,3.238901256602631,0
12,0,1.0,3.0849625007211556,0
13,0,1.0,3.3927474104487847,0
9,0,1.0,3.169925001442312,0
10,0,1.125,2.446439344671015,0
11,0,1.0,3.2776134368191165,0
11,0,1.0,2.8453509366224368,0
11,3,1.0,3.277613436819116,0
14,2,1.0,3.378783493486176,0
8,0,1.0,2.5,0
14,0,1.0,3.2359263506290334,0
12,0,1.375,2.4591479170272446,0
14,0,1.0,3.2359263506290326,0
7,0,1.0,2.2359263506290326,0
12,0,1.1,2.9182958340544896,0
9,0,1.1428571428571428,2.4193819456463714,0
11,0,1.0,3.277613436819116,0
9,0,1.0,2.94770277922009,0
15,0,1.0,3.189898095464287,0
14,0,1.0,3.3248629576173574,0
15,1,1.0,3.773557262275185,0
12,0,1.1,2.9182958340544896,0
9,0,1.0,2.503258334775646,0
7,0,1.0,2.2359263506290326,0
10,0,1.0,3.121928094887362,0
13,0,1.0,3.085055102756477,0
10,0,1.0,2.9219280948873623,0
6,3,1.0,2.251629167387823,0
10,0,1.0,2.9219280948873623,0
11,0,1.0,3.0957952550009344,0
6,2,1.0,2.584962500721156,0
5,0,1.0,1.9219280948873623,0
14,0,1.0,3.378783493486176,0
15,0,1.0,3.4565647621309536,0
15,0,1.0,3.506890595608518,0
5,2,1.0,2.321928094887362,0
12,0,1.1,2.8553885422075336,0
11,0,1.0,3.095795255000934,0
13,0,1.0,3.238901256602631,0
10,0,1.0,2.446439344671015,0
13,0,1.0909090909090908,2.8731406795131336,0
10,0,1.0,2.9219280948873623,0
12,0,1.0,3.084962500721156,0
10,0,1.0,3.121928094887362,0
11,0,1.0,3.277613436819116,0
14,1,1.0,3.182005814760214,0
12,2,1.1,2.8553885422075336,0
10,0,1.0,2.9219280948873623,0
14,0,1.0,3.3248629576173574,0
12,0,1.0,2.792481250360578,0
9,1,1.0,2.725480556997868,0
4,0,1.0,1.5,0
15,2,1.0,3.773557262275185,0
6,0,1.0,1.7924812503605778,0
11,0,1.0,3.0957952550009344,0
8,0,1.0,2.75,0
11,1,1.0,3.277613436819116,0
15,0,1.0,3.373557262275185,0
11,0,1.0,2.9139770731827523,0
15,0,1.0,3.32323142879762,0
14,0,1.1818181818181819,2.950212064914747,0
11,1,1.0,3.277613436819116,0
11,0,1.0,2.9139770731827523,0
11,3,1.0,2.845350936622437,0
9,0,1.0,3.169925001442312,0
8,2,1.0,3.0,0
12,0,1.0,2.6258145836939115,0
8,0,1.0,2.5,0
14,0,1.0,3.09306920777189,0
12,0,1.0,3.418295834054489,0
11,0,1.0,3.277613436819116,0
14,1,1.0,3.378783493486176,0
13,0,1.0,3.180832987205441,0
13,0,1.0,2.931208948910323,0
8,0,1.0,3.0,0
12,0,1.1,2.8553885422075336,0
10,2,1.0,2.9219280948873623,0
11,0,1.0,3.459431618637298,0
6,0,1.0,2.251629167387823,0
9,2,1.0,2.725480556997868,0
8,3,1.0,2.75,0
9,2,1.0,2.94770277922009,0
14,0,1.0,3.3248629576173574,0
8,0,1.0,3.0,0
6,0,1.0,2.584962500721156,0
9,0,1.0,2.9477027792200903,0
15,0,1.0,3.5898980954642865,0
10,2,1.0,2.921928094887362,0
12,0,1.0,3.418295834054489,0
10,0,1.0,3.121928094887362,0
12,0,1.0,3.4182958340544896,0
10,0,1.0,2.9219280948873623,0
7,0,1.0,2.5216406363433186,0
9,3,1.0,3.169925001442312,0
11,0,1.1111111111111112,2.8453509366224368,0
12,0,1.0,3.2516291673878226,0
8,0,1.0,2.75,0
13,0,1.0,3.0269868333592873,0
10,1,1.0,3.321928094887362,0
8,0,1.0,2.75,0
14,0,1.0,3.4677201004745006,0
13,0,1.0,3.3927474104487847,0
11,2,1.1111111111111112,3.0957952550009344,0
8,0,1.0,2.75,0
10,0,1.0,2.9219280948873623,0
12,0,1.0,3.2516291673878226,0
14,0,1.0,2.8962915290459277,0
9,3,1.0,2.725480556997868,0
9,0,1.0,2.94770277922009,0
15,0,1.0769230769230769,3.1898980954642875,0
13,0,1.0909090909090908,3.3927474104487847,0
15,2,1.0,3.5068905956085183,0
12,2,1.0,3.584962500721156,0
14,0,1.0,3.3248629576173574,0
7,2,1.0,2.807354922057604,0
14,0,1.3,2.950212064914747,0
15,3,1.0,3.7735572622751845,0
13,1,1.0,3.3927474104487847,0
15,0,1.0,3.189898095464287,0
10,0,1.0,2.721928094887362,0
14,0,1.0,2.9852281360342516,0
15,2,1.0,3.506890595608518,0
11,0,1.0,3.277613436819116,0
11,0,1.0,3.095795255000934,0
15,2,1.0,3.6402239289418516,0
10,0,1.0,3.321928094887362,0
15,0,1.0,3.139572261986723,0
11,0,1.0,3.0957952550009344,0
11,0,1.0,3.277613436819116,0
13,0,1.0909090909090908,2.6612262562697895,0
8,3,1.0,2.75,0
9,0,1.0,3.169925001442312,0
10,0,1.0,3.121928094887362,0
14,0,1.0,3.182005814760214,0
13,2,1.0909090909090908,3.085055102756477,0
15,1,1.0769230769230769,3.1395722619867223,0
8,0,1.0,2.5,0
6,0,1.0,2.2516291673878226,0
11,0,1.0,3.459431618637298,0
10,0,1.0,2.8464393446710154,0
9,2,1.0,3.169925001442312,0
14,0,1.0,3.3248629576173574,0
10,0,1.0,2.6464393446710153,0
13,0,1.0,3.238901256602631,0
7,0,1.0,2.807354922057604,0
15,4,1.0,3.373557262275185,0
9,0,1.1428571428571428,2.5032583347756456,0
12,0,1.1,3.0220552088742,0
15,1,1.0,3.5898980954642865,0
11,0,1.0,3.2776134368191165,0
8,2,1.0,3.0,0
14,1,1.0,3.6644977792004623,0
12,0,1.2222222222222223,3.084962500721156,0
8,2,1.0,2.5,0
13,0,1.0,3.085055102756477,0
14,3,1.0,3.6644977792004623,0
15,0,1.0,3.0565647621309537,0
11,0,1.0,3.095795255000934,0
10,0,1.0,2.9219280948873623,0
12,0,1.0,2.8553885422075336,0
13,0,1.0,3.3927474104487847,0
8,0,1.0,2.75,0
9,0,1.0,3.169925001442312,0
10,0,1.0,2.9219280948873623,0
15,0,1.0,3.589898095464287,0
9,0,1.0,2.94770277922009,0
8,1,1.0,3.0,0
9,0,1.0,2.94770277922009,0
9,3,1.0,3.169925001442312,0
14,1,1.0,3.521640636343319,0
12,0,1.0,3.0220552088742,0
15,1,1.0769230769230769,3.1395722619867223,0
8,2,1.0,2.5,0
9,0,1.0,2.725480556997868,0
10,0,1.0,2.8464393446710154,0
11,0,1.1111111111111112,2.2221915755066783,0
6,0,1.0,2.584962500721156,0
10,0,1.0,2.3219280948873626,0
12,0,1.0,3.2516291673878226,0
13,0,1.0,3.0269868333592873,0
12,8,1.0,3.188721875540867,0
12,0,1.0,3.0220552088742,0
13,0,1.0909090909090908,3.180832987205441,0
14,0,1.4444444444444444,3.09306920777189,0
6,1,1.0,2.2516291673878226,0
4,0,1.0,2.0,0
9,0,1.0,3.169925001442312,0
9,0,1.0,2.725480556997868,0
8,0,1.0,2.75,0
6,0,1.0,2.2516291673878226,0
13,0,1.0,3.0269868333592873,0
11,8,1.0,3.095795255000934,0
15,0,1.0,3.6402239289418516,0
12,0,1.1,3.084962500721156,0
15,8,1.0,3.640223928941852,0
10,0,1.0,2.9219280948873623,0
10,2,1.0,3.121928094887362,0
14,0,1.0,3.3787834934861767,0
11,0,1.1111111111111112,2.9139770731827523,0
12,0,1.0,2.918295834054489,0
14,0,1.0833333333333333,3.182005814760214,0
9,0,1.0,3.169925001442312,0
9,2,1.0,3.169925001442312,0
7,0,1.0,2.5216406363433186,0
8,0,1.0,3.0,0
13,0,1.0909090909090908,3.180832987205441,0
9,0,1.0,2.725480556997868,0
10,0,1.0,2.9219280948873623,0
14,0,1.0833333333333333,3.039148671903071,0
9,2,1.0,2.94770277922009,0
12,0,1.0,3.584962500721156,0
11,0,1.0,3.2776134368191165,0
12,0,1.1,2.918295834054489,0
12,0,1.0,2.8553885422075336,0
10,0,1.0,3.321928094887362,0
4,0,1.0,2.0,0
12,0,1.0,3.418295834054489,0
10,1,1.0,2.9219280948873623,0
8,0,1.0,2.75,0
9,0,1.0,2.725480556997868,0
15,0,1.0769230769230769,3.1068905956085184,0
15,0,1.0,3.7735572622751845,0
12,0,1.0,3.084962500721156,0
13,2,1.0,3.238901256602631,0
11,0,1.0,3.277613436819116,0
15,0,1.0,3.506890595608518,0
10,0,1.125,2.5219280948873624,0
6,0,1.0,2.584962500721156,0
13,0,1.0,3.180832987205441,0
7,0,1.0,2.521640636343318,0
14,0,1.0,3.182005814760214,0
15,2,1.0,3.456564762130954,0
11,4,1.0,3.459431618637298,0
6,0,1.0,2.584962500721156,0
10,0,1.0,2.7219280948873625,0
14,0,1.0,3.182005814760214,0
10,0,1.0,2.6464393446710153,0
12,0,1.0,3.188721875540867,0
10,0,1.0,2.8464393446710154,0
10,0,1.0,2.721928094887362,0
11,0,1.0,3.0957952550009344,0
10,0,1.0,2.9219280948873623,0
10,0,1.0,3.121928094887362,0
8,1,1.0,2.75,0
15,1,1.0,3.506890595608518,0
13,0,1.0,2.873140679513133,0
10,0,1.0,2.5219280948873624,0
15,1,1.0,3.506890595608518,0
7,0,1.0,2.5216406363433186,0
7,1,1.0,2.807354922057604,0
9,0,1.3333333333333333,2.197159723424149,0
10,0,1.0,2.9219280948873623,0
9,4,1.3333333333333333,2.058813890331201,1
12,0,1.0,3.4182958340544896,0
12,0,1.0,3.0220552088742,0
9,0,1.0,2.4193819456463714,0
7,0,1.0,2.235926350629032,0
9,0,1.0,2.725480556997868,0
11,0,1.0,3.459431618637298,0
9,0,1.0,2.94770277922009,0
15,4,1.0,3.773557262275185,0
12,0,1.0,3.418295834054489,0
8,0,1.0,3.0,0
15,2,1.0,3.373557262275185,0
14,0,1.0,3.2359263506290334,0
11,0,1.0,2.9139770731827523,0
8,2,1.0,3.0,0
13,0,1.0,3.334679141051595,0
10,3,1.0,3.321928094887362,0
7,0,1.2,1.8423709931771088,0
7,0,1.0,2.5216406363433186,0
13,0,1.0,3.0850551027564768,0
7,0,1.0,2.5216406363433186,0
8,0,1.0,2.75,0
12,0,1.0,3.2516291673878226,0
11,0,1.0,3.095795255000934,0
9,2,1.0,2.725480556997868,0
12,0,1.375,2.9182958340544896,0
6,0,1.0,2.251629167387823,0
7,0,1.0,2.807354922057604,0
10,1,1.0,3.121928094887362,0
11,2,1.0,3.2776134368191165,0
8,0,1.0,2.75,0
11,0,1.0,2.913977073182752,0
14,0,1.0,3.521640636343319,0
14,0,1.0,3.3787834934861767,0
9,0,1.1428571428571428,2.725480556997868,0
14,0,1.0,3.3787834934861767,0
14,0,1.0,3.6644977792004623,0
11,0,1.0,3.0957952550009344,0
11,0,1.0,3.277613436819116,0
8,2,1.0,2.75,0
9,0,1.0,2.94770277922009,0
14,0,1.0,3.3248629576173574,0
11,0,1.0,3.0957952550009344,0
13,0,1.0909090909090908,3.180832987205441,0
12,0,1.1,2.8553885422075336,0
8,0,1.0,2.75,0
14,0,1.0,3.3787834934861767,0
12,0,1.0,3.188721875540867,0
12,0,1.0,2.584962500721156,0
9,0,1.0,2.725480556997868,0
9,0,1.1428571428571428,2.4193819456463714,0
8,0,1.0,2.5,0
13,0,1.0,3.238901256602631,0
9,0,1.0,2.94770277922009,0
12,0,1.0,3.084962500721156,0
15,0,1.0,3.506890595608519,0
15,0,1.0,3.32323142879762,0
7,0,1.0,2.2359263506290326,0
8,1,1.0,3.0,0
10,0,1.125,2.721928094887362,0
12,0,1.1,3.0220552088742,0
14,0,1.0,3.128085278891395,0
12,0,1.0,2.8553885422075336,0
14,0,1.0,3.4677201004745006,0
8,0,1.0,2.75,0
15,5,1.0769230769230769,3.5068905956085183,0
14,0,1.0,3.6644977792004623,0
8,0,1.0,2.75,0
14,0,1.0,3.3248629576173574,0
12,4,1.0,3.418295834054489,0
10,2,1.0,3.321928094887362,0
11,0,1.1111111111111112,2.9139770731827523,0
11,0,1.0,3.277613436819116,0
14,0,1.0,3.182005814760214,0
9,0,1.0,2.94770277922009,0
8,0,1.0,3.0,0
6,2,1.0,2.2516291673878226,0
14,0,1.0833333333333333,3.3248629576173574,0
12,0,1.1,2.751629167387823,0
11,3,1.0,3.277613436819116,0
12,3,1.1,2.918295834054489,0
7,0,1.0,2.521640636343318,0
11,0,1.4285714285714286,2.222191575506678,0
11,1,1.4285714285714286,2.413088436425758,0
9,0,1.0,2.6416041678685933,0
14,0,1.0,3.2359263506290326,0
12,0,1.0,3.418295834054489,0
10,0,1.125,2.9219280948873623,0
10,0,1.0,2.9219280948873623,0
11,0,1.0,3.2776134368191165,0
15,0,1.0,3.7735572622751845,0
10,0,1.0,3.121928094887362,0
10,0,1.0,2.9219280948873623,0
15,0,1.0,3.373557262275186,0
14,0,1.0,3.521640636343319,0
12,1,1.1,3.0220552088742,0
10,3,1.0,3.121928094887362,0
11,3,1.0,2.8453509366224368,0
14,0,1.0,3.182005814760214,0
8,0,1.0,2.5,0
11,0,1.0,3.027169118440619,0
8,0,1.0,3.0,0
5,0,1.0,1.9219280948873623,0
5,0,1.0,2.321928094887362,0
7,2,1.0,2.1280852788913944,0
9,0,1.0,2.725480556997868,0
11,2,1.0,3.459431618637298,0
8,2,1.0,3.0,0
9,0,1.0,3.169925001442312,0
10,0,1.0,3.121928094887362,0
11,2,1.0,3.277613436819116,0
12,0,1.0,3.188721875540867,0
11,0,1.1111111111111112,2.913977073182752,0
10,0,1.0,3.121928094887362,0
14,0,1.0833333333333333,3.378783493486176,0
12,2,1.0,3.4182958340544896,0
13,0,1.2,2.7192945256669794,0
12,0,1.0,3.188721875540867,0
15,0,1.0,3.5068905956085183,0
10,0,1.0,3.121928094887362,0
12,1,1.0,3.251629167387823,0
10,2,1.0,3.121928094887362,0
7,1,1.0,2.807354922057604,0
8,0,1.0,3.0,0
10,0,1.2857142857142858,2.5219280948873624,0
7,0,1.0,2.807354922057604,0
5,0,1.0,1.9219280948873623,0
13,4,1.0,3.546593564294939,0
12,0,1.0,3.0220552088742,0
8,0,1.0,2.75,0
13,2,1.0,3.5465935642949384,0
15,0,1.0769230769230769,3.1395722619867223,0
10,0,1.0,2.9219280948873623,0
11,0,1.0,3.0957952550009344,0
12,0,1.0,3.2516291673878226,0
11,0,1.0,3.095795255000934,0
6,0,1.0,2.584962500721156,0
8,0,1.0,2.75,0
12,1,1.1,2.8553885422075336,0
11,0,1.0,2.9139770731827523,0
10,0,1.0,3.121928094887362,0
12,0,1.0,3.2516291673878226,0
12,0,1.0,3.0849625007211556,0
12,0,1.0,3.2516291673878226,0
15,0,1.0,3.323231428797621,0
8,0,1.0,2.75,0
14,0,1.0,3.182005814760214,0
8,0,1.0,2.5,0
8,0,1.0,2.75,0
12,0,1.0,3.0220552088742,0
11,0,1.0,3.095795255000934,0
9,0,1.0,2.94770277922009,0
15,3,1.0,3.906890595608518,0
12,0,1.0,3.084962500721156,0
12,0,1.1,3.0849625007211556,0
9,0,1.1428571428571428,2.4193819456463714,0
12,0,1.0,3.0220552088742,0
12,0,1.0,3.2516291673878226,0
13,0,1.0,2.9689185639620974,0
11,0,1.0,3.2776134368191165,0
12,0,1.0,3.251629167387823,0
14,6,1.0,3.8073549220576055,0
11,0,1.0,2.7321588913645707,0
11,0,1.0,2.8453509366224368,0
15,0,1.0,3.4565647621309536,0
12,0,1.1,3.0220552088742005,0
9,0,1.0,3.169925001442312,0
7,0,1.0,2.807354922057604,0
13,0,1.0,3.180832987205441,0
15,1,1.0,3.006238928653389,0
12,0,1.0,3.188721875540867,0
12,0,1.0,3.4182958340544896,0
10,0,1.0,3.121928094887362,0
6,0,1.0,2.2516291673878226,0
14,0,1.0,3.3248629576173565,0
12,0,1.0,3.188721875540867,0
12,0,1.0,3.418295834054489,0
15,1,1.0769230769230769,3.506890595608518,0
7,0,1.0,2.5216406363433186,0
15,0,1.0,3.189898095464287,0
6,0,1.0,1.9182958340544893,0
10,0,1.0,3.321928094887362,0
9,0,1.0,2.94770277922009,0
12,4,1.0,3.4182958340544896,0
12,0,1.0,3.2516291673878226,0
10,2,1.0,2.9219280948873623,0
13,0,1.0909090909090908,2.931208948910323,0
14,0,1.0,3.521640636343319,0
12,0,1.0,3.418295834054489,0
12,0,1.0,3.2516291673878226,0
11,0,1.0,3.027169118440619,0
9,0,1.0,2.94770277922009,0
12,0,1.0,3.188721875540867,0
12,4,1.0,3.084962500721156,0
11,0,1.0,2.8453509366224368,0
6,1,1.0,2.584962500721156,0
11,0,1.0,3.095795255000934,0
10,0,1.0,2.521928094887362,0
10,0,1.0,2.9219280948873623,0
7,1,1.0,2.807354922057604,0
10,0,1.0,2.6464393446710157,0
8,0,1.0,2.75,0
11,1,1.0,3.0957952550009344,0
9,0,1.0,2.6416041678685933,0
14,1,1.0,3.2359263506290334,0
15,0,1.0,3.373557262275185,0
13,0,1.0909090909090908,2.7773627950641693,0
12,0,1.0,2.792481250360578,0
12,0,1.0,2.9182958340544896,0
9,0,1.0,3.169925001442312,0
14,0,1.0,3.3787834934861767,0
11,0,1.0,3.277613436819116,1
13,0,1.0,3.085055102756477,0
13,0,1.0,3.3927474104487847,0
12,0,1.1,3.084962500721156,0
15,0,1.0,3.2402239289418513,0
9,0,1.0,3.169925001442312,0
11,0,1.0,3.0957952550009344,0
12,0,1.0,3.0849625007211556,0
7,1,1.0,2.5216406363433186,0
10,0,1.0,2.8464393446710154,0
11,0,1.0,3.2776134368191165,0
13,4,1.0,3.085055102756477,0
9,0,1.0,2.94770277922009,0
9,0,1.0,2.94770277922009,0
13,0,1.0909090909090908,3.0269868333592873,0
11,0,1.0,3.459431618637298,0
14,0,1.0,3.521640636343319,0
11,2,1.0,3.277613436819116,0
15,2,1.0769230769230769,3.506890595608518,0
10,2,1.0,2.8464393446710154,0
13,0,1.0,3.238901256602631,0
10,0,1.0,3.121928094887362,0
12,0,1.0,3.2516291673878226,0
15,0,1.0,3.5068905956085183,0
8,0,1.0,2.75,0
10,4,1.0,3.121928094887362,0
9,0,1.0,2.94770277922009,0
11,0,1.0,3.2776134368191165,0
11,1,1.0,3.459431618637298,0
13,0,1.0,3.0850551027564768,0
14,0,1.0,2.8962915290459277,0
12,0,1.0,3.2516291673878226,0
11,1,1.0,3.0957952550009344,0
10,5,1.0,3.121928094887362,0
11,0,1.0,3.095795255000934,0
15,3,1.0769230769230769,3.1898980954642875,0
8,0,1.0,2.75,0
8,1,1.0,2.5,0
10,0,1.0,3.121928094887362,0
12,0,1.0,3.084962500721156,0
15,0,1.0,3.906890595608518,0
11,0,1.0,3.277613436819116,0
10,0,1.0,3.121928094887362,0
8,5,1.0,2.75,0
10,0,1.125,2.446439344671015,0
12,0,1.1,3.084962500721156,0
12,2,1.0,3.4182958340544896,0
14,0,1.0,3.3787834934861767,0
15,0,1.0769230769230769,2.8225797618424915,0
13,0,1.0,3.5465935642949384,0
14,0,1.0833333333333333,3.3248629576173574,0
13,0,1.0,3.238901256602631,0
15,0,1.0,3.640223928941851,0
8,0,1.0,2.4056390622295662,0
13,0,1.0,3.3927474104487847,0
15,1,1.0,3.373557262275185,0
12,0,1.0,2.9182958340544896,0
11,0,1.1111111111111112,3.095795255000934,0
13,1,1.0,3.238901256602631,0
8,2,1.0,2.75,0
9,0,1.0,3.169925001442312,0
10,0,1.0,2.6464393446710157,0
9,0,1.0,2.94770277922009,0
10,0,1.0,2.9219280948873623,0
11,0,1.0,3.277613436819116,0
11,0,1.0,2.9139770731827523,0
14,2,1.0,3.6644977792004623,0
11,0,1.0,3.459431618637298,0
11,0,1.25,2.663532754804255,0
9,0,1.0,2.725480556997868,0
9,0,1.0,2.94770277922009,0
11,0,1.0,3.095795255000934,0
7,0,1.0,2.807354922057604,0
14,0,1.0,3.182005814760214,0
11,0,1.0,2.8453509366224368,0
12,0,1.0,3.2516291673878226,0
13,1,1.0,3.238901256602631,0
11,2,1.0,3.459431618637298,0
15,0,1.0,3.3232314287976203,0
15,3,1.0,3.773557262275185,0
13,0,1.0,3.238901256602631,0
12,0,1.1,3.0849625007211556,0
13,0,1.0,3.180832987205441,0
14,0,1.0,2.950212064914747,0
15,0,1.0,3.0062389286533895,0
13,0,1.0,3.180832987205441,0
7,0,1.0,2.5216406363433186,0
8,0,1.0,2.75,0
10,1,1.0,3.121928094887362,0
4,0,1.0,1.5,0
6,0,1.0,2.584962500721156,0
15,2,1.0,3.640223928941851,0
8,0,1.0,3.0,0
13,0,1.0,3.180832987205441,0
6,0,1.0,1.9182958340544893,0
15,0,1.0,3.1898980954642866,0
13,0,1.0,3.3927474104487847,0
11,0,1.0,3.277613436819116,0
6,0,1.25,1.4591479170272448,0
3,0,1.0,1.584962500721156,0
11,0,1.0,2.9139770731827523,0
10,0,1.0,3.121928094887362,0
15,0,1.0,3.506890595608518,0
15,0,1.0,3.1395722619867223,0
12,0,1.1,3.188721875540867,0
13,0,1.0909090909090908,3.0269868333592873,0
14,0,1.0,3.378783493486176,0
8,0,1.0,3.0,0
14,0,1.0,3.039148671903071,0
11,0,1.0,3.095795255000934,0
6,3,1.0,2.584962500721156,0
13,0,1.0,3.085055102756477,0
15,4,1.0,3.773557262275185,0
15,0,1.0,3.1395722619867223,0
10,0,1.125,2.9219280948873627,0
6,0,1.0,2.584962500721156,0
9,0,1.0,2.725480556997868,0
11,0,1.0,2.913977073182752,0
14,14,1.3,2.378783493486175,0
12,0,1.0,3.2516291673878226,0
11,0,1.0,2.9139770731827523,0
9,0,1.0,2.94770277922009,0
12,1,1.1,3.0849625007211556,0
8,0,1.0,2.5,0
14,1,1.0,3.521640636343319,0
12,0,1.0,3.4182958340544896,0
15,0,1.0,3.640223928941852,0
11,0,1.0,3.027169118440619,0
12,2,1.0,3.418295834054489,0
9,0,1.0,2.94770277922009,0
15,0,1.0769230769230769,3.5068905956085183,0
7,2,1.0,2.807354922057604,0
9,0,1.0,2.725480556997868,0
10,0,1.0,3.1219280948873624,0
14,4,1.0,3.521640636343319,0
10,1,1.2857142857142858,2.0464393446710156,0
10,0,1.0,3.321928094887362,0
12,4,1.0,3.418295834054489,0
12,2,1.0,3.418295834054489,0
15,0,1.0,3.1898980954642875,0
8,0,1.0,3.0,0
7,0,1.0,2.807354922057604,0
10,0,1.0,3.121928094887362,0
13,0,1.0,3.180832987205441,0
14,0,1.0,3.6644977792004623,0
10,0,1.125,2.446439344671015,0
12,0,1.0,3.084962500721156,0
15,1,1.0,3.323231428797621,0
10,0,1.0,2.9219280948873623,0
12,0,1.0,3.584962500721156,0
11,0,1.0,2.913977073182752,0
7,0,1.0,2.807354922057604,0
13,4,1.0,3.238901256602631,0
13,4,1.0,3.334679141051595,0
7,0,1.0,2.807354922057604,0
7,0,1.0,2.2359263506290326,0
11,0,1.0,3.0957952550009344,0
7,0,1.0,2.2359263506290326,0
5,0,1.0,2.321928094887362,0
9,0,1.0,3.169925001442312,0
13,0,1.0,3.5465935642949384,0
11,0,1.0,2.8453509366224368,0
10,1,1.0,3.321928094887362,0
14,0,1.0,3.3248629576173574,0
9,2,1.0,2.94770277922009,0
11,0,1.0,3.277613436819116,0
14,0,1.0,3.521640636343319,0
13,0,1.0,3.3927474104487847,0
9,0,1.0,2.9477027792200903,0
11,0,1.0,2.9139770731827523,0
13,0,1.0,2.931208948910323,0
9,3,1.0,2.94770277922009,0
10,4,1.0,2.9219280948873623,0
8,0,1.0,3.0,0
9,0,1.0,3.169925001442312,0
14,2,1.0833333333333333,3.09306920777189,0
10,0,1.0,3.121928094887362,0
14,0,1.0,2.950212064914748,0
10,2,1.0,3.321928094887362,0
15,0,1.0,3.6402239289418516,0
12,0,1.1,2.751629167387823,0
8,0,1.0,2.75,0
9,0,1.0,2.725480556997868,0
8,0,1.0,2.75,0
9,0,1.0,2.725480556997868,0
15,0,1.0,3.1898980954642866,0
8,0,1.0,2.75,0
11,0,1.0,3.2776134368191165,0
12,0,1.0,3.418295834054489,0
12,12,1.375,2.188721875540867,0
9,3,1.0,3.169925001442312,0
13,0,1.0,3.238901256602631,0
14,0,1.0,3.521640636343319,0
11,0,1.0,3.095795255000934,0
12,0,1.0,3.2516291673878226,0
10,0,1.0,3.121928094887362,0
15,2,1.0,3.373557262275185,0
15,4,1.0,3.4565647621309536,0
15,0,1.0,3.373557262275185,0
11,0,1.0,3.277613436819116,0
10,0,1.0,3.121928094887362,0
15,0,1.0,3.1068905956085184,0
11,0,1.0,3.2776134368191165,0
9,0,1.0,2.725480556997868,0
9,0,1.0,3.169925001442312,0
10,4,1.0,3.1219280948873624,0
10,0,1.0,2.6464393446710157,0
9,0,1.0,2.94770277922009,0
12,0,1.0,3.418295834054489,0
13,0,1.0,3.0850551027564768,0
13,1,1.0,3.3927474104487847,0
13,4,1.0,3.238901256602631,0
12,0,1.0,3.418295834054489,0
9,0,1.0,2.725480556997868,0
7,0,1.0,2.2359263506290326,0
14,1,1.0,3.521640636343319,0
9,0,1.0,2.725480556997868,0
9,9,1.0,2.725480556997868,0
15,0,1.0,3.1898980954642875,0
8,0,1.0,2.5,0
8,0,1.0,3.0,0
7,0,1.0,2.807354922057604,0
15,0,1.0,3.32323142879762,0
10,0,1.0,3.1219280948873624,0
10,1,1.0,3.121928094887362,0
4,0,1.0,2.0,0
9,0,1.0,2.94770277922009,0
12,0,1.0,3.584962500721156,0
7,0,1.0,2.521640636343318,0
11,3,1.0,3.459431618637298,0
14,0,1.0833333333333333,2.9852281360342516,0
8,0,1.0,2.75,0
13,0,1.0,3.238901256602631,0
9,0,1.0,2.725480556997868,0
14,0,1.0,3.521640636343319,0
10,0,1.0,2.9219280948873623,0
13,0,1.0,3.546593564294939,0
14,0,1.0833333333333333,3.3248629576173574,0
11,0,1.0,3.459431618637298,0
11,0,1.0,2.9139770731827523,0
7,1,1.0,2.521640636343318,0
11,0,1.1111111111111112,2.481714572986073,0
13,0,1.0,2.931208948910323,1
13,0,1.0,3.5465935642949384,0
14,2,1.0,3.6644977792004623,0
7,0,1.0,2.5216406363433186,0
10,0,1.0,3.121928094887362,0
11,0,1.0,3.0957952550009344,0
15,0,1.0769230769230769,3.323231428797621,0
7,3,1.0,2.807354922057604,0
13,0,1.0909090909090908,2.8731406795131336,0
8,0,1.0,2.75,0
13,0,1.0,3.0269868333592873,0
7,0,1.0,2.2359263506290326,0
14,0,1.0833333333333333,2.7534343861887853,0
15,3,1.0,3.5068905956085183,0
11,0,1.1111111111111112,3.0957952550009344,0
12,0,1.0,3.2516291673878226,0
10,0,1.0,2.9219280948873623,0
12,0,1.1,2.688721875540867,0
11,3,1.4285714285714286,2.368522527728207,0
12,0,1.0,3.084962500721156,0
6,0,1.0,2.584962500721156,0
14,0,1.0,3.2359263506290334,0
11,10,1.0,2.845350936622437,0
13,0,1.0,3.5465935642949384,0
5,0,1.0,2.321928094887362,0
15,0,1.0769230769230769,3.323231428797621,0
15,1,1.0,3.773557262275185,0
11,0,1.0,2.663532754804255,0
7,0,1.0,2.521640636343318,0
11,0,1.0,3.095795255000934,0
14,0,1.0,3.182005814760214,0
13,0,1.0909090909090908,3.238901256602631,0
10,0,1.0,3.321928094887362,0
13,0,1.0,3.5465935642949384,0
13,0,1.0,3.0850551027564768,0
9,0,1.0,2.94770277922009,0
15,0,1.0,3.323231428797621,0
15,0,1.0769230769230769,3.5068905956085183,0
10,0,1.0,2.9219280948873623,0
12,0,1.0,3.084962500721156,0
12,3,1.0,2.8553885422075336,0
15,1,1.0,3.373557262275185,0
11,0,1.0,2.9139770731827523,0
9,1,1.0,2.725480556997868,0
9,3,1.0,2.725480556997868,0
14,3,1.0,3.521640636343319,0
6,0,1.0,2.584962500721156,0
10,0,1.0,3.321928094887362,0
15,5,1.0,3.640223928941851,0
14,0,1.1818181818181819,2.8962915290459277,0
11,0,1.1111111111111112,2.59490661824394,0
10,0,1.0,2.9219280948873623,0
12,0,1.0,2.792481250360578,0
9,0,1.0,2.94770277922009,0
13,0,1.0909090909090908,2.5654483718208256,0
13,4,1.0,3.238901256602631,0
8,1,1.0,3.0,0
15,0,1.1666666666666667,3.189898095464287,0
11,3,1.0,3.277613436819116,0
9,0,1.0,2.9477027792200903,0
14,0,1.0,3.4677201004745006,0
13,0,1.0,2.9689185639620974,0
13,0,1.0,3.238901256602631,0
12,0,1.0,3.418295834054489,0
10,0,1.0,3.121928094887362,0
8,1,1.0,2.75,0
7,2,1.0,2.5216406363433186,0
12,0,1.0,3.188721875540867,0
13,0,1.0,2.8731406795131336,0
13,0,1.0909090909090908,3.238901256602631,0
9,0,1.0,2.725480556997868,0
12,2,1.0,3.418295834054489,0
8,0,1.0,2.75,0
9,0,1.0,2.94770277922009,0
11,0,1.0,3.277613436819116,0
8,0,1.0,2.75,0
10,0,1.0,2.9219280948873623,0
13,0,1.0,3.0850551027564768,0
9,0,1.0,2.725480556997868,0
12,0,1.0,2.9182958340544896,0
10,0,1.0,3.121928094887362,0
8,0,1.0,3.0,0
15,0,1.0769230769230769,3.189898095464287,0
10,1,1.0,2.846439344671015,0
11,3,1.0,3.0957952550009344,0
11,0,1.0,2.9139770731827523,0
9,0,1.0,2.725480556997868,0
11,0,1.0,2.663532754804255,0
12,2,1.1,3.2516291673878226,0
10,0,1.0,3.121928094887362,0
14,0,1.0,3.2359263506290334,0
15,0,1.1666666666666667,2.973557262275185,0
10,1,1.0,3.121928094887362,0
15,0,1.0769230769230769,3.1068905956085184,0
9,0,1.0,2.725480556997868,0
15,0,1.0,3.5068905956085183,0
14,0,1.0,3.128085278891395,0
12,0,1.0,3.2516291673878226,0
7,0,1.0,2.807354922057604,0
9,0,1.0,2.94770277922009,0
9,0,1.0,2.9477027792200903,0
8,0,1.0,2.75,0
14,0,1.0,3.3248629576173574,0
12,0,1.0,3.188721875540867,0
12,0,1.0,3.188721875540867,0
7,0,1.0,2.235926350629032,0
11,0,1.0,3.2776134368191165,0
11,0,1.0,2.845350936622437,0
8,0,1.0,2.5,0
10,0,1.0,3.121928094887362,0
9,2,1.0,2.94770277922009,0
9,0,1.0,3.169925001442312,0
7,0,1.0,2.1280852788913944,0
15,0,1.0,3.2402239289418517,0
15,0,1.0,3.373557262275185,0
10,2,1.2857142857142858,2.3219280948873626,0
12,0,1.0,2.9182958340544896,0
11,0,1.0,2.845350936622437,0
15,0,1.0,2.9232314287976204,0
14,0,1.0,3.182005814760214,0
9,0,1.0,2.94770277922009,0
15,0,1.0,3.640223928941851,0
12,0,1.0,2.792481250360578,0
11,0,1.0,3.027169118440619,0
14,0,1.3,3.2359263506290334,0
14,0,1.0,3.378783493486176,0
13,0,1.0,3.7004397181410926,0
14,1,1.0,3.521640636343319,0
15,1,1.0,3.640223928941851,0
15,1,1.0,3.640223928941851,0
10,2,1.0,3.1219280948873624,1
11,0,1.0,2.845350936622437,0
7,2,1.0,2.521640636343318,0
9,0,1.1428571428571428,2.6416041678685933,0
10,0,1.0,3.121928094887362,0
15,0,1.0769230769230769,3.373557262275185,0
10,1,1.0,2.9219280948873623,0
12,0,1.0,3.0220552088742,0
11,1,1.6666666666666667,2.5503407095463886,0
9,3,1.0,3.169925001442312,0
6,0,1.0,2.584962500721156,0
13,0,1.0,3.085055102756477,0
11,2,1.0,3.0957952550009344,0
14,1,1.0,3.3248629576173574,0
9,0,1.0,2.94770277922009,0
9,0,1.0,2.4193819456463714,0
9,0,1.0,2.725480556997868,0
15,0,1.0,3.240223928941852,0
11,0,1.0,3.459431618637298,0
11,0,1.0,3.277613436819116,0
12,0,1.0,3.2516291673878226,0
15,0,1.0,3.5068905956085183,1
14,0,1.0,3.182005814760214,0
11,0,1.0,3.0957952550009344,0
14,0,1.1818181818181819,2.610577243331642,0
6,1,1.0,2.2516291673878226,0
13,0,1.0909090909090908,2.873140679513133,1
15,0,1.0769230769230769,3.506890595608518,0
12,0,1.0,3.2516291673878226,0
12,3,1.0,3.418295834054489,0
5,0,1.0,2.321928094887362,0
14,0,1.0,3.2359263506290334,0
14,0,1.0,3.378783493486176,0
10,2,1.0,3.1219280948873624,0
14,0,1.0,3.378783493486176,0
7,1,1.0,2.807354922057604,0
14,0,1.0,3.039148671903071,0
13,0,1.0,3.238901256602631,0
15,0,1.0,3.4565647621309536,0
8,0,1.0,3.0,0
12,0,1.0,3.188721875540867,0
15,0,1.0,3.906890595608518,0
12,0,1.1,2.918295834054489,0
9,1,1.0,2.6416041678685933,0
13,0,1.0,3.3927474104487847,0
8,0,1.0,2.5,0
12,0,1.1,3.084962500721156,0
11,0,1.0,2.845350936622437,0
11,0,1.0,3.095795255000934,0
14,0,1.0,3.09306920777189,0
11,0,1.0,2.9139770731827523,1
15,0,1.1666666666666667,3.006238928653389,0
10,0,1.0,3.121928094887362,0
12,0,1.0,3.4182958340544896,0
13,0,1.0,3.0850551027564768,0
14,4,1.0,3.3787834934861767,0
11,0,1.0,2.9139770731827523,0
9,0,1.0,3.169925001442312,0
13,0,1.0,2.9312089489103235,0
14,0,1.0,3.039148671903071,0
8,0,1.0,2.75,0
9,0,1.0,2.94770277922009,0
14,0,1.0,2.8423709931771093,0
10,0,1.0,3.121928094887362,0
10,0,1.0,2.721928094887362,0
11,0,1.0,3.0957952550009344,0
12,0,1.0,3.084962500721156,0
11,0,1.0,2.8453509366224368,0
12,0,1.0,3.2516291673878226,0
14,2,1.0,3.521640636343319,0
13,0,1.0,3.3927474104487847,0
8,0,1.0,2.75,0
10,0,1.0,3.321928094887362,0
9,4,1.0,2.4193819456463714,0
11,0,1.0,3.095795255000934,0
13,0,1.0,3.238901256602631,0
12,0,1.0,2.792481250360578,0
10,0,1.0,2.9219280948873623,0
13,0,1.0,3.546593564294939,0
11,0,1.0,3.095795255000934,0
11,0,1.0,3.277613436819116,0
9,0,1.0,3.169925001442312,0
11,0,1.0,3.027169118440619,0
10,0,1.0,3.121928094887362,0
15,0,1.0,3.5068905956085183,0
14,0,1.0,3.3787834934861767,0
15,0,1.0,3.4565647621309536,0
13,0,1.0,3.5465935642949384,0
7,0,1.0,2.807354922057604,0
8,2,1.0,2.75,0
11,0,1.0,3.277613436819116,0
11,0,1.0,3.277613436819116,0
15,0,1.0769230769230769,3.323231428797621,0
11,0,1.0,2.8453509366224368,0
5,2,1.0,2.321928094887362,0
10,0,1.0,2.7219280948873625,0
13,0,1.2,2.6612262562697895,0
14,0,1.0,3.182005814760214,0
12,0,1.0,3.2516291673878226,0
11,0,1.0,3.277613436819116,0
15,8,1.0,3.506890595608519,0
10,0,1.0,3.121928094887362,0
11,0,1.0,3.277613436819116,0
11,1,1.0,3.027169118440619,0
8,0,1.0,3.0,0
15,0,1.0,3.5068905956085183,0
10,0,1.0,2.9219280948873623,0
14,1,1.0,3.521640636343319,0
12,0,1.0,3.2516291673878226,0
10,0,1.0,2.8464393446710154,0
12,1,1.0,3.2516291673878226,0
14,2,1.0,3.3787834934861767,0
8,0,1.0,2.75,0
11,0,1.0,3.0957952550009344,0
6,0,1.0,2.584962500721156,0
9,0,1.0,2.6416041678685933,0
9,2,1.0,2.725480556997868,0
10,0,1.0,3.121928094887362,0
11,0,1.0,3.2776134368191165,0
11,0,1.0,3.277613436819116,0
